arm,seed,eps,n,m,method,stepsize,slope,final_gap,L_emp,L_cert,eta,inner_iters_mean
main,0,0.002,60,2,SGA,emp,-0.9981595279986195,1.262488641615156e-07,0.01635627000608186,398.9368745574166,61.13863366330853,
main,0,0.002,60,2,ASGA,emp,-2.0459598077532903,1.997518081497951e-09,0.01635627000608186,398.9368745574166,61.13863366330853,
main,0,0.002,60,2,SGA,cert,-0.013474030576222817,0.018747402166597794,0.01635627000608186,398.9368745574166,0.0025066622410109545,
main,0,0.002,60,2,ASGA,cert,-0.6147387308258835,0.004652778715277993,0.01635627000608186,398.9368745574166,0.0025066622410109545,
main,1,0.002,60,2,SGA,emp,-0.9602771156468581,1.1263420680862612e-07,0.01603223863973605,362.41407718251116,62.37432104593871,
main,1,0.002,60,2,ASGA,emp,-1.9694714577653307,2.162870986477383e-09,0.01603223863973605,362.41407718251116,62.37432104593871,
main,1,0.002,60,2,SGA,cert,-0.014993034028068902,0.022616995689913894,0.01603223863973605,362.41407718251116,0.0027592747162975173,
main,1,0.002,60,2,ASGA,cert,-0.6913147441854521,0.004686940055437759,0.01603223863973605,362.41407718251116,0.0027592747162975173,
main,2,0.002,60,2,SGA,emp,-1.005946324015935,8.634442168892198e-08,0.01639844350978355,375.933873727242,60.98139737490241,
main,2,0.002,60,2,ASGA,emp,-2.0207662724496225,1.4251424623745734e-09,0.01639844350978355,375.933873727242,60.98139737490241,
main,2,0.002,60,2,SGA,cert,-0.014455729982785043,0.02165157853934365,0.01639844350978355,375.933873727242,0.002660042283727664,
main,2,0.002,60,2,ASGA,cert,-0.6642793009166305,0.0047807744847562575,0.01639844350978355,375.933873727242,0.002660042283727664,
main,3,0.002,60,2,SGA,emp,-0.9936078971812403,4.949973995971302e-08,0.016228662575252687,274.77092886253297,61.619372228794376,
main,3,0.002,60,2,ASGA,emp,-1.962870023365837,9.186750804524024e-10,0.016228662575252687,274.77092886253297,61.619372228794376,
main,3,0.002,60,2,SGA,cert,-0.020147320383225937,0.03695226291537651,0.016228662575252687,274.77092886253297,0.0036393952014490472,
main,3,0.002,60,2,ASGA,cert,-0.9661136637694125,0.003943127577602304,0.016228662575252687,274.77092886253297,0.0036393952014490472,
main,4,0.002,60,2,SGA,emp,-0.963598177282097,8.958467877934195e-08,0.01633596246239725,379.64090573215617,61.21463625432775,
main,4,0.002,60,2,ASGA,emp,-1.9561618722130152,1.6651391029909313e-09,0.01633596246239725,379.64090573215617,61.21463625432775,
main,4,0.002,60,2,SGA,cert,-0.01452408144628619,0.03357350018008945,0.01633596246239725,379.64090573215617,0.002634068101990882,
main,4,0.002,60,2,ASGA,cert,-0.6684742573079744,0.007331937715549845,0.01633596246239725,379.64090573215617,0.002634068101990882,
main,5,0.002,60,2,SGA,emp,-1.0329746955016115,6.729160414997715e-08,0.016404200014653682,328.39794658435267,60.9599979948252,
main,5,0.002,60,2,ASGA,emp,-2.003574027123695,1.1740343835997535e-09,0.016404200014653682,328.39794658435267,60.9599979948252,
main,5,0.002,60,2,SGA,cert,-0.016696252787615114,0.028628111388002364,0.016404200014653682,328.39794658435267,0.0030450860317518427,
main,5,0.002,60,2,ASGA,cert,-0.7796173010868993,0.004806999230147921,0.016404200014653682,328.39794658435267,0.0030450860317518427,
main,6,0.002,60,2,SGA,emp,-0.986679688408353,1.0354736998396952e-07,0.01605021103461511,312.01043311307785,62.30447673512352,
main,6,0.002,60,2,ASGA,emp,-2.0405952359658857,1.7162797016911924e-09,0.01605021103461511,312.01043311307785,62.30447673512352,
main,6,0.002,60,2,SGA,cert,-0.017184974310359376,0.016777597460309195,0.01605021103461511,312.01043311307785,0.0032050210309396386,
main,6,0.002,60,2,ASGA,cert,-0.8030984089641447,0.0026720623521464953,0.01605021103461511,312.01043311307785,0.0032050210309396386,
main,7,0.002,60,2,SGA,emp,-0.9753279736748837,6.428941205782746e-08,0.016357264441636515,342.3929002008834,61.13491675628567,
main,7,0.002,60,2,ASGA,emp,-1.9721276570018782,1.1670668181862354e-09,0.016357264441636515,342.3929002008834,61.13491675628567,
main,7,0.002,60,2,SGA,cert,-0.01613683272475268,0.03721498506040513,0.016357264441636515,342.3929002008834,0.002920621307898895,
main,7,0.002,60,2,ASGA,cert,-0.7514317455270517,0.006675305959599059,0.016357264441636515,342.3929002008834,0.002920621307898895,
main,8,0.002,60,2,SGA,emp,-0.999079323994136,8.716559878746422e-08,0.016399269179601668,320.6214154370066,60.97832708568844,
main,8,0.002,60,2,ASGA,emp,-2.0502918481179986,1.4107874729551995e-09,0.016399269179601668,320.6214154370066,60.97832708568844,
main,8,0.002,60,2,SGA,cert,-0.017112718131933248,0.029032062064620785,0.016399269179601668,320.6214154370066,0.003118943251613437,
main,8,0.002,60,2,ASGA,cert,-0.801414180083396,0.0046271246715554396,0.016399269179601668,320.6214154370066,0.003118943251613437,
main,9,0.002,60,2,SGA,emp,-1.0182239461282614,5.221045404346647e-08,0.01642861848406932,272.44485847547134,60.869390872378645,
main,9,0.002,60,2,ASGA,emp,-1.9742903316497236,9.480284196561328e-10,0.01642861848406932,272.44485847547134,60.869390872378645,
main,9,0.002,60,2,SGA,cert,-0.02018928942631783,0.028228027993716577,0.01642861848406932,272.44485847547134,0.003670467505225582,
main,9,0.002,60,2,ASGA,cert,-0.9673532606579399,0.0030080071306136658,0.01642861848406932,272.44485847547134,0.003670467505225582,
main,10,0.002,60,2,SGA,emp,-0.9594272111179504,4.5939285084339865e-08,0.016322868628778055,358.08001380204564,61.26374124196213,
main,10,0.002,60,2,ASGA,emp,-1.95706853072489,8.567351966748404e-10,0.016322868628778055,358.08001380204564,61.26374124196213,
main,10,0.002,60,2,SGA,cert,-0.015550798482473586,0.051763081668744965,0.016322868628778055,358.08001380204564,0.002792671920954576,
main,10,0.002,60,2,ASGA,cert,-0.7215799087425754,0.00995946002846515,0.016322868628778055,358.08001380204564,0.002792671920954576,
main,11,0.002,60,2,SGA,emp,-0.965636546902903,1.4787211843891868e-07,0.016321783968646038,390.37685752679994,61.26781250879124,
main,11,0.002,60,2,ASGA,emp,-1.9535910082388075,2.7458289253434742e-09,0.016321783968646038,390.37685752679994,61.26781250879124,
main,11,0.002,60,2,SGA,cert,-0.013480075982511719,0.013496791381077317,0.016321783968646038,390.37685752679994,0.0025616272602208457,
main,11,0.002,60,2,ASGA,cert,-0.6143556513645058,0.003356668693770347,0.016321783968646038,390.37685752679994,0.0025616272602208457,
main,12,0.002,60,2,SGA,emp,-0.9945857698333757,7.71887414957595e-08,0.016322734441575733,353.5750155023948,61.26424488368163,
main,12,0.002,60,2,ASGA,emp,-2.0093833303611484,1.2941044763570275e-09,0.016322734441575733,353.5750155023948,61.26424488368163,
main,12,0.002,60,2,SGA,cert,-0.015600677164331896,0.03607428310058845,0.016322734441575733,353.5750155023948,0.002828254136053985,
main,12,0.002,60,2,ASGA,cert,-0.7236098142319766,0.006914300011505593,0.016322734441575733,353.5750155023948,0.002828254136053985,
main,13,0.002,60,2,SGA,emp,-0.9927404522190475,6.002492985296426e-08,0.01623499604101358,333.89849400844327,61.59533377610656,
main,13,0.002,60,2,ASGA,emp,-1.9648635666767855,1.1164354024595369e-09,0.01623499604101358,333.89849400844327,61.59533377610656,
main,13,0.002,60,2,SGA,cert,-0.016517466790143622,0.03414351826275129,0.01623499604101358,333.89849400844327,0.002994922163304855,
main,13,0.002,60,2,ASGA,cert,-0.7708741046417241,0.005849325063419418,0.01623499604101358,333.89849400844327,0.002994922163304855,
main,14,0.002,60,2,SGA,emp,-0.9961681710454876,5.142124596957398e-08,0.016028994643596695,258.6219762657379,62.3869445486079,
main,14,0.002,60,2,ASGA,emp,-2.012538131050517,8.78062629550147e-10,0.016028994643596695,258.6219762657379,62.3869445486079,
main,14,0.002,60,2,SGA,cert,-0.021255495569380226,0.027106087977461904,0.016028994643596695,258.6219762657379,0.0038666474305048435,
main,14,0.002,60,2,ASGA,cert,-1.0266751778850525,0.00249606223994972,0.016028994643596695,258.6219762657379,0.0038666474305048435,
main,15,0.002,60,2,SGA,emp,-1.0114852157003633,8.99243044055753e-08,0.01595298051961638,385.88108635775376,62.68421118990039,
main,15,0.002,60,2,ASGA,emp,-2.070042056418045,1.3745582450042093e-09,0.01595298051961638,385.88108635775376,62.68421118990039,
main,15,0.002,60,2,SGA,cert,-0.014042569216911766,0.021056083445963016,0.01595298051961638,385.88108635775376,0.002591471920634356,
main,15,0.002,60,2,ASGA,cert,-0.6435274454297383,0.004882015341389587,0.01595298051961638,385.88108635775376,0.002591471920634356,
main,16,0.002,60,2,SGA,emp,-0.9700457834968687,1.4188381405183526e-07,0.01641921541746396,374.6250957314954,60.90424996412256,
main,16,0.002,60,2,ASGA,emp,-1.9795621686433318,2.546044160223193e-09,0.01641921541746396,374.6250957314954,60.90424996412256,
main,16,0.002,60,2,SGA,cert,-0.014076661129557154,0.013775841405953292,0.01641921541746396,374.6250957314954,0.0026693353205486502,
main,16,0.002,60,2,ASGA,cert,-0.6440087451348239,0.0031969108380357145,0.01641921541746396,374.6250957314954,0.0026693353205486502,
main,17,0.002,60,2,SGA,emp,-0.9904778792839428,5.723697436149644e-08,0.01640760803112239,309.6208782489845,60.94733602260447,
main,17,0.002,60,2,ASGA,emp,-1.9599797149461842,1.0470720610000761e-09,0.01640760803112239,309.6208782489845,60.94733602260447,
main,17,0.002,60,2,SGA,cert,-0.017804489211407464,0.03318118737065649,0.01640760803112239,309.6208782489845,0.0032297563576957514,
main,17,0.002,60,2,ASGA,cert,-0.8385199796753231,0.004833641314635449,0.01640760803112239,309.6208782489845,0.0032297563576957514,
main,18,0.002,60,2,SGA,emp,-0.9856010980971245,1.1972979144930784e-07,0.01642909504423962,374.74742351919286,60.86762522873228,
main,18,0.002,60,2,ASGA,emp,-2.025362308544673,1.97037139382239e-09,0.01642909504423962,374.74742351919286,60.86762522873228,
main,18,0.002,60,2,SGA,cert,-0.014265948461819887,0.01654369952007072,0.01642909504423962,374.74742351919286,0.002668463976641015,
main,18,0.002,60,2,ASGA,cert,-0.654017059542206,0.003746690377903872,0.01642909504423962,374.74742351919286,0.002668463976641015,
main,19,0.002,60,2,SGA,emp,-0.9557725550895929,8.399597068581288e-08,0.01583743619009723,385.53818552685533,63.141533010581355,
main,19,0.002,60,2,ASGA,emp,-1.9682954289128447,1.5951861914720311e-09,0.01583743619009723,385.53818552685533,63.141533010581355,
main,19,0.002,60,2,SGA,cert,-0.014263019094863915,0.032347459070032024,0.01583743619009723,385.53818552685533,0.0025937767970595567,
main,19,0.002,60,2,ASGA,cert,-0.6554326279976864,0.007284670899329729,0.01583743619009723,385.53818552685533,0.0025937767970595567,
main,20,0.002,60,2,SGA,emp,-0.9972259578833913,1.0923098771320472e-07,0.016403380276532886,365.299877191685,60.96304439339413,
main,20,0.002,60,2,ASGA,emp,-2.0370303620422328,1.7975294169803036e-09,0.016403380276532886,365.299877191685,60.96304439339413,
main,20,0.002,60,2,SGA,cert,-0.014717461153682452,0.018038739058998794,0.016403380276532886,365.299877191685,0.002737476967382791,
main,20,0.002,60,2,ASGA,cert,-0.6769014225539068,0.0038702987452046006,0.016403380276532886,365.299877191685,0.002737476967382791,
main,21,0.002,60,2,SGA,emp,-0.9792284343989567,1.0409197793298519e-07,0.01642800425116122,377.0065538516123,60.8716667412181,
main,21,0.002,60,2,ASGA,emp,-1.9824464820868744,1.8401572002280098e-09,0.01642800425116122,377.0065538516123,60.8716667412181,
main,21,0.002,60,2,SGA,cert,-0.014353938011473031,0.02020318748187162,0.01642800425116122,377.0065538516123,0.0026524737827066914,
main,21,0.002,60,2,ASGA,cert,-0.6589494953755319,0.004518766964029648,0.01642800425116122,377.0065538516123,0.0026524737827066914,
main,22,0.002,60,2,SGA,emp,-0.976634919308365,1.0016539374324562e-07,0.01608720445765444,377.46303289297487,62.16120411922724,
main,22,0.002,60,2,ASGA,emp,-1.9906363167447185,1.7263289756042077e-09,0.01608720445765444,377.46303289297487,62.16120411922724,
main,22,0.002,60,2,SGA,cert,-0.014367118928033523,0.02133566355756603,0.01608720445765444,377.46303289297487,0.0026492660548391718,
main,22,0.002,60,2,ASGA,cert,-0.659726617390894,0.004762593129840939,0.01608720445765444,377.46303289297487,0.0026492660548391718,
main,23,0.002,60,2,SGA,emp,-0.9848397846884307,1.2572639037505828e-07,0.016177711125197065,368.4203407563654,61.81344148508639,
main,23,0.002,60,2,ASGA,emp,-2.0175082402544406,2.142824750972494e-09,0.016177711125197065,368.4203407563654,61.81344148508639,
main,23,0.002,60,2,SGA,cert,-0.014506145792196787,0.016777141951607462,0.016177711125197065,368.4203407563654,0.002714290958927523,
main,23,0.002,60,2,ASGA,cert,-0.6659798873756707,0.0036950371338254975,0.016177711125197065,368.4203407563654,0.002714290958927523,
main,24,0.002,60,2,SGA,emp,-1.0125965762941942,8.574946551431761e-08,0.01635468052338018,286.225283699192,61.14457561983121,
main,24,0.002,60,2,ASGA,emp,-2.076620839684877,1.2888887734874288e-09,0.01635468052338018,286.225283699192,61.14457561983121,
main,24,0.002,60,2,SGA,cert,-0.018849573463282504,0.01795243088824206,0.01635468052338018,286.225283699192,0.003493751450172195,
main,24,0.002,60,2,ASGA,cert,-0.891617034884711,0.002310349772509549,0.01635468052338018,286.225283699192,0.003493751450172195,
main,25,0.002,60,2,SGA,emp,-0.9475421504662971,5.5439999036011045e-08,0.016104961474950674,341.11199712488224,62.092666384541154,
main,25,0.002,60,2,ASGA,emp,-1.9543149456748168,1.0670544309254737e-09,0.016104961474950674,341.11199712488224,62.092666384541154,
main,25,0.002,60,2,SGA,cert,-0.016313388858203333,0.05556620287249565,0.016104961474950674,341.11199712488224,0.002931588476596139,
main,25,0.002,60,2,ASGA,cert,-0.7612917603071532,0.009725697725268129,0.016104961474950674,341.11199712488224,0.002931588476596139,
main,26,0.002,60,2,SGA,emp,-0.975105172461417,1.0535193551569622e-07,0.016321585239173597,383.0083516175878,61.26855849760783,
main,26,0.002,60,2,ASGA,emp,-1.9590283127512038,1.9838592227316987e-09,0.016321585239173597,383.0083516175878,61.26855849760783,
main,26,0.002,60,2,SGA,cert,-0.014088740168808974,0.018996689352413665,0.016321585239173597,383.0083516175878,0.002610909124505054,
main,26,0.002,60,2,ASGA,cert,-0.6455323289914033,0.0043855281461626025,0.016321585239173597,383.0083516175878,0.002610909124505054,
main,27,0.002,60,2,SGA,emp,-1.0029774811126686,1.143715330567674e-07,0.01642919901363812,366.53393812969773,60.86724003829312,
main,27,0.002,60,2,ASGA,emp,-2.0435247325200563,1.857049646003528e-09,0.01642919901363812,366.53393812969773,60.86724003829312,
main,27,0.002,60,2,SGA,cert,-0.01468778202052188,0.018961235895876914,0.01642919901363812,366.53393812969773,0.00272826032182087,
main,27,0.002,60,2,ASGA,cert,-0.6754766629622726,0.004081589727022231,0.01642919901363812,366.53393812969773,0.00272826032182087,
main,28,0.002,60,2,SGA,emp,-0.9996745834839262,7.10394653796742e-08,0.016432030172547307,390.70170434426626,60.85675290875998,
main,28,0.002,60,2,ASGA,emp,-1.9690706076158688,1.2424017231671414e-09,0.016432030172547307,390.70170434426626,60.85675290875998,
main,28,0.002,60,2,SGA,cert,-0.0141228741407104,0.035737983439001836,0.016432030172547307,390.70170434426626,0.0025594974090997345,
main,28,0.002,60,2,ASGA,cert,-0.6485936454872373,0.008176220310569825,0.016432030172547307,390.70170434426626,0.0025594974090997345,
main,29,0.002,60,2,SGA,emp,-0.967704345019012,6.047864448133211e-08,0.016434761031430493,332.7210843035264,60.84664073226012,
main,29,0.002,60,2,ASGA,emp,-1.9585433143955366,1.1316244608039483e-09,0.016434761031430493,332.7210843035264,60.84664073226012,
main,29,0.002,60,2,SGA,cert,-0.01668206290222334,0.0454308136384166,0.016434761031430493,332.7210843035264,0.0030055203808116507,
main,29,0.002,60,2,ASGA,cert,-0.7799946264535521,0.007608532718331437,0.016434761031430493,332.7210843035264,0.0030055203808116507,
main,30,0.002,60,2,SGA,emp,-1.0041376865787168,9.771256755802815e-08,0.01625596833956957,373.2630758575319,61.515867840726756,
main,30,0.002,60,2,ASGA,emp,-2.0610180071036326,1.5293487171108566e-09,0.01625596833956957,373.2630758575319,61.515867840726756,
main,30,0.002,60,2,SGA,cert,-0.014468062083184394,0.019288536426884034,0.01625596833956957,373.2630758575319,0.002679075602917881,
main,30,0.002,60,2,ASGA,cert,-0.6645712420229556,0.0042584710142130194,0.01625596833956957,373.2630758575319,0.002679075602917881,
main,31,0.002,60,2,SGA,emp,-0.9642936933995662,4.97117543379888e-08,0.016366228502820778,292.6112821641847,61.10143212455126,
main,31,0.002,60,2,ASGA,emp,-1.9547726637887946,9.236492820585696e-10,0.016366228502820778,292.6112821641847,61.10143212455126,
main,31,0.002,60,2,SGA,cert,-0.018972011037380193,0.042912837842185886,0.016366228502820778,292.6112821641847,0.003417503223402365,
main,31,0.002,60,2,ASGA,cert,-0.9021262700161378,0.005351408404125686,0.016366228502820778,292.6112821641847,0.003417503223402365,
main,32,0.002,60,2,SGA,emp,-0.9922494383693763,6.56985735952853e-08,0.016359004372740595,318.51661053510696,61.128414493630444,
main,32,0.002,60,2,ASGA,emp,-1.968886365559957,1.1850806100333067e-09,0.016359004372740595,318.51661053510696,61.128414493630444,
main,32,0.002,60,2,SGA,cert,-0.01725761450552959,0.0305495798514549,0.016359004372740595,318.51661053510696,0.0031395536902141556,
main,32,0.002,60,2,ASGA,cert,-0.8092771870950666,0.004776535812856392,0.016359004372740595,318.51661053510696,0.0031395536902141556,
main,33,0.002,60,2,SGA,emp,-1.0113169903132195,8.019817531942919e-08,0.016429624394273555,334.45599345231625,60.865664120023574,
main,33,0.002,60,2,ASGA,emp,-2.153346624997465,1.0435286974808111e-09,0.016429624394273555,334.45599345231625,60.865664120023574,
main,33,0.002,60,2,SGA,cert,-0.016027253557630843,0.014786485889895874,0.016429624394273555,334.45599345231625,0.0029899299745769726,
main,33,0.002,60,2,ASGA,cert,-0.7432025387443247,0.0027138198565660916,0.016429624394273555,334.45599345231625,0.0029899299745769726,
main,34,0.002,60,2,SGA,emp,-0.963557011118222,5.589533691452431e-08,0.01637096125677789,339.61942768386325,61.08376803994823,
main,34,0.002,60,2,ASGA,emp,-1.9581840693817676,1.0432212593780577e-09,0.01637096125677789,339.61942768386325,61.08376803994823,
main,34,0.002,60,2,SGA,cert,-0.016344685453851367,0.045500166723182044,0.01637096125677789,339.61942768386325,0.002944472307782274,
main,34,0.002,60,2,ASGA,cert,-0.7625914378802148,0.007942102922314176,0.01637096125677789,339.61942768386325,0.002944472307782274,
main,35,0.002,60,2,SGA,emp,-1.0529720868441514,5.303704712911195e-08,0.0162903381033968,231.08174667238984,61.38608012018386,
main,35,0.002,60,2,ASGA,emp,-2.0700300647272494,8.021782717249071e-10,0.0162903381033968,231.08174667238984,61.38608012018386,
main,35,0.002,60,2,SGA,cert,-0.023498491223422194,0.01810214467081382,0.0162903381033968,231.08174667238984,0.004327472915538085,
main,35,0.002,60,2,ASGA,cert,-1.1519804121088626,0.0012250963640123257,0.0162903381033968,231.08174667238984,0.004327472915538085,
main,36,0.002,60,2,SGA,emp,-0.9702479406767379,6.889691556849487e-08,0.01616756595014557,304.70987189207983,61.85222952444465,
main,36,0.002,60,2,ASGA,emp,-2.0015111141021857,1.1997683610487364e-09,0.01616756595014557,304.70987189207983,61.85222952444465,
main,36,0.002,60,2,SGA,cert,-0.01800557407389601,0.026189805297541176,0.01616756595014557,304.70987189207983,0.003281810312841369,
main,36,0.002,60,2,ASGA,cert,-0.8485510459433442,0.0037271885265482904,0.01616756595014557,304.70987189207983,0.003281810312841369,
main,37,0.002,60,2,SGA,emp,-1.0032803006493198,1.173227431316981e-07,0.016449607728024694,382.97698236720424,60.79172321515792,
main,37,0.002,60,2,ASGA,emp,-2.036979627281655,1.9210480775577743e-09,0.016449607728024694,382.97698236720424,60.79172321515792,
main,37,0.002,60,2,SGA,cert,-0.014047220462913956,0.018778928988165126,0.016449607728024694,382.97698236720424,0.002611122981383734,
main,37,0.002,60,2,ASGA,cert,-0.6432948451946644,0.00435932621112485,0.016449607728024694,382.97698236720424,0.002611122981383734,
main,38,0.002,60,2,SGA,emp,-0.989583452754649,8.891270073668744e-08,0.01643701590075812,267.91954348556084,60.83829364391363,
main,38,0.002,60,2,ASGA,emp,-2.0894418304502915,1.3362631522129131e-09,0.01643701590075812,267.91954348556084,60.83829364391363,
main,38,0.002,60,2,SGA,cert,-0.0199935652998697,0.014916225160546982,0.01643701590075812,267.91954348556084,0.0037324638098074903,
main,38,0.002,60,2,ASGA,cert,-0.9523535113024116,0.0016596543545493066,0.01643701590075812,267.91954348556084,0.0037324638098074903,
main,39,0.002,60,2,SGA,emp,-0.9640120233704933,1.2411196442796424e-07,0.015995086918992107,361.456005966472,62.51919761765275,
main,39,0.002,60,2,ASGA,emp,-1.977819944440993,2.215268649075064e-09,0.015995086918992107,361.456005966472,62.51919761765275,
main,39,0.002,60,2,SGA,cert,-0.014638099781644274,0.0140079333164932,0.015995086918992107,361.456005966472,0.002766588418765293,
main,39,0.002,60,2,ASGA,cert,-0.6722305660755056,0.0030422548831666243,0.015995086918992107,361.456005966472,0.002766588418765293,
main,40,0.002,60,2,SGA,emp,-0.9978765409741521,9.776005430867096e-08,0.016435910740572435,381.0222314659339,60.84238444611873,
main,40,0.002,60,2,ASGA,emp,-2.02763604288221,1.5485524321179334e-09,0.016435910740572435,381.0222314659339,60.84238444611873,
main,40,0.002,60,2,SGA,cert,-0.014213483710690254,0.020243227349539355,0.016435910740572435,381.0222314659339,0.0026245187745413934,
main,40,0.002,60,2,ASGA,cert,-0.6519113697747296,0.004602834558963792,0.016435910740572435,381.0222314659339,0.0026245187745413934,
main,41,0.002,60,2,SGA,emp,-0.9549630363991563,6.057895649003164e-08,0.016057531058591396,366.1570601970949,62.27607446942857,
main,41,0.002,60,2,ASGA,emp,-1.953009945798278,1.1202924699027506e-09,0.016057531058591396,366.1570601970949,62.27607446942857,
main,41,0.002,60,2,SGA,cert,-0.015128253439712809,0.04176085514511228,0.016057531058591396,366.1570601970949,0.0027310684640676334,
main,41,0.002,60,2,ASGA,cert,-0.6997548091600488,0.008465246762436512,0.016057531058591396,366.1570601970949,0.0027310684640676334,
main,42,0.002,60,2,SGA,emp,-0.994007773593556,8.63635833021903e-08,0.016397550273153386,259.45749285632667,60.98471926243966,
main,42,0.002,60,2,ASGA,emp,-2.0965519417600142,1.2582952076123366e-09,0.016397550273153386,259.45749285632667,60.98471926243966,
main,42,0.002,60,2,SGA,cert,-0.020701798644947974,0.015679831099963605,0.016397550273153386,259.45749285632667,0.0038541958799923545,
main,42,0.002,60,2,ASGA,cert,-0.9914743863570161,0.0015852983280356323,0.016397550273153386,259.45749285632667,0.0038541958799923545,
main,43,0.002,60,2,SGA,emp,-0.9796356909778825,1.2013917880665526e-07,0.0162926654971188,396.8625544942908,61.37731116966959,
main,43,0.002,60,2,ASGA,emp,-2.003063156949872,2.0650856233372927e-09,0.0162926654971188,396.8625544942908,61.37731116966959,
main,43,0.002,60,2,SGA,cert,-0.013695338985614224,0.023343631044723957,0.0162926654971188,396.8625544942908,0.0025197640560326176,
main,43,0.002,60,2,ASGA,cert,-0.6261837419934969,0.0056362502804121195,0.0162926654971188,396.8625544942908,0.0025197640560326176,
main,44,0.002,60,2,SGA,emp,-0.9679520771556306,5.51814214322377e-08,0.016333645985735994,305.1104231144399,61.22331786015748,
main,44,0.002,60,2,ASGA,emp,-1.9553962271265282,1.0408320455512765e-09,0.016333645985735994,305.1104231144399,61.22331786015748,
main,44,0.002,60,2,SGA,cert,-0.01810593157859985,0.03556893783285167,0.016333645985735994,305.1104231144399,0.003277501927965676,
main,44,0.002,60,2,ASGA,cert,-0.854785747230638,0.004980483860684504,0.016333645985735994,305.1104231144399,0.003277501927965676,
main,45,0.002,60,2,SGA,emp,-1.0057474237214168,8.149180491176522e-08,0.01638973897045013,249.6454578329176,61.01378440516651,
main,45,0.002,60,2,ASGA,emp,-2.137586509991277,1.1052189025084758e-09,0.01638973897045013,249.6454578329176,61.01378440516651,
main,45,0.002,60,2,SGA,cert,-0.021494440350810974,0.01507175394951702,0.01638973897045013,249.6454578329176,0.0040056807309079056,
main,45,0.002,60,2,ASGA,cert,-1.0351873621439254,0.0013694954684993592,0.01638973897045013,249.6454578329176,0.0040056807309079056,
main,46,0.002,60,2,SGA,emp,-0.9572471763822666,5.992002226340443e-08,0.016170426924162283,331.0752684433577,61.84128623751877,
main,46,0.002,60,2,ASGA,emp,-1.9587373837997464,1.1373046532314746e-09,0.016170426924162283,331.0752684433577,61.84128623751877,
main,46,0.002,60,2,SGA,cert,-0.016719656315599046,0.04018039692210107,0.016170426924162283,331.0752684433577,0.0030204611921083014,
main,46,0.002,60,2,ASGA,cert,-0.781911206285521,0.00670022189748172,0.016170426924162283,331.0752684433577,0.0030204611921083014,
main,47,0.002,60,2,SGA,emp,-1.022466804662601,8.745341033289389e-08,0.01607329255799923,373.2313775971114,62.21500643950687,
main,47,0.002,60,2,ASGA,emp,-2.0571355413598877,1.3239642437934407e-09,0.01607329255799923,373.2313775971114,62.21500643950687,
main,47,0.002,60,2,SGA,cert,-0.014567065548102298,0.022988471993280576,0.01607329255799923,373.2313775971114,0.002679303134795544,
main,47,0.002,60,2,ASGA,cert,-0.6699030845968084,0.00500953744583528,0.01607329255799923,373.2313775971114,0.002679303134795544,
main,48,0.002,60,2,SGA,emp,-1.0061585286025025,8.526940221617596e-08,0.016399157947924084,286.3071620107564,60.97874068751114,
main,48,0.002,60,2,ASGA,emp,-2.1017997277326543,1.2334155918836132e-09,0.016399157947924084,286.3071620107564,60.97874068751114,
main,48,0.002,60,2,SGA,cert,-0.01876842055842399,0.016040816013697085,0.016399157947924084,286.3071620107564,0.003492752304821598,
main,48,0.002,60,2,ASGA,cert,-0.8867847807067362,0.0020898318762694636,0.016399157947924084,286.3071620107564,0.003492752304821598,
main,49,0.002,60,2,SGA,emp,-0.9944959417036815,1.0141033762733898e-07,0.01623660797246417,307.4473948203258,61.58921873927795,
main,49,0.002,60,2,ASGA,emp,-2.0571328410868617,1.6134916527854593e-09,0.01623660797246417,307.4473948203258,61.58921873927795,
main,49,0.002,60,2,SGA,cert,-0.01746795653297451,0.017139910759959968,0.01623660797246417,307.4473948203258,0.003252588952930976,
main,49,0.002,60,2,ASGA,cert,-0.8180100877515888,0.002633853284065693,0.01623660797246417,307.4473948203258,0.003252588952930976,
main,0,0.002,60,4,SGA,emp,-1.0108071800285476,5.177410028478491e-08,0.01645303564134476,272.23174467966135,60.77905754285881,
main,0,0.002,60,4,ASGA,emp,-1.9993877018407846,8.90345179527241e-10,0.01645303564134476,272.23174467966135,60.77905754285881,
main,0,0.002,60,4,SGA,cert,-0.02023965395103846,0.0295826082890589,0.01645303564134476,272.23174467966135,0.0036733408926160065,
main,0,0.002,60,4,ASGA,cert,-0.9703704772065942,0.0031277002584231967,0.01645303564134476,272.23174467966135,0.0036733408926160065,
main,1,0.002,60,4,SGA,emp,-0.9676677953586934,6.924257207191475e-08,0.016436401225104782,323.50720391338876,60.840568826746015,
main,1,0.002,60,4,ASGA,emp,-1.9642062184700009,1.2649283287480273e-09,0.016436401225104782,323.50720391338876,60.840568826746015,
main,1,0.002,60,4,SGA,cert,-0.017087020638435955,0.036486214717105,0.016436401225104782,323.50720391338876,0.0030911212730450536,
main,1,0.002,60,4,ASGA,cert,-0.8008812881563209,0.005815643605959056,0.016436401225104782,323.50720391338876,0.0030911212730450536,
main,2,0.002,60,4,SGA,emp,-1.0316960170500529,6.888280892208831e-08,0.016336870346522432,384.59071006416633,61.21123439122269,
main,2,0.002,60,4,ASGA,emp,-2.0168569777584766,1.1546546913043798e-09,0.016336870346522432,384.59071006416633,61.21123439122269,
main,2,0.002,60,4,SGA,cert,-0.014250907269050653,0.027780923517141964,0.016336870346522432,384.59071006416633,0.0026001668106677795,
main,2,0.002,60,4,ASGA,cert,-0.6545256841484257,0.006271860684941233,0.016336870346522432,384.59071006416633,0.0026001668106677795,
main,3,0.002,60,4,SGA,emp,-0.9736454897392256,1.1181069852622683e-07,0.016268153960561957,373.123084475574,61.46978953016109,
main,3,0.002,60,4,ASGA,emp,-1.9820611762217615,2.0670312197990093e-09,0.016268153960561957,373.123084475574,61.46978953016109,
main,3,0.002,60,4,SGA,cert,-0.014511726307876269,0.02124466022095773,0.016268153960561957,373.123084475574,0.0026800807604962424,
main,3,0.002,60,4,ASGA,cert,-0.6670002717188789,0.004662442987331601,0.016268153960561957,373.123084475574,0.0026800807604962424,
main,4,0.002,60,4,SGA,emp,-0.9662433370894546,7.780215202646268e-08,0.01635281673580741,354.15998637657117,61.15154448042713,
main,4,0.002,60,4,ASGA,emp,-1.9750330062300623,1.426971651952158e-09,0.01635281673580741,354.15998637657117,61.15154448042713,
main,4,0.002,60,4,SGA,cert,-0.015586622598273378,0.035733799757987815,0.01635281673580741,354.15998637657117,0.0028235826701685047,
main,4,0.002,60,4,ASGA,cert,-0.7228188220349162,0.0068617538526180855,0.01635281673580741,354.15998637657117,0.0028235826701685047,
main,5,0.002,60,4,SGA,emp,-0.9957702538348908,1.015415890606719e-07,0.016426929049841926,387.5875269175451,60.87565100974384,
main,5,0.002,60,4,ASGA,emp,-2.012426711655133,1.7123890708181655e-09,0.016426929049841926,387.5875269175451,60.87565100974384,
main,5,0.002,60,4,SGA,cert,-0.013967998655728694,0.020829375782122107,0.016426929049841926,387.5875269175451,0.002580062387334613,
main,5,0.002,60,4,ASGA,cert,-0.6396881071366524,0.004873678112202039,0.016426929049841926,387.5875269175451,0.002580062387334613,
main,6,0.002,60,4,SGA,emp,-0.9958083018582866,1.0046489714449214e-07,0.016352169229946607,318.6446434072141,61.15396593184996,
main,6,0.002,60,4,ASGA,emp,-2.0617540550083526,1.5831280522626834e-09,0.016352169229946607,318.6446434072141,61.15396593184996,
main,6,0.002,60,4,SGA,cert,-0.016831042762102587,0.016448853868568543,0.016352169229946607,318.6446434072141,0.003138292203211598,
main,6,0.002,60,4,ASGA,cert,-0.7847098576579208,0.0027365508735750187,0.016352169229946607,318.6446434072141,0.003138292203211598,
main,7,0.002,60,4,SGA,emp,-0.9969256695321662,8.888291824077355e-08,0.016439701798413826,402.21866605963896,60.82835396056176,
main,7,0.002,60,4,ASGA,emp,-2.027703881275039,1.4648754709245537e-09,0.016439701798413826,402.21866605963896,60.82835396056176,
main,7,0.002,60,4,SGA,cert,-0.013591621059047692,0.025479932177346634,0.016439701798413826,402.21866605963896,0.0024862098266014462,
main,7,0.002,60,4,ASGA,cert,-0.6213933637925843,0.006218145372088396,0.016439701798413826,402.21866605963896,0.0024862098266014462,
main,8,0.002,60,4,SGA,emp,-1.0052310974471317,6.605276285653883e-08,0.016412929827132227,309.5238127935175,60.92757420718995,
main,8,0.002,60,4,ASGA,emp,-2.0058569425765347,1.1006490441278771e-09,0.016412929827132227,309.5238127935175,60.92757420718995,
main,8,0.002,60,4,SGA,cert,-0.01785682845069718,0.03788607770765831,0.016412929827132227,309.5238127935175,0.003230769196640445,
main,8,0.002,60,4,ASGA,cert,-0.8417315469256894,0.005473663550649134,0.016412929827132227,309.5238127935175,0.003230769196640445,
main,9,0.002,60,4,SGA,emp,-1.0342169854263272,6.441154910136193e-08,0.01642773076257031,256.92429631072145,60.87268013172248,
main,9,0.002,60,4,ASGA,emp,-2.1330556514545718,8.679525223542761e-10,0.01642773076257031,256.92429631072145,60.87268013172248,
main,9,0.002,60,4,SGA,cert,-0.02106963462945897,0.01738891375932702,0.01642773076257031,256.92429631072145,0.00389219709602945,
main,9,0.002,60,4,ASGA,cert,-1.0131781604173244,0.0016631485281789378,0.01642773076257031,256.92429631072145,0.00389219709602945,
main,10,0.002,60,4,SGA,emp,-0.9896398878592138,6.025845175616773e-08,0.016309452315416185,361.47385805943384,61.314137388584776,
main,10,0.002,60,4,ASGA,emp,-1.9893612288335865,1.0646346859655154e-09,0.016309452315416185,361.47385805943384,61.314137388584776,
main,10,0.002,60,4,SGA,cert,-0.01529868488354839,0.037456051135743566,0.016309452315416185,361.47385805943384,0.002766451785389081,
main,10,0.002,60,4,ASGA,cert,-0.7081508745843604,0.007445743206978085,0.016309452315416185,361.47385805943384,0.002766451785389081,
main,11,0.002,60,4,SGA,emp,-0.9842102004402831,8.04583735469766e-08,0.016215125338814397,380.78962043304796,61.67081531009104,
main,11,0.002,60,4,ASGA,emp,-2.044166595540591,1.3035363552460488e-09,0.016215125338814397,380.78962043304796,61.67081531009104,
main,11,0.002,60,4,SGA,cert,-0.014433046512432534,0.030222367897921647,0.016215125338814397,380.78962043304796,0.0026261220010744073,
main,11,0.002,60,4,ASGA,cert,-0.6639216458204096,0.006671887469591353,0.016215125338814397,380.78962043304796,0.0026261220010744073,
main,12,0.002,60,4,SGA,emp,-1.0242824985166414,7.333462524738987e-08,0.016248416698351423,368.9816765971934,61.54445805796332,
main,12,0.002,60,4,ASGA,emp,-2.044186303577243,1.1826516987945013e-09,0.016248416698351423,368.9816765971934,61.54445805796332,
main,12,0.002,60,4,SGA,cert,-0.014861482158422411,0.028680451480870003,0.016248416698351423,368.9816765971934,0.0027101616785477154,
main,12,0.002,60,4,ASGA,cert,-0.6854241593061879,0.00602032566866121,0.016248416698351423,368.9816765971934,0.0027101616785477154,
main,13,0.002,60,4,SGA,emp,-0.9969558705859066,7.818844231788358e-08,0.01634266281639243,400.5105000471992,61.189538769468754,
main,13,0.002,60,4,ASGA,emp,-2.0087327439099463,1.3404737389532961e-09,0.01634266281639243,400.5105000471992,61.189538769468754,
main,13,0.002,60,4,SGA,cert,-0.013727500808832092,0.0299511687350604,0.01634266281639243,400.5105000471992,0.002496813441550602,
main,13,0.002,60,4,ASGA,cert,-0.6284138205112075,0.007187404395975976,0.01634266281639243,400.5105000471992,0.002496813441550602,
main,14,0.002,60,4,SGA,emp,-1.0187367582542863,5.5210773286518133e-08,0.016179152211229866,280.4992132325311,61.807935727677076,
main,14,0.002,60,4,ASGA,emp,-2.0011256055739053,9.508855994266874e-10,0.016179152211229866,280.4992132325311,61.807935727677076,
main,14,0.002,60,4,SGA,cert,-0.019538558247546405,0.025171854305480253,0.016179152211229866,280.4992132325311,0.0035650723881746147,
main,14,0.002,60,4,ASGA,cert,-0.9310324440349225,0.0029340596169550315,0.016179152211229866,280.4992132325311,0.0035650723881746147,
main,15,0.002,60,4,SGA,emp,-0.9720315663285559,5.9210335925929947e-08,0.016013580491360986,358.4151620213066,62.446996194229044,
main,15,0.002,60,4,ASGA,emp,-1.9760745417505898,1.0592250548890902e-09,0.016013580491360986,358.4151620213066,62.446996194229044,
main,15,0.002,60,4,SGA,cert,-0.015460056226290262,0.04232757463582586,0.016013580491360986,358.4151620213066,0.0027900605386235117,
main,15,0.002,60,4,ASGA,cert,-0.7167151857703125,0.0082424958042175,0.016013580491360986,358.4151620213066,0.0027900605386235117,
main,16,0.002,60,4,SGA,emp,-1.010975253173531,7.494052219059189e-08,0.016403062218259847,394.4770845897362,60.964226477590415,
main,16,0.002,60,4,ASGA,emp,-2.0162818739339037,1.2580775518578058e-09,0.016403062218259847,394.4770845897362,60.964226477590415,
main,16,0.002,60,4,SGA,cert,-0.013822958014549967,0.022228342441441,0.016403062218259847,394.4770845897362,0.0025350014970832065,
main,16,0.002,60,4,ASGA,cert,-0.6327211170737754,0.00528350455761032,0.016403062218259847,394.4770845897362,0.0025350014970832065,
main,17,0.002,60,4,SGA,emp,-1.0083318854879801,7.777187512741923e-08,0.016359879781104213,344.016998071986,61.1251435450649,
main,17,0.002,60,4,ASGA,emp,-2.0256316902938987,1.291605968012366e-09,0.016359879781104213,344.016998071986,61.1251435450649,
main,17,0.002,60,4,SGA,cert,-0.015879820287643436,0.02504587329326403,0.016359879781104213,344.016998071986,0.002906833108841758,
main,17,0.002,60,4,ASGA,cert,-0.737098000437882,0.004654972404071013,0.016359879781104213,344.016998071986,0.002906833108841758,
main,18,0.002,60,4,SGA,emp,-1.026946591674178,5.693827252045702e-08,0.016424276012635703,276.808551787638,60.88548434224249,
main,18,0.002,60,4,ASGA,emp,-2.0388192383849786,9.170807654945712e-10,0.016424276012635703,276.808551787638,60.88548434224249,
main,18,0.002,60,4,SGA,cert,-0.01986813104370503,0.028408047697041687,0.016424276012635703,276.808551787638,0.0036126051508956992,
main,18,0.002,60,4,ASGA,cert,-0.9495791669460433,0.0031622159322164736,0.016424276012635703,276.808551787638,0.0036126051508956992,
main,19,0.002,60,4,SGA,emp,-1.0021098624716964,5.178389855808874e-08,0.016105350451937953,323.2416733746718,62.091166720291405,
main,19,0.002,60,4,ASGA,emp,-1.9705657183092578,9.531017711172929e-10,0.016105350451937953,323.2416733746718,62.091166720291405,
main,19,0.002,60,4,SGA,cert,-0.01705117939949203,0.030949070569150087,0.016105350451937953,323.2416733746718,0.0030936605096734933,
main,19,0.002,60,4,ASGA,cert,-0.7986385908730297,0.004961548942383889,0.016105350451937953,323.2416733746718,0.0030936605096734933,
main,20,0.002,60,4,SGA,emp,-1.0079015173244001,8.951630222492346e-08,0.016408085419295795,382.0875657002827,60.9455627787022,
main,20,0.002,60,4,ASGA,emp,-2.0446071396695746,1.4168139786385758e-09,0.016408085419295795,382.0875657002827,60.9455627787022,
main,20,0.002,60,4,SGA,cert,-0.01421142822801817,0.021511269952283196,0.016408085419295795,382.0875657002827,0.0026172011072048873,
main,20,0.002,60,4,ASGA,cert,-0.6520650162841148,0.004887916070183317,0.016408085419295795,382.0875657002827,0.0026172011072048873,
main,21,0.002,60,4,SGA,emp,-1.013194233849712,5.770814973105054e-08,0.016312245743467516,366.92721354047364,61.303637508064455,
main,21,0.002,60,4,ASGA,emp,-2.0005098319018395,1.0055135404862803e-09,0.016312245743467516,366.92721354047364,61.303637508064455,
main,21,0.002,60,4,SGA,cert,-0.014964902672751038,0.027670649643867843,0.016312245743467516,366.92721354047364,0.0027253361514154788,
main,21,0.002,60,4,ASGA,cert,-0.6907311373418838,0.005735037072382751,0.016312245743467516,366.92721354047364,0.0027253361514154788,
main,22,0.002,60,4,SGA,emp,-0.9628093225728156,4.71242436392294e-08,0.016263025022335467,295.58838139115255,61.489175514801865,
main,22,0.002,60,4,ASGA,emp,-1.9652800732458469,8.710993246174858e-10,0.016263025022335467,295.58838139115255,61.489175514801865,
main,22,0.002,60,4,SGA,cert,-0.018779086352286686,0.04057027705685128,0.016263025022335467,295.58838139115255,0.0033830829049965212,
main,22,0.002,60,4,ASGA,cert,-0.8915681130801566,0.005191100924566351,0.016263025022335467,295.58838139115255,0.0033830829049965212,
main,23,0.002,60,4,SGA,emp,-1.0205324979282342,6.272887628777646e-08,0.01631290644153517,347.64185855623725,61.30115461545504,
main,23,0.002,60,4,ASGA,emp,-2.0192206918517326,1.0424105745254764e-09,0.01631290644153517,347.64185855623725,61.30115461545504,
main,23,0.002,60,4,SGA,cert,-0.01577644697164486,0.027025295195730766,0.01631290644153517,347.64185855623725,0.00287652356984,
main,23,0.002,60,4,ASGA,cert,-0.7321365499808513,0.005079487941536551,0.01631290644153517,347.64185855623725,0.00287652356984,
main,24,0.002,60,4,SGA,emp,-0.9997361766107238,9.235987942848856e-08,0.016350477955182314,377.01737479794406,61.16029162823636,
main,24,0.002,60,4,ASGA,emp,-2.0704138937406182,1.4150472286977855e-09,0.016350477955182314,377.01737479794406,61.16029162823636,
main,24,0.002,60,4,SGA,cert,-0.014227595310977822,0.016034514223627287,0.016350477955182314,377.01737479794406,0.002652397652856006,
main,24,0.002,60,4,ASGA,cert,-0.652233111060402,0.0036451819416475975,0.016350477955182314,377.01737479794406,0.002652397652856006,
main,25,0.002,60,4,SGA,emp,-1.00921287744391,5.9262537766002765e-08,0.01618791232361525,398.0971583857238,61.7744882730295,
main,25,0.002,60,4,ASGA,emp,-2.0483300565176075,9.40806148264084e-10,0.01618791232361525,398.0971583857238,61.7744882730295,
main,25,0.002,60,4,SGA,cert,-0.013784781005829177,0.026265666492359174,0.01618791232361525,398.0971583857238,0.0025119496056062807,
main,25,0.002,60,4,ASGA,cert,-0.6312265115593316,0.00626168463270993,0.01618791232361525,398.0971583857238,0.0025119496056062807,
main,26,0.002,60,4,SGA,emp,-0.9918144054423847,6.040115579919458e-08,0.01635480509148742,354.6803053419202,61.144109905687245,
main,26,0.002,60,4,ASGA,emp,-2.0179240376953587,1.0218660154159842e-09,0.01635480509148742,354.6803053419202,61.144109905687245,
main,26,0.002,60,4,SGA,cert,-0.015576845115281587,0.03512701480124507,0.01635480509148742,354.6803053419202,0.0028194404508476343,
main,26,0.002,60,4,ASGA,cert,-0.7223203549630791,0.006752592345776763,0.01635480509148742,354.6803053419202,0.0028194404508476343,
main,27,0.002,60,4,SGA,emp,-1.0460133347867488,6.091683838610473e-08,0.01646525500892722,400.52560310907904,60.73395155178675,
main,27,0.002,60,4,ASGA,emp,-2.024655182767826,9.928320596208629e-10,0.01646525500892722,400.52560310907904,60.73395155178675,
main,27,0.002,60,4,SGA,cert,-0.013600779130039618,0.02138433260365561,0.01646525500892722,400.52560310907904,0.0024967192914447977,
main,27,0.002,60,4,ASGA,cert,-0.6216875731689696,0.0052157603305461805,0.01646525500892722,400.52560310907904,0.0024967192914447977,
main,28,0.002,60,4,SGA,emp,-0.9757847942762558,5.219836285430546e-08,0.016426960780263147,388.5872591433739,60.875533421951765,
main,28,0.002,60,4,ASGA,emp,-1.9627546689687467,9.769779568680192e-10,0.016426960780263147,388.5872591433739,60.875533421951765,
main,28,0.002,60,4,SGA,cert,-0.014302375362894044,0.0471894985698917,0.016426960780263147,388.5872591433739,0.0025734245693089957,
main,28,0.002,60,4,ASGA,cert,-0.657876259668931,0.010557640224832104,0.016426960780263147,388.5872591433739,0.0025734245693089957,
main,29,0.002,60,4,SGA,emp,-0.988734167853897,1.0656161090333294e-07,0.016418342002375075,396.35907311986244,60.90748991922206,
main,29,0.002,60,4,ASGA,emp,-2.007940428792396,1.8268351206773836e-09,0.016418342002375075,396.35907311986244,60.90748991922206,
main,29,0.002,60,4,SGA,cert,-0.01356952746661427,0.01803175603069817,0.016418342002375075,396.35907311986244,0.002522964826132771,
main,29,0.002,60,4,ASGA,cert,-0.6196399514530884,0.004423107646666868,0.016418342002375075,396.35907311986244,0.002522964826132771,
main,30,0.002,60,4,SGA,emp,-0.9879953750636143,8.687854249206373e-08,0.016366431158452547,369.7383717574757,61.10067554242231,
main,30,0.002,60,4,ASGA,emp,-2.0201268973350914,1.4703778680735802e-09,0.016366431158452547,369.7383717574757,61.10067554242231,
main,30,0.002,60,4,SGA,cert,-0.014688999575993678,0.020853252048658198,0.016366431158452547,369.7383717574757,0.002704615145154409,
main,30,0.002,60,4,ASGA,cert,-0.6760070176068467,0.004479432899367995,0.016366431158452547,369.7383717574757,0.002704615145154409,
main,31,0.002,60,4,SGA,emp,-0.9718843205248126,8.447335913402965e-08,0.016282722950224666,389.14076053164075,61.41478934800657,
main,31,0.002,60,4,ASGA,emp,-1.9849848852299463,1.47485665347169e-09,0.016282722950224666,389.14076053164075,61.41478934800657,
main,31,0.002,60,4,SGA,cert,-0.014144752003595034,0.03204586506231825,0.016282722950224666,389.14076053164075,0.002569764212399155,
main,31,0.002,60,4,ASGA,cert,-0.6493698427593138,0.0073204974993811775,0.016282722950224666,389.14076053164075,0.002569764212399155,
main,32,0.002,60,4,SGA,emp,-1.0370779536548627,5.8370023384157754e-08,0.01638996572338464,262.75767132283386,61.0129402878027,
main,32,0.002,60,4,ASGA,emp,-2.1470392476268896,7.626922218784138e-10,0.01638996572338464,262.75767132283386,61.0129402878027,
main,32,0.002,60,4,SGA,cert,-0.02070385001763856,0.019242179138715988,0.01638996572338464,262.75767132283386,0.003805788028815961,
main,32,0.002,60,4,ASGA,cert,-0.9937768183715449,0.0019273570488281162,0.01638996572338464,262.75767132283386,0.003805788028815961,
main,33,0.002,60,4,SGA,emp,-0.9709485783710983,9.687845622247115e-08,0.01611760507796725,312.8270343301272,62.04395722333456,
main,33,0.002,60,4,ASGA,emp,-2.003419790815561,1.6804367897194084e-09,0.01611760507796725,312.8270343301272,62.04395722333456,
main,33,0.002,60,4,SGA,cert,-0.017355872422781818,0.021234934481440797,0.01611760507796725,312.8270343301272,0.003196654669380963,
main,33,0.002,60,4,ASGA,cert,-0.8130863904846737,0.0032964912912875205,0.01611760507796725,312.8270343301272,0.003196654669380963,
main,34,0.002,60,4,SGA,emp,-0.9995028823470713,4.975784550359519e-08,0.016352232666590468,294.2752231252808,61.1537286919307,
main,34,0.002,60,4,ASGA,emp,-1.9818489111558284,8.97315791115183e-10,0.016352232666590468,294.2752231252808,61.1537286919307,
main,34,0.002,60,4,SGA,cert,-0.01876084155721878,0.0321198924192766,0.016352232666590468,294.2752231252808,0.003398179396076011,
main,34,0.002,60,4,ASGA,cert,-0.8899354194515563,0.004130546148358276,0.016352232666590468,294.2752231252808,0.003398179396076011,
main,35,0.002,60,4,SGA,emp,-0.9823868839444605,1.0994301439387621e-07,0.01639983709137779,402.8635736454753,60.97621546044196,
main,35,0.002,60,4,ASGA,emp,-2.0047744369319025,1.8472506441158387e-09,0.01639983709137779,402.8635736454753,60.97621546044196,
main,35,0.002,60,4,SGA,cert,-0.013533305858113362,0.02511863822616434,0.01639983709137779,402.8635736454753,0.0024822298798352314,
main,35,0.002,60,4,ASGA,cert,-0.6183365287016637,0.006175470728880188,0.01639983709137779,402.8635736454753,0.0024822298798352314,
main,36,0.002,60,4,SGA,emp,-0.9783102633982238,5.419564638731167e-08,0.016247772905081406,286.1744202005389,61.54689666343473,
main,36,0.002,60,4,ASGA,emp,-1.9964412220680505,9.484165536255418e-10,0.016247772905081406,286.1744202005389,61.54689666343473,
main,36,0.002,60,4,SGA,cert,-0.019283736736640248,0.032566464007285696,0.016247772905081406,286.1744202005389,0.0034943724156031915,
main,36,0.002,60,4,ASGA,cert,-0.9182145507461363,0.003910220591824602,0.016247772905081406,286.1744202005389,0.0034943724156031915,
main,37,0.002,60,4,SGA,emp,-0.9936764189083332,7.750337124856621e-08,0.016363457477295437,384.0905019000888,61.111779181601214,
main,37,0.002,60,4,ASGA,emp,-2.0222409631147737,1.2934886911564192e-09,0.016363457477295437,384.0905019000888,61.111779181601214,
main,37,0.002,60,4,SGA,cert,-0.014362629480281483,0.033871680566704296,0.016363457477295437,384.0905019000888,0.002603553055993361,
main,37,0.002,60,4,ASGA,cert,-0.6603818356976929,0.007538788407946653,0.016363457477295437,384.0905019000888,0.002603553055993361,
main,38,0.002,60,4,SGA,emp,-1.014767763869961,8.711533676375449e-08,0.016345087944211908,391.25437688284444,61.18046005094259,
main,38,0.002,60,4,ASGA,emp,-2.1293941824623905,1.1934521981782353e-09,0.016345087944211908,391.25437688284444,61.18046005094259,
main,38,0.002,60,4,SGA,cert,-0.013790410269837497,0.017777747681386527,0.016345087944211908,391.25437688284444,0.002555881950681502,
main,38,0.002,60,4,ASGA,cert,-0.6306308552927942,0.004249540228303015,0.016345087944211908,391.25437688284444,0.002555881950681502,
main,39,0.002,60,4,SGA,emp,-0.991129749227777,9.116948677945214e-08,0.016202517596554375,357.13173957805094,61.7188035156129,
main,39,0.002,60,4,ASGA,emp,-2.0365418703349873,1.479122331560223e-09,0.016202517596554375,357.13173957805094,61.7188035156129,
main,39,0.002,60,4,SGA,cert,-0.015178317671885143,0.020557059566751155,0.016202517596554375,357.13173957805094,0.0028000871644214376,
main,39,0.002,60,4,ASGA,cert,-0.7007549935030174,0.004166490039947804,0.016202517596554375,357.13173957805094,0.0028000871644214376,
main,40,0.002,60,4,SGA,emp,-1.0347284480824908,4.878159844123875e-08,0.016212838768927245,317.2376564702856,61.67951302374957,
main,40,0.002,60,4,ASGA,emp,-1.9814102312853632,8.79342341997269e-10,0.016212838768927245,317.2376564702856,61.67951302374957,
main,40,0.002,60,4,SGA,cert,-0.017263902407632276,0.02378625528910921,0.016212838768927245,317.2376564702856,0.003152210904362377,
main,40,0.002,60,4,ASGA,cert,-0.8091818995369752,0.0037213606043842926,0.016212838768927245,317.2376564702856,0.003152210904362377,
main,41,0.002,60,4,SGA,emp,-0.9736415052963511,5.3379185668833706e-08,0.016345643464241028,313.75068031760924,61.17838078309221,
main,41,0.002,60,4,ASGA,emp,-1.9624238358623256,9.93886320466153e-10,0.016345643464241028,313.75068031760924,61.17838078309221,
main,41,0.002,60,4,SGA,cert,-0.017634643716767786,0.037486738764154884,0.016345643464241028,313.75068031760924,0.0031872440849776067,
main,41,0.002,60,4,ASGA,cert,-0.8299085412553585,0.005571567063513659,0.016345643464241028,313.75068031760924,0.0031872440849776067,
main,42,0.002,60,4,SGA,emp,-1.0418303249800955,5.966434382664865e-08,0.016292640860142735,375.24967493836124,61.377403981593645,
main,42,0.002,60,4,ASGA,emp,-2.1237669047105743,8.313590302289064e-10,0.016292640860142735,375.24967493836124,61.377403981593645,
main,42,0.002,60,4,SGA,cert,-0.014472446692509078,0.019073013650709333,0.016292640860142735,375.24967493836124,0.0026648923817569215,
main,42,0.002,60,4,ASGA,cert,-0.665072609916152,0.004203212033763847,0.016292640860142735,375.24967493836124,0.0026648923817569215,
main,43,0.002,60,4,SGA,emp,-1.0076682073531142,6.484589545885378e-08,0.01643898499626588,341.19181425106547,60.83100630769785,
main,43,0.002,60,4,ASGA,emp,-1.9950107106397912,1.1076117523156626e-09,0.01643898499626588,341.19181425106547,60.83100630769785,
main,43,0.002,60,4,SGA,cert,-0.016168474858535297,0.034796552788912485,0.01643898499626588,341.19181425106547,0.002930902671844734,
main,43,0.002,60,4,ASGA,cert,-0.7527573369954634,0.006223786648743443,0.01643898499626588,341.19181425106547,0.002930902671844734,
main,44,0.002,60,4,SGA,emp,-0.984304680280573,8.285353724629685e-08,0.01636134777480357,357.63472596067373,61.11965919702515,
main,44,0.002,60,4,ASGA,emp,-1.978726825311886,1.491311525658734e-09,0.01636134777480357,357.63472596067373,61.11965919702515,
main,44,0.002,60,4,SGA,cert,-0.015316897530216794,0.02726978570962845,0.01636134777480357,357.63472596067373,0.002796149052119626,
main,44,0.002,60,4,ASGA,cert,-0.7085087841817025,0.005421242097619905,0.01636134777480357,357.63472596067373,0.002796149052119626,
main,45,0.002,60,4,SGA,emp,-0.9888871494584778,6.106783488613043e-08,0.016387000681204515,285.13832757831426,61.02397988833767,
main,45,0.002,60,4,ASGA,emp,-2.0015624721621004,1.0481397139106008e-09,0.016387000681204515,285.13832757831426,61.02397988833767,
main,45,0.002,60,4,SGA,cert,-0.019246508485968056,0.026798422142031403,0.016387000681204515,285.13832757831426,0.0035070697387230287,
main,45,0.002,60,4,ASGA,cert,-0.9153681441577795,0.0032441221479839327,0.016387000681204515,285.13832757831426,0.0035070697387230287,
main,46,0.002,60,4,SGA,emp,-0.9945075988875376,5.877402734638659e-08,0.016055800607806238,378.47416827971614,62.28278641638124,
main,46,0.002,60,4,ASGA,emp,-1.9741221913229305,1.0527733199094946e-09,0.016055800607806238,378.47416827971614,62.28278641638124,
main,46,0.002,60,4,SGA,cert,-0.01457704101283073,0.03390735826216415,0.016055800607806238,378.47416827971614,0.00264218824905624,
main,46,0.002,60,4,ASGA,cert,-0.6713886059507004,0.0073525679740978,0.016055800607806238,378.47416827971614,0.00264218824905624,
main,47,0.002,60,4,SGA,emp,-0.9628307157386601,6.256965087020339e-08,0.016123345516894098,348.3227897572906,62.02186754307265,
main,47,0.002,60,4,ASGA,emp,-1.9646531134290386,1.1499218105504028e-09,0.016123345516894098,348.3227897572906,62.02186754307265,
main,47,0.002,60,4,SGA,cert,-0.015865720606287,0.03445785371819163,0.016123345516894098,348.3227897572906,0.002870900295374858,
main,47,0.002,60,4,ASGA,cert,-0.7371531476822207,0.006394777138230445,0.016123345516894098,348.3227897572906,0.002870900295374858,
main,48,0.002,60,4,SGA,emp,-1.0104032514559909,8.182447823815164e-08,0.016374102249774487,282.42281858426276,61.07205053112286,
main,48,0.002,60,4,ASGA,emp,-2.099485289183833,1.183853008679403e-09,0.016374102249774487,282.42281858426276,61.07205053112286,
main,48,0.002,60,4,SGA,cert,-0.01905087238774923,0.016310374514593672,0.016374102249774487,282.42281858426276,0.0035407903830605076,
main,48,0.002,60,4,ASGA,cert,-0.902048183614237,0.0020477021246896425,0.016374102249774487,282.42281858426276,0.0035407903830605076,
main,49,0.002,60,4,SGA,emp,-1.0235354762672404,7.421507827384821e-08,0.01628240794996575,397.1243068993619,61.415977481518844,
main,49,0.002,60,4,ASGA,emp,-2.117328860446561,1.0278205613001301e-09,0.01628240794996575,397.1243068993619,61.415977481518844,
main,49,0.002,60,4,SGA,cert,-0.013572264403619892,0.01673803953840985,0.01628240794996575,397.1243068993619,0.0025181032302145565,
main,49,0.002,60,4,ASGA,cert,-0.6197891937238555,0.004103408396317471,0.01628240794996575,397.1243068993619,0.0025181032302145565,
main,0,0.002,60,8,SGA,emp,-1.0031263457728046,8.179124440232943e-08,0.016436976755376323,398.449846455816,60.83843853298101,
main,0,0.002,60,8,ASGA,emp,-2.0489282841971366,1.2959525536038186e-09,0.016436976755376323,398.449846455816,60.83843853298101,
main,0,0.002,60,8,SGA,cert,-0.013745239260313253,0.026916245706275717,0.016436976755376323,398.449846455816,0.0025097261522245055,
main,0,0.002,60,8,ASGA,cert,-0.6291878979034058,0.006448623838187548,0.016436976755376323,398.449846455816,0.0025097261522245055,
main,1,0.002,60,8,SGA,emp,-0.9960002011796296,8.696289823667547e-08,0.016417779245555535,395.28654099013545,60.909577662320594,
main,1,0.002,60,8,ASGA,emp,-2.0420259113026624,1.386826369020877e-09,0.016417779245555535,395.28654099013545,60.909577662320594,
main,1,0.002,60,8,SGA,cert,-0.013803957905634946,0.02437418590708446,0.016417779245555535,395.28654099013545,0.002529810393986967,
main,1,0.002,60,8,ASGA,cert,-0.6319120763334659,0.005804174488574697,0.016417779245555535,395.28654099013545,0.002529810393986967,
main,2,0.002,60,8,SGA,emp,-1.0243902979769597,6.40089648784592e-08,0.01635546084067859,358.8363011667794,61.141658418626974,
main,2,0.002,60,8,ASGA,emp,-2.0204804653287023,1.0618066564882511e-09,0.01635546084067859,358.8363011667794,61.141658418626974,
main,2,0.002,60,8,SGA,cert,-0.01530624536409812,0.0288736152532913,0.01635546084067859,358.8363011667794,0.0027867860546673664,
main,2,0.002,60,8,ASGA,cert,-0.708073598693637,0.005744457097856384,0.01635546084067859,358.8363011667794,0.0027867860546673664,
main,3,0.002,60,8,SGA,emp,-0.9941522802616432,7.641580983264173e-08,0.016305929266228016,368.0818822121199,61.327384883923635,
main,3,0.002,60,8,ASGA,emp,-2.0393798847172198,1.2333393265007153e-09,0.016305929266228016,368.0818822121199,61.327384883923635,
main,3,0.002,60,8,SGA,cert,-0.01488666088555578,0.026267459632201916,0.016305929266228016,368.0818822121199,0.0027167868029530327,
main,3,0.002,60,8,ASGA,cert,-0.6864942316855498,0.0055006702060082235,0.016305929266228016,368.0818822121199,0.0027167868029530327,
main,4,0.002,60,8,SGA,emp,-0.9987792588801756,7.752827164281273e-08,0.016333591306294866,311.91185676505575,61.22352281550023,
main,4,0.002,60,8,ASGA,emp,-2.0517852793380884,1.2192169634994698e-09,0.016333591306294866,311.91185676505575,61.22352281550023,
main,4,0.002,60,8,SGA,cert,-0.01748549356835541,0.02251552478798531,0.016333591306294866,311.91185676505575,0.003206033942958569,
main,4,0.002,60,8,ASGA,cert,-0.8203498129512112,0.0034322941227240347,0.016333591306294866,311.91185676505575,0.003206033942958569,
main,5,0.002,60,8,SGA,emp,-1.012306014723638,6.612612423601005e-08,0.01636922049543892,388.84490714667623,61.090263905885905,
main,5,0.002,60,8,ASGA,emp,-2.066665684228058,1.0282533505212577e-09,0.01636922049543892,388.84490714667623,61.090263905885905,
main,5,0.002,60,8,SGA,cert,-0.0140845558321678,0.024679115847858132,0.01636922049543892,388.84490714667623,0.002571719422373172,
main,5,0.002,60,8,ASGA,cert,-0.6460757040215981,0.0056832607777785454,0.01636922049543892,388.84490714667623,0.002571719422373172,
main,6,0.002,60,8,SGA,emp,-1.0363829187006142,6.714600829516026e-08,0.016423384206206135,398.4494976100187,60.888790485831535,
main,6,0.002,60,8,ASGA,emp,-2.075051427134274,1.016430752065478e-09,0.016423384206206135,398.4494976100187,60.888790485831535,
main,6,0.002,60,8,SGA,cert,-0.013639602871619258,0.020107850462811702,0.016423384206206135,398.4494976100187,0.002509728349510299,
main,6,0.002,60,8,ASGA,cert,-0.6235005382482968,0.0048844233292923735,0.016423384206206135,398.4494976100187,0.002509728349510299,
main,7,0.002,60,8,SGA,emp,-1.0163471174673664,6.441758258063368e-08,0.016380773743146535,334.9440461991773,61.04717736049463,
main,7,0.002,60,8,ASGA,emp,-2.0497389158243298,1.0218459828292836e-09,0.016380773743146535,334.9440461991773,61.04717736049463,
main,7,0.002,60,8,SGA,cert,-0.01641279744312696,0.029292518884964286,0.016380773743146535,334.9440461991773,0.002985573296040442,
main,7,0.002,60,8,ASGA,cert,-0.7651242032228162,0.005089192929007572,0.016380773743146535,334.9440461991773,0.002985573296040442,
main,8,0.002,60,8,SGA,emp,-1.0160824428327753,8.141718396692532e-08,0.01638680429935703,370.0859400237783,61.02471120859343,
main,8,0.002,60,8,ASGA,emp,-2.0415853549632232,1.2844853097826459e-09,0.01638680429935703,370.0859400237783,61.02471120859343,
main,8,0.002,60,8,SGA,cert,-0.014765926699631267,0.025955100681312748,0.01638680429935703,370.0859400237783,0.0027020750908174174,
main,8,0.002,60,8,ASGA,cert,-0.6803240331256836,0.005516117303338987,0.01638680429935703,370.0859400237783,0.0027020750908174174,
main,9,0.002,60,8,SGA,emp,-1.0060241758297606,7.261972216621171e-08,0.0163674452734487,398.30593086974045,61.096889789037625,
main,9,0.002,60,8,ASGA,emp,-2.029600282574264,1.1980196140681798e-09,0.0163674452734487,398.30593086974045,61.096889789037625,
main,9,0.002,60,8,SGA,cert,-0.013814802563052104,0.030649082630608303,0.0163674452734487,398.30593086974045,0.002510632964506456,
main,9,0.002,60,8,ASGA,cert,-0.6328037169416753,0.00727905330811579,0.0163674452734487,398.30593086974045,0.002510632964506456,
main,10,0.002,60,8,SGA,emp,-0.9676300108316495,5.4333451127153154e-08,0.01627240006718894,318.1372183818844,61.453749654076084,
main,10,0.002,60,8,ASGA,emp,-1.9751355964181856,9.909364023785727e-10,0.01627240006718894,318.1372183818844,61.453749654076084,
main,10,0.002,60,8,SGA,cert,-0.017363460103637866,0.032881629880578966,0.01627240006718894,318.1372183818844,0.003143297741415541,
main,10,0.002,60,8,ASGA,cert,-0.8153188803079031,0.0050628660504381945,0.01627240006718894,318.1372183818844,0.003143297741415541,
main,11,0.002,60,8,SGA,emp,-0.9740987202314384,7.732932039844487e-08,0.016347370311457547,363.0752279507572,61.171918231956845,
main,11,0.002,60,8,ASGA,emp,-2.006959836414897,1.317163225711404e-09,0.016347370311457547,363.0752279507572,61.171918231956845,
main,11,0.002,60,8,SGA,cert,-0.015142986294070926,0.0297057205424597,0.016347370311457547,363.0752279507572,0.0027542501471227525,
main,11,0.002,60,8,ASGA,cert,-0.6998080741750741,0.0060260733313931905,0.016347370311457547,363.0752279507572,0.0027542501471227525,
main,12,0.002,60,8,SGA,emp,-0.9966473888899415,6.764724870544914e-08,0.0161316665093249,400.78053951916576,61.98987559170967,
main,12,0.002,60,8,ASGA,emp,-2.0172232673615813,1.1365803853635725e-09,0.0161316665093249,400.78053951916576,61.98987559170967,
main,12,0.002,60,8,SGA,cert,-0.013732751039922336,0.031347917429875694,0.0161316665093249,400.78053951916576,0.0024951311288710387,
main,12,0.002,60,8,ASGA,cert,-0.628754718379796,0.0075156940293196126,0.0161316665093249,400.78053951916576,0.0024951311288710387,
main,13,0.002,60,8,SGA,emp,-1.0036256637097196,5.958816581830284e-08,0.016345586834228047,379.19653379421175,61.178592738314926,
main,13,0.002,60,8,ASGA,emp,-1.9858279211009773,1.0586393220379797e-09,0.016345586834228047,379.19653379421175,61.178592738314926,
main,13,0.002,60,8,SGA,cert,-0.014566659474111121,0.035980411924222015,0.016345586834228047,379.19653379421175,0.0026371549074936836,
main,13,0.002,60,8,ASGA,cert,-0.6708939568905203,0.007810780849695324,0.016345586834228047,379.19653379421175,0.0026371549074936836,
main,14,0.002,60,8,SGA,emp,-1.0219397186550618,7.15022663994036e-08,0.016353508026070992,381.8802375583383,61.148959501887056,
main,14,0.002,60,8,ASGA,emp,-2.066465867530415,1.0896102353719073e-09,0.016353508026070992,381.8802375583383,61.148959501887056,
main,14,0.002,60,8,SGA,cert,-0.01421842724395401,0.020188913925321097,0.016353508026070992,381.8802375583383,0.002618622022427212,
main,14,0.002,60,8,ASGA,cert,-0.6523719781418286,0.00458390202194698,0.016353508026070992,381.8802375583383,0.002618622022427212,
main,15,0.002,60,8,SGA,emp,-0.9926737794042233,6.183832473166673e-08,0.01637394559689324,393.59972703903105,61.07263481990181,
main,15,0.002,60,8,ASGA,emp,-2.0079168683592883,1.0633400340798183e-09,0.01637394559689324,393.59972703903105,61.07263481990181,
main,15,0.002,60,8,SGA,cert,-0.01402344299268185,0.03264826620541959,0.01637394559689324,393.59972703903105,0.0025406521684422706,
main,15,0.002,60,8,ASGA,cert,-0.6433873399699126,0.007561800278009345,0.01637394559689324,393.59972703903105,0.0025406521684422706,
main,16,0.002,60,8,SGA,emp,-0.9793072838117286,9.708911036243606e-08,0.016401095114013876,388.92514448332065,60.97153836670043,
main,16,0.002,60,8,ASGA,emp,-1.9974326216807732,1.6633725299919355e-09,0.016401095114013876,388.92514448332065,60.97153836670043,
main,16,0.002,60,8,SGA,cert,-0.01407451532144118,0.02721964555370185,0.016401095114013876,388.92514448332065,0.0025711888629069745,
main,16,0.002,60,8,ASGA,cert,-0.645552529934929,0.00627675195076878,0.016401095114013876,388.92514448332065,0.0025711888629069745,
main,17,0.002,60,8,SGA,emp,-1.0006202752719147,8.561488190617084e-08,0.01627395167067956,393.8095121979829,61.447890483887775,
main,17,0.002,60,8,ASGA,emp,-2.0569297518998315,1.3576847493479427e-09,0.01627395167067956,393.8095121979829,61.447890483887775,
main,17,0.002,60,8,SGA,cert,-0.01378298758431003,0.020466911063688885,0.01627395167067956,393.8095121979829,0.0025392987447628293,
main,17,0.002,60,8,ASGA,cert,-0.6305790911753867,0.004890752453489383,0.01627395167067956,393.8095121979829,0.0025392987447628293,
main,18,0.002,60,8,SGA,emp,-1.0045144721416,8.030931579472433e-08,0.01636970074477534,393.85621020921343,61.088471658174115,
main,18,0.002,60,8,ASGA,emp,-2.0502467870284877,1.2723159956151697e-09,0.01636970074477534,393.85621020921343,61.088471658174115,
main,18,0.002,60,8,SGA,cert,-0.013894009846190561,0.02574534075401357,0.01636970074477534,393.85621020921343,0.0025389976699080295,
main,18,0.002,60,8,ASGA,cert,-0.6364827395106725,0.006064334562670741,0.01636970074477534,393.85621020921343,0.0025389976699080295,
main,19,0.002,60,8,SGA,emp,-0.9781728414910184,6.301314207923792e-08,0.01627104509031051,323.01021043018545,61.45886723622351,
main,19,0.002,60,8,ASGA,emp,-1.991152799732622,1.1205515890178042e-09,0.01627104509031051,323.01021043018545,61.45886723622351,
main,19,0.002,60,8,SGA,cert,-0.017094043856864687,0.03381115077316737,0.01627104509031051,323.01021043018545,0.0030958773676788686,
main,19,0.002,60,8,ASGA,cert,-0.8010569797777922,0.005387939132709033,0.01627104509031051,323.01021043018545,0.0030958773676788686,
main,20,0.002,60,8,SGA,emp,-1.0020945346081769,7.203107146164234e-08,0.016345128851208233,387.81648223938777,61.180306934446705,
main,20,0.002,60,8,ASGA,emp,-1.983850881071472,1.2982160901842121e-09,0.016345128851208233,387.81648223938777,61.180306934446705,
main,20,0.002,60,8,SGA,cert,-0.014156401042385053,0.028853930790535116,0.016345128851208233,387.81648223938777,0.0025785391952029757,
main,20,0.002,60,8,ASGA,cert,-0.6499027353831724,0.006583854442586766,0.016345128851208233,387.81648223938777,0.0025785391952029757,
main,21,0.002,60,8,SGA,emp,-1.011337228897356,7.101694217415133e-08,0.01640135674950594,348.72930447930787,60.97056574482006,
main,21,0.002,60,8,ASGA,emp,-2.06734839142027,1.0803653388569145e-09,0.01640135674950594,348.72930447930787,60.97056574482006,
main,21,0.002,60,8,SGA,cert,-0.01570953114605922,0.02571296652979751,0.01640135674950594,348.72930447930787,0.002867553678900351,
main,21,0.002,60,8,ASGA,cert,-0.7285405743846414,0.004874797197992803,0.01640135674950594,348.72930447930787,0.002867553678900351,
main,22,0.002,60,8,SGA,emp,-0.9766023404225374,1.0166041237991141e-07,0.01622981691906724,388.22858015572615,61.61498955821074,
main,22,0.002,60,8,ASGA,emp,-1.9991981124282887,1.8001044335691496e-09,0.01622981691906724,388.22858015572615,61.61498955821074,
main,22,0.002,60,8,SGA,cert,-0.014090408531555909,0.027131535160286314,0.01622981691906724,388.22858015572615,0.002575802120490151,
main,22,0.002,60,8,ASGA,cert,-0.6463277546691248,0.006245439714706313,0.01622981691906724,388.22858015572615,0.002575802120490151,
main,23,0.002,60,8,SGA,emp,-1.018847513094731,6.221626512592504e-08,0.016307108208013277,384.01190899574334,61.32295114768431,
main,23,0.002,60,8,ASGA,emp,-2.0033729943538057,1.058436317757927e-09,0.016307108208013277,384.01190899574334,61.32295114768431,
main,23,0.002,60,8,SGA,cert,-0.014294927829187133,0.028651542237250034,0.016307108208013277,384.01190899574334,0.0026040859061250746,
main,23,0.002,60,8,ASGA,cert,-0.6568168247447888,0.006432633276342331,0.016307108208013277,384.01190899574334,0.0026040859061250746,
main,24,0.002,60,8,SGA,emp,-1.0062058865713128,8.283136212691722e-08,0.016330326957519698,391.3738671919662,61.235761084350216,
main,24,0.002,60,8,ASGA,emp,-2.1000825236524836,1.1874886490792491e-09,0.016330326957519698,391.3738671919662,61.235761084350216,
main,24,0.002,60,8,SGA,cert,-0.013763350982247966,0.016663296073335214,0.016330326957519698,391.3738671919662,0.0025551016146653114,
main,24,0.002,60,8,ASGA,cert,-0.6292168913285714,0.003996448681115733,0.016330326957519698,391.3738671919662,0.0025551016146653114,
main,25,0.002,60,8,SGA,emp,-0.9847476205431361,6.18736268748199e-08,0.016238760574149726,364.30127110131474,61.58105450436206,
main,25,0.002,60,8,ASGA,emp,-1.9712911791113075,1.1236604285924656e-09,0.016238760574149726,364.30127110131474,61.58105450436206,
main,25,0.002,60,8,SGA,cert,-0.015214351570827669,0.04383295161042254,0.016238760574149726,364.30127110131474,0.002744980814853904,
main,25,0.002,60,8,ASGA,cert,-0.7042069470208354,0.008791679969963787,0.016238760574149726,364.30127110131474,0.002744980814853904,
main,26,0.002,60,8,SGA,emp,-0.9853039585390596,8.655196186146963e-08,0.016213086895384587,350.9411157101337,61.678569075249456,
main,26,0.002,60,8,ASGA,emp,-2.0218234322162587,1.431191561096501e-09,0.016213086895384587,350.9411157101337,61.678569075249456,
main,26,0.002,60,8,SGA,cert,-0.015566869899711925,0.02506809687098537,0.016213086895384587,350.9411157101337,0.002849480882217199,
main,26,0.002,60,8,ASGA,cert,-0.7209512148132482,0.004840847248950779,0.016213086895384587,350.9411157101337,0.002849480882217199,
main,27,0.002,60,8,SGA,emp,-1.0050005959314314,7.137604514373397e-08,0.01633546308385947,352.1757724836559,61.216507598616346,
main,27,0.002,60,8,ASGA,emp,-2.0189330009596915,1.1899284751981654e-09,0.01633546308385947,352.1757724836559,61.216507598616346,
main,27,0.002,60,8,SGA,cert,-0.015585240038174245,0.02821070192247415,0.01633546308385947,352.1757724836559,0.002839491180633128,
main,27,0.002,60,8,ASGA,cert,-0.7223305716379488,0.005426620505656843,0.01633546308385947,352.1757724836559,0.002839491180633128,
main,28,0.002,60,8,SGA,emp,-1.0016417896657397,6.667211342042956e-08,0.016423643587588733,377.95661653260373,60.88782885885901,
main,28,0.002,60,8,ASGA,emp,-2.007206696960899,1.139327167332116e-09,0.016423643587588733,377.95661653260373,60.88782885885901,
main,28,0.002,60,8,SGA,cert,-0.01459910111242142,0.03427186188353551,0.016423643587588733,377.95661653260373,0.0026458063075441274,
main,28,0.002,60,8,ASGA,cert,-0.6724389641635368,0.007413664783814437,0.016423643587588733,377.95661653260373,0.0026458063075441274,
main,29,0.002,60,8,SGA,emp,-0.9991659822154896,7.000202675161438e-08,0.016365240841909358,396.64439311868915,61.105119665524484,
main,29,0.002,60,8,ASGA,emp,-2.01426187993417,1.1860243967487527e-09,0.016365240841909358,396.64439311868915,61.105119665524484,
main,29,0.002,60,8,SGA,cert,-0.01386736231063778,0.030095886561716415,0.016365240841909358,396.64439311868915,0.002521149970474351,
main,29,0.002,60,8,ASGA,cert,-0.6354625517548206,0.007103085739796268,0.016365240841909358,396.64439311868915,0.002521149970474351,
main,30,0.002,60,8,SGA,emp,-0.9927063449521041,7.410243723499077e-08,0.016311048444085204,335.29592369729517,61.30813745223258,
main,30,0.002,60,8,ASGA,emp,-2.0490604618009525,1.1732207358394753e-09,0.016311048444085204,335.29592369729517,61.30813745223258,
main,30,0.002,60,8,SGA,cert,-0.01632587585114318,0.02537624719852525,0.016311048444085204,335.29592369729517,0.002982440075539955,
main,30,0.002,60,8,ASGA,cert,-0.7602236204755605,0.004462966121157964,0.016311048444085204,335.29592369729517,0.002982440075539955,
main,31,0.002,60,8,SGA,emp,-1.0051912668397034,6.53992521873481e-08,0.016314715594914254,372.8748218616602,61.29435687568636,
main,31,0.002,60,8,ASGA,emp,-2.025626873923284,1.0709015202392536e-09,0.016314715594914254,372.8748218616602,61.29435687568636,
main,31,0.002,60,8,SGA,cert,-0.014804039277431935,0.03510276101372332,0.016314715594914254,372.8748218616602,0.002681865176649038,
main,31,0.002,60,8,ASGA,cert,-0.6829150420100758,0.007407699240187804,0.016314715594914254,372.8748218616602,0.002681865176649038,
main,32,0.002,60,8,SGA,emp,-0.983555860792676,5.605444944323246e-08,0.016307398541126568,320.2969126560948,61.3218593681906,
main,32,0.002,60,8,ASGA,emp,-2.004194335348581,9.667072281560607e-10,0.016307398541126568,320.2969126560948,61.3218593681906,
main,32,0.002,60,8,SGA,cert,-0.017317502579363042,0.04160288273421364,0.016307398541126568,320.2969126560948,0.003122103150190859,
main,32,0.002,60,8,ASGA,cert,-0.8133263884035352,0.006432483391820315,0.016307398541126568,320.2969126560948,0.003122103150190859,
main,33,0.002,60,8,SGA,emp,-0.9959108500742366,1.0770895481071463e-07,0.016338819062277524,399.108060979864,61.20393378422091,
main,33,0.002,60,8,ASGA,emp,-2.0313157868634453,1.709546046391175e-09,0.016338819062277524,399.108060979864,61.20393378422091,
main,33,0.002,60,8,SGA,cert,-0.013611279592853227,0.022890087153852778,0.016338819062277524,399.108060979864,0.0025055870772062723,
main,33,0.002,60,8,ASGA,cert,-0.6221063565672686,0.00557951057349966,0.016338819062277524,399.108060979864,0.0025055870772062723,
main,34,0.002,60,8,SGA,emp,-0.9981650729683019,6.024756851741309e-08,0.016340497336296778,350.96540715749506,61.19764774715409,
main,34,0.002,60,8,ASGA,emp,-2.0086605879465638,1.0272686451484603e-09,0.016340497336296778,350.96540715749506,61.19764774715409,
main,34,0.002,60,8,SGA,cert,-0.015755767664410593,0.036961767480067284,0.016340497336296778,350.96540715749506,0.0028492836604584564,
main,34,0.002,60,8,ASGA,cert,-0.731623868895206,0.006949535015531291,0.016340497336296778,350.96540715749506,0.0028492836604584564,
main,35,0.002,60,8,SGA,emp,-0.9707917509703158,7.00801703890086e-08,0.016259561618902924,399.6362353704703,61.50227315092107,
main,35,0.002,60,8,ASGA,emp,-1.9833983954339012,1.2677049618381453e-09,0.016259561618902924,399.6362353704703,61.50227315092107,
main,35,0.002,60,8,SGA,cert,-0.013836581208926026,0.03656004900590573,0.016259561618902924,399.6362353704703,0.002502275598390074,
main,35,0.002,60,8,ASGA,cert,-0.6341467013240032,0.00865236754028538,0.016259561618902924,399.6362353704703,0.002502275598390074,
main,36,0.002,60,8,SGA,emp,-1.0215923187422211,7.293981877515288e-08,0.01629384924399904,361.45857871175895,61.372852112787044,
main,36,0.002,60,8,ASGA,emp,-2.0764296620166434,1.0900976996075507e-09,0.01629384924399904,361.45857871175895,61.372852112787044,
main,36,0.002,60,8,SGA,cert,-0.015033552597331969,0.02071757643105699,0.01629384924399904,361.45857871175895,0.002766568727083494,
main,36,0.002,60,8,ASGA,cert,-0.693484950307644,0.004270519920116754,0.01629384924399904,361.45857871175895,0.002766568727083494,
main,37,0.002,60,8,SGA,emp,-0.9939342749800265,9.778743682853364e-08,0.016337533242479677,371.41243876277036,61.208750743341845,
main,37,0.002,60,8,ASGA,emp,-2.021411501215334,1.6264299976254115e-09,0.016337533242479677,371.41243876277036,61.208750743341845,
main,37,0.002,60,8,SGA,cert,-0.014692002205209363,0.025200176118178853,0.016337533242479677,371.41243876277036,0.0026924246353491757,
main,37,0.002,60,8,ASGA,cert,-0.6764290029274597,0.0054059840136159165,0.016337533242479677,371.41243876277036,0.0026924246353491757,
main,38,0.002,60,8,SGA,emp,-0.9831368029624542,9.108122030893062e-08,0.01638078339843471,381.67247993572613,61.04714137759471,
main,38,0.002,60,8,ASGA,emp,-1.9936773468484896,1.5958983787256464e-09,0.01638078339843471,381.67247993572613,61.04714137759471,
main,38,0.002,60,8,SGA,cert,-0.014345978728525308,0.027135888254923607,0.01638078339843471,381.67247993572613,0.002620047429587799,
main,38,0.002,60,8,ASGA,cert,-0.6591710281089821,0.006060442654806084,0.01638078339843471,381.67247993572613,0.002620047429587799,
main,39,0.002,60,8,SGA,emp,-0.9992515753313863,7.773102037728075e-08,0.01639443619994579,344.8377539118834,60.9963031240627,
main,39,0.002,60,8,ASGA,emp,-2.0661473011319784,1.1886052142529024e-09,0.01639443619994579,344.8377539118834,60.9963031240627,
main,39,0.002,60,8,SGA,cert,-0.015792934270233407,0.02186420605961668,0.01639443619994579,344.8377539118834,0.0028999144921223754,
main,39,0.002,60,8,ASGA,cert,-0.7323317036076469,0.004110932513096542,0.01639443619994579,344.8377539118834,0.0028999144921223754,
main,40,0.002,60,8,SGA,emp,-1.010451426738387,7.027804323905817e-08,0.016352432354756422,390.91692826033835,61.15298191153383,
main,40,0.002,60,8,ASGA,emp,-1.9978253569054876,1.224906842622886e-09,0.016352432354756422,390.91692826033835,61.15298191153383,
main,40,0.002,60,8,SGA,cert,-0.014040096233633352,0.028492077663831883,0.016352432354756422,390.91692826033835,0.0025580882476750446,
main,40,0.002,60,8,ASGA,cert,-0.644072213811162,0.00659089414623848,0.016352432354756422,390.91692826033835,0.0025580882476750446,
main,41,0.002,60,8,SGA,emp,-0.978318143009716,7.947977972988518e-08,0.016303140408727317,318.1391297939139,61.33787570551039,
main,41,0.002,60,8,ASGA,emp,-2.020462575486178,1.341957815703676e-09,0.016303140408727317,318.1391297939139,61.33787570551039,
main,41,0.002,60,8,SGA,cert,-0.017236394053944063,0.027220793930010676,0.016303140408727317,318.1391297939139,0.0031432788561651815,
main,41,0.002,60,8,ASGA,cert,-0.8079304122128378,0.004271172651693758,0.016303140408727317,318.1391297939139,0.0031432788561651815,
main,42,0.002,60,8,SGA,emp,-1.0124172577859991,6.39259538082193e-08,0.016270772356317152,366.0395669896067,61.45989742224796,
main,42,0.002,60,8,ASGA,emp,-2.004181161844419,1.0877451717128395e-09,0.016270772356317152,366.0395669896067,61.45989742224796,
main,42,0.002,60,8,SGA,cert,-0.015028276191441398,0.030801073074166487,0.016270772356317152,366.0395669896067,0.002731945096056771,
main,42,0.002,60,8,ASGA,cert,-0.6940040607481022,0.006334265788861884,0.016270772356317152,366.0395669896067,0.002731945096056771,
main,43,0.002,60,8,SGA,emp,-0.9931000633642276,8.740255641459527e-08,0.01637006478669516,401.35283814973906,61.08711315625056,
main,43,0.002,60,8,ASGA,emp,-2.0089234652180865,1.505538693713504e-09,0.01637006478669516,401.35283814973906,61.08711315625056,
main,43,0.002,60,8,SGA,cert,-0.013631895334751726,0.026478421668715828,0.01637006478669516,401.35283814973906,0.002491573261597104,
main,43,0.002,60,8,ASGA,cert,-0.6234353363419953,0.006430585422533441,0.01637006478669516,401.35283814973906,0.002491573261597104,
main,44,0.002,60,8,SGA,emp,-0.9937996057548736,5.267851560519787e-08,0.01635618678079415,397.19808248496247,61.13894475540139,
main,44,0.002,60,8,ASGA,emp,-2.0078266173868884,8.917053137547093e-10,0.01635618678079415,397.19808248496247,61.13894475540139,
main,44,0.002,60,8,SGA,cert,-0.013904122473013668,0.03250670914110281,0.01635618678079415,397.19808248496247,0.0025176355176333436,
main,44,0.002,60,8,ASGA,cert,-0.6374631193189045,0.007633874603724236,0.01635618678079415,397.19808248496247,0.0025176355176333436,
main,45,0.002,60,8,SGA,emp,-0.9788844745649172,8.441124123292898e-08,0.016350704270707013,302.3590793396103,61.1594450883405,
main,45,0.002,60,8,ASGA,emp,-2.0115467535209515,1.447930497722183e-09,0.016350704270707013,302.3590793396103,61.1594450883405,
main,45,0.002,60,8,SGA,cert,-0.017974905060209757,0.020765921020402592,0.016350704270707013,302.3590793396103,0.003307325853035814,
main,45,0.002,60,8,ASGA,cert,-0.8458502808819561,0.002979520025684329,0.016350704270707013,302.3590793396103,0.003307325853035814,
main,46,0.002,60,8,SGA,emp,-0.9736639923827034,6.350297676593897e-08,0.016197590945232147,384.52111248528195,61.737575876637116,
main,46,0.002,60,8,ASGA,emp,-1.9629127016798893,1.1489300483225051e-09,0.016197590945232147,384.52111248528195,61.737575876637116,
main,46,0.002,60,8,SGA,cert,-0.014384402111297524,0.038629408804961685,0.016197590945232147,384.52111248528195,0.0026006374358398237,
main,46,0.002,60,8,ASGA,cert,-0.661843614135957,0.008565030208652846,0.016197590945232147,384.52111248528195,0.0026006374358398237,
main,47,0.002,60,8,SGA,emp,-1.0042223309380505,6.989331553797218e-08,0.0161916352351703,353.51238651508794,61.76028458372582,
main,47,0.002,60,8,ASGA,emp,-2.038136452936413,1.1335559088609948e-09,0.0161916352351703,353.51238651508794,61.76028458372582,
main,47,0.002,60,8,SGA,cert,-0.015545415220369825,0.029616532084785187,0.0161916352351703,353.51238651508794,0.0028287551954203445,
main,47,0.002,60,8,ASGA,cert,-0.7203041101683074,0.005724103453401713,0.0161916352351703,353.51238651508794,0.0028287551954203445,
main,48,0.002,60,8,SGA,emp,-0.97925965686408,1.108491454876459e-07,0.016293896120857642,374.19201821178297,61.372675545654836,
main,48,0.002,60,8,ASGA,emp,-2.003330273407148,1.9164609829647183e-09,0.016293896120857642,374.19201821178297,61.372675545654836,
main,48,0.002,60,8,SGA,cert,-0.014388735513523047,0.018555556263901613,0.016293896120857642,374.19201821178297,0.002672424721347279,
main,48,0.002,60,8,ASGA,cert,-0.6604580431606697,0.004137262065710856,0.016293896120857642,374.19201821178297,0.002672424721347279,
main,49,0.002,60,8,SGA,emp,-1.0015824109109395,7.31282226648644e-08,0.016312968061898987,368.87254441877656,61.300923057382015,
main,49,0.002,60,8,ASGA,emp,-2.0542025952728404,1.1546458789091218e-09,0.016312968061898987,368.87254441877656,61.300923057382015,
main,49,0.002,60,8,SGA,cert,-0.014901286715730854,0.029451343699735646,0.016312968061898987,368.87254441877656,0.0027109634889624966,
main,49,0.002,60,8,ASGA,cert,-0.6874758787128389,0.006151140815782878,0.016312968061898987,368.87254441877656,0.0027109634889624966,
main,0,0.002,120,2,SGA,emp,-0.9998263671669259,1.2648219111649484e-07,0.008143023049403217,398.3652388508622,122.80451546471892,
main,0,0.002,120,2,ASGA,emp,-2.0338834432503683,2.0650990847914663e-09,0.008143023049403217,398.3652388508622,122.80451546471892,
main,0,0.002,120,2,SGA,cert,-0.0067300269381612736,0.01877096302082932,0.008143023049403217,398.3652388508622,0.002510259185476709,
main,0,0.002,120,2,ASGA,cert,-0.2949726834722999,0.00970511486676253,0.008143023049403217,398.3652388508622,0.002510259185476709,
main,1,0.002,120,2,SGA,emp,-0.9663179953523943,1.1692902873033928e-07,0.00811321569040853,361.45083348845196,123.25569024156515,
main,1,0.002,120,2,ASGA,emp,-1.968791488230761,2.1617335213552913e-09,0.00811321569040853,361.45083348845196,123.25569024156515,
main,1,0.002,120,2,SGA,cert,-0.007503299698614216,0.022688560622136058,0.00811321569040853,361.45083348845196,0.002766628009537981,
main,1,0.002,120,2,ASGA,cert,-0.33038034731413063,0.010824924556533298,0.00811321569040853,361.45083348845196,0.002766628009537981,
main,2,0.002,120,2,SGA,emp,-1.0068083322438277,8.688464061407108e-08,0.008169254010571508,376.1496290224232,122.41019788415682,
main,2,0.002,120,2,ASGA,emp,-2.0199320591418863,1.4497775965849335e-09,0.008169254010571508,376.1496290224232,122.41019788415682,
main,2,0.002,120,2,SGA,cert,-0.007211824628192307,0.02169983511287439,0.008169254010571508,376.1496290224232,0.0026585165126944404,
main,2,0.002,120,2,ASGA,cert,-0.31702160650977035,0.01067168362589297,0.008169254010571508,376.1496290224232,0.0026585165126944404,
main,3,0.002,120,2,SGA,emp,-0.9907973695216472,4.959861536757426e-08,0.00804537197109303,275.45246680235766,124.29506101060257,
main,3,0.002,120,2,ASGA,emp,-1.9613675410365654,9.243893012156335e-10,0.00804537197109303,275.45246680235766,124.29506101060257,
main,3,0.002,120,2,SGA,cert,-0.010041320231467686,0.03748239506058823,0.00804537197109303,275.45246680235766,0.0036303904321812403,
main,3,0.002,120,2,ASGA,cert,-0.44915590742282696,0.013629223401966088,0.00804537197109303,275.45246680235766,0.0036303904321812403,
main,4,0.002,120,2,SGA,emp,-0.968689462063187,9.193335053642171e-08,0.008194531020065642,378.7311626315435,122.03260901097786,
main,4,0.002,120,2,ASGA,emp,-1.9645458055301355,1.7068495505867531e-09,0.008194531020065642,378.7311626315435,122.03260901097786,
main,4,0.002,120,2,SGA,cert,-0.007272100177145638,0.0337932096310013,0.008194531020065642,378.7311626315435,0.0026403953481189263,
main,4,0.002,120,2,ASGA,cert,-0.31986571928791396,0.016510004671573805,0.008194531020065642,378.7311626315435,0.0026403953481189263,
main,5,0.002,120,2,SGA,emp,-1.0318459113385814,6.727492209840369e-08,0.00817825367594249,328.9217697836677,122.27549298716961,
main,5,0.002,120,2,ASGA,emp,-1.9964580093030342,1.1561480869892726e-09,0.00817825367594249,328.9217697836677,122.27549298716961,
main,5,0.002,120,2,SGA,cert,-0.008324796369830644,0.028881073643162638,0.00817825367594249,328.9217697836677,0.0030402365907787176,
main,5,0.002,120,2,ASGA,cert,-0.36842826037047194,0.012635299545353466,0.00817825367594249,328.9217697836677,0.0030402365907787176,
main,6,0.002,120,2,SGA,emp,-0.9942151088927841,1.0784127631169316e-07,0.008192930074816092,311.80203021942646,122.05645487856152,
main,6,0.002,120,2,ASGA,emp,-2.039899794649718,1.7426944609599815e-09,0.008192930074816092,311.80203021942646,122.05645487856152,
main,6,0.002,120,2,SGA,cert,-0.008577368003073446,0.016790971776240057,0.008192930074816092,311.80203021942646,0.00320716320960535,
main,6,0.002,120,2,ASGA,cert,-0.3799569618056312,0.007157771136106696,0.008192930074816092,311.80203021942646,0.00320716320960535,
main,7,0.002,120,2,SGA,emp,-0.9695762936468425,6.384300173245538e-08,0.008083238913027343,341.93742335837555,123.71278527823188,
main,7,0.002,120,2,ASGA,emp,-1.9658851858757227,1.1770683039369345e-09,0.008083238913027343,341.93742335837555,123.71278527823188,
main,7,0.002,120,2,SGA,cert,-0.0080716526351499,0.0376448572254927,0.008083238913027343,341.93742335837555,0.002924511713805384,
main,7,0.002,120,2,ASGA,cert,-0.3568072616671647,0.016908990764218007,0.008083238913027343,341.93742335837555,0.002924511713805384,
main,8,0.002,120,2,SGA,emp,-1.002621772729778,8.75677399411745e-08,0.008166652317718242,322.0683886981072,122.44919473679754,
main,8,0.002,120,2,ASGA,emp,-2.048904872449476,1.3847793814414366e-09,0.008166652317718242,322.0683886981072,122.44919473679754,
main,8,0.002,120,2,SGA,cert,-0.008507548192045914,0.02927003728174923,0.008166652317718242,322.0683886981072,0.0031049306144023845,
main,8,0.002,120,2,ASGA,cert,-0.37692627068119783,0.012559618155576553,0.008166652317718242,322.0683886981072,0.0031049306144023845,
main,9,0.002,120,2,SGA,emp,-1.018134685926579,5.310573820277442e-08,0.008204280139239439,272.57675700103937,121.8875980620407,
main,9,0.002,120,2,ASGA,emp,-1.9752031963398118,9.560587599377612e-10,0.008204280139239439,272.57675700103937,121.8875980620407,
main,9,0.002,120,2,SGA,cert,-0.010080119280057422,0.028556758855899873,0.008204280139239439,272.57675700103937,0.0036686913844095185,
main,9,0.002,120,2,ASGA,cert,-0.4508755543883905,0.01034444875981546,0.008204280139239439,272.57675700103937,0.0036686913844095185,
main,10,0.002,120,2,SGA,emp,-0.9650140218829042,4.632530088699571e-08,0.008111333291812283,360.99824352790176,123.28429421207694,
main,10,0.002,120,2,ASGA,emp,-1.9563448342344483,8.704945653192908e-10,0.008111333291812283,360.99824352790176,123.28429421207694,
main,10,0.002,120,2,SGA,cert,-0.007707991865163821,0.05232329385145089,0.008111333291812283,360.99824352790176,0.0027700965806020865,
main,10,0.002,120,2,ASGA,cert,-0.3400189984512194,0.0244157555547998,0.008111333291812283,360.99824352790176,0.0027700965806020865,
main,11,0.002,120,2,SGA,emp,-0.9678081203225577,1.5143663409378227e-07,0.008195728712382772,394.11358479526285,122.01477563418112,
main,11,0.002,120,2,ASGA,emp,-1.9653104172226692,2.8057034959227956e-09,0.008195728712382772,394.11358479526285,122.01477563418112,
main,11,0.002,120,2,SGA,cert,-0.006650027719927094,0.013428148220920085,0.008195728712382772,394.11358479526285,0.0025373395857934905,
main,11,0.002,120,2,ASGA,cert,-0.2912998187180186,0.007001452752795234,0.008195728712382772,394.11358479526285,0.0025373395857934905,
main,12,0.002,120,2,SGA,emp,-0.9964682057642988,7.783189803767243e-08,0.008152270704250876,353.3388396901294,122.66521025590642,
main,12,0.002,120,2,ASGA,emp,-2.010434994497792,1.3151907479747038e-09,0.008152270704250876,353.3388396901294,122.66521025590642,
main,12,0.002,120,2,SGA,cert,-0.007797585943085948,0.03646462174831818,0.008152270704250876,353.3388396901294,0.0028301445741911037,
main,12,0.002,120,2,ASGA,cert,-0.3441091549382845,0.0168596489206013,0.008152270704250876,353.3388396901294,0.0028301445741911037,
main,13,0.002,120,2,SGA,emp,-0.9945902114296792,6.16653835494585e-08,0.008171312519195017,334.2669628579993,122.37936043333627,
main,13,0.002,120,2,ASGA,emp,-1.9607470681406565,1.13735827006467e-09,0.008171312519195017,334.2669628579993,122.37936043333627,
main,13,0.002,120,2,SGA,cert,-0.00824169077313814,0.03450883360307626,0.008171312519195017,334.2669628579993,0.0029916208034738156,
main,13,0.002,120,2,ASGA,cert,-0.3646403887316631,0.01522695494560286,0.008171312519195017,334.2669628579993,0.0029916208034738156,
main,14,0.002,120,2,SGA,emp,-1.0096579768321456,5.4863007713235046e-08,0.008208204085615867,258.8022896005754,121.82932948175707,
main,14,0.002,120,2,ASGA,emp,-2.0137230367651386,9.22255154189866e-10,0.008208204085615867,258.8022896005754,121.82932948175707,
main,14,0.002,120,2,SGA,cert,-0.010610057103904265,0.027441440533501928,0.008208204085615867,258.8022896005754,0.003863953450888545,
main,14,0.002,120,2,ASGA,cert,-0.47610486747169395,0.009379996739166917,0.008208204085615867,258.8022896005754,0.003863953450888545,
main,15,0.002,120,2,SGA,emp,-1.021602820238675,9.430477267147186e-08,0.008201574320683169,390.0256504442375,121.92781055195056,
main,15,0.002,120,2,ASGA,emp,-2.0745525679810766,1.4151599267431259e-09,0.008201574320683169,390.0256504442375,121.92781055195056,
main,15,0.002,120,2,SGA,cert,-0.00693410602125795,0.02109169659638016,0.008201574320683169,390.0256504442375,0.0025639339332195316,
main,15,0.002,120,2,ASGA,cert,-0.30434051169060056,0.010675172471277552,0.008201574320683169,390.0256504442375,0.0025639339332195316,
main,16,0.002,120,2,SGA,emp,-0.9717416914275165,1.4444763316717735e-07,0.008210001308688673,375.8962760353012,121.80266024339076,
main,16,0.002,120,2,ASGA,emp,-1.979928856189661,2.6022159080318907e-09,0.008210001308688673,375.8962760353012,121.80266024339076,
main,16,0.002,120,2,SGA,cert,-0.0069885134883902,0.013710595114905057,0.008210001308688673,375.8962760353012,0.0026603083450235827,
main,16,0.002,120,2,ASGA,cert,-0.3067224017301022,0.006903487475547459,0.008210001308688673,375.8962760353012,0.0026603083450235827,
main,17,0.002,120,2,SGA,emp,-0.9904293202748111,5.841805882089712e-08,0.008221423453002176,312.0920470949459,121.63343801915896,
main,17,0.002,120,2,ASGA,emp,-1.960067027176248,1.0759387547576438e-09,0.008221423453002176,312.0920470949459,121.63343801915896,
main,17,0.002,120,2,SGA,cert,-0.008823567390574239,0.03355885508358028,0.008221423453002176,312.0920470949459,0.003204182898309408,
main,17,0.002,120,2,ASGA,cert,-0.3917333422694138,0.013920020149556955,0.008221423453002176,312.0920470949459,0.003204182898309408,
main,18,0.002,120,2,SGA,emp,-0.9856028202187105,1.1898132590282273e-07,0.00808681442662532,378.4093083239067,123.65808676251602,
main,18,0.002,120,2,ASGA,emp,-2.0232148980167857,1.9839694956336196e-09,0.00808681442662532,378.4093083239067,123.65808676251602,
main,18,0.002,120,2,SGA,cert,-0.007045046172261843,0.016513412154032136,0.00808681442662532,378.4093083239067,0.002642641124314074,
main,18,0.002,120,2,ASGA,cert,-0.3093395298063014,0.008264787756468127,0.00808681442662532,378.4093083239067,0.002642641124314074,
main,19,0.002,120,2,SGA,emp,-0.9731891742884475,9.080903232844273e-08,0.008180587558388004,385.6979381809042,122.24060837471818,
main,19,0.002,120,2,ASGA,emp,-1.9774302933775156,1.6381078021820983e-09,0.008180587558388004,385.6979381809042,122.24060837471818,
main,19,0.002,120,2,SGA,cert,-0.0071201831764770435,0.03262802318032442,0.008180587558388004,385.6979381809042,0.002592702477789677,
main,19,0.002,120,2,ASGA,cert,-0.3129470185206649,0.016192812525325034,0.008180587558388004,385.6979381809042,0.002592702477789677,
main,20,0.002,120,2,SGA,emp,-0.9985091353382268,1.0897174108209784e-07,0.008122160897857339,368.2047033202738,123.11994462751954,
main,20,0.002,120,2,ASGA,emp,-2.046251341752971,1.7378759264996546e-09,0.008122160897857339,368.2047033202738,123.11994462751954,
main,20,0.002,120,2,SGA,cert,-0.007283808841720024,0.018041406255373912,0.008122160897857339,368.2047033202738,0.002715880571276067,
main,20,0.002,120,2,ASGA,cert,-0.3202722531563475,0.008808192666192326,0.008122160897857339,368.2047033202738,0.002715880571276067,
main,21,0.002,120,2,SGA,emp,-0.9798285741645036,1.0533227150222313e-07,0.00818142454553403,376.8519301533157,122.22810275086714,
main,21,0.002,120,2,ASGA,emp,-1.9870104953271648,1.873960528420149e-09,0.00818142454553403,376.8519301533157,122.22810275086714,
main,21,0.002,120,2,SGA,cert,-0.00716623167848509,0.02022954455883289,0.00818142454553403,376.8519301533157,0.002653562102211251,
main,21,0.002,120,2,ASGA,cert,-0.31491590778491807,0.009996611141618657,0.00818142454553403,376.8519301533157,0.002653562102211251,
main,22,0.002,120,2,SGA,emp,-0.982506061056112,1.040332871099503e-07,0.008171148587568853,376.84587271523924,122.38181563866632,
main,22,0.002,120,2,ASGA,emp,-1.996067739944104,1.8223169917508386e-09,0.008171148587568853,376.84587271523924,122.38181563866632,
main,22,0.002,120,2,SGA,cert,-0.0071824558994164,0.02138276516247162,0.008171148587568853,376.84587271523924,0.0026536047556918385,
main,22,0.002,120,2,ASGA,cert,-0.3156728019426351,0.01054816136398938,0.008171148587568853,376.84587271523924,0.0026536047556918385,
main,23,0.002,120,2,SGA,emp,-0.9896054072586566,1.2923557312499723e-07,0.008189620988999169,370.15602568382684,122.10577282431812,
main,23,0.002,120,2,ASGA,emp,-2.0236058782364696,2.1447371933991377e-09,0.008189620988999169,370.15602568382684,122.10577282431812,
main,23,0.002,120,2,SGA,cert,-0.007199303608645063,0.01676851137808067,0.008189620988999169,370.15602568382684,0.0027015634775973143,
main,23,0.002,120,2,ASGA,cert,-0.3163842421782662,0.008259654234726247,0.008189620988999169,370.15602568382684,0.0027015634775973143,
main,24,0.002,120,2,SGA,emp,-1.016447195714331,8.66265753782236e-08,0.00817101201315695,287.3446062816976,122.38386118999723,
main,24,0.002,120,2,ASGA,emp,-2.077758231076575,1.3002260310090996e-09,0.00817101201315695,287.3446062816976,122.38386118999723,
main,24,0.002,120,2,SGA,cert,-0.009369383126715498,0.018014363477084044,0.00817101201315695,287.3446062816976,0.003480141885870836,
main,24,0.002,120,2,ASGA,cert,-0.41701042187705667,0.007055586545403891,0.00817101201315695,287.3446062816976,0.003480141885870836,
main,25,0.002,120,2,SGA,emp,-0.9603370311544119,5.693440394138882e-08,0.00806685230434718,344.31640427554146,123.96408937115481,
main,25,0.002,120,2,ASGA,emp,-1.9542880183751283,1.0755755730507133e-09,0.00806685230434718,344.31640427554146,123.96408937115481,
main,25,0.002,120,2,SGA,cert,-0.008074890531071344,0.05634181004844294,0.00806685230434718,344.31640427554146,0.0029043054225198735,
main,25,0.002,120,2,ASGA,cert,-0.35705128027080196,0.025290203244354298,0.00806685230434718,344.31640427554146,0.0029043054225198735,
main,26,0.002,120,2,SGA,emp,-0.971907125751849,1.0520583366979697e-07,0.008032491572039321,383.27791411437113,124.49437276485259,
main,26,0.002,120,2,ASGA,emp,-1.9634103045473439,1.9595928074656044e-09,0.008032491572039321,383.27791411437113,124.49437276485259,
main,26,0.002,120,2,SGA,cert,-0.007024784730597247,0.018997081983680556,0.008032491572039321,383.27791411437113,0.002609072850729399,
main,26,0.002,120,2,ASGA,cert,-0.30843401403370135,0.009526733518220799,0.008032491572039321,383.27791411437113,0.002609072850729399,
main,27,0.002,120,2,SGA,emp,-1.0050732722968596,1.1426315915663565e-07,0.008162825783042988,368.48200706447517,122.50659594834742,
main,27,0.002,120,2,ASGA,emp,-2.052580725303561,1.7991042822185221e-09,0.008162825783042988,368.48200706447517,122.50659594834742,
main,27,0.002,120,2,SGA,cert,-0.00728863518610362,0.018989059754620643,0.008162825783042988,368.48200706447517,0.0027138367161168467,
main,27,0.002,120,2,ASGA,cert,-0.32050605480223016,0.00926583894198138,0.008162825783042988,368.48200706447517,0.0027138367161168467,
main,28,0.002,120,2,SGA,emp,-0.9981476651176306,7.16079519152979e-08,0.008209608742617997,393.0479636262326,121.80848458815905,
main,28,0.002,120,2,ASGA,emp,-1.966375522660803,1.304636898513678e-09,0.008209608742617997,393.0479636262326,121.80848458815905,
main,28,0.002,120,2,SGA,cert,-0.0070122277928583625,0.036074790241679366,0.008209608742617997,393.0479636262326,0.002544218753289219,
main,28,0.002,120,2,ASGA,cert,-0.3080293015943801,0.018103573485209967,0.008209608742617997,393.0479636262326,0.002544218753289219,
main,29,0.002,120,2,SGA,emp,-0.9595118730666325,5.886582918335215e-08,0.008043115164621258,333.4621042407597,124.32993678850166,
main,29,0.002,120,2,ASGA,emp,-1.9600075757958741,1.10148763721174e-09,0.008043115164621258,333.4621042407597,124.32993678850166,
main,29,0.002,120,2,SGA,cert,-0.008316446611116222,0.04599908073366918,0.008043115164621258,333.4621042407597,0.0029988415093728307,
main,29,0.002,120,2,ASGA,cert,-0.368167541334129,0.020132636791626593,0.008043115164621258,333.4621042407597,0.0029988415093728307,
main,30,0.002,120,2,SGA,emp,-1.0078853989163299,9.886848485046729e-08,0.00814789283526812,375.31129877907756,122.73111836615034,
main,30,0.002,120,2,ASGA,emp,-2.0643406183557618,1.5242969803042072e-09,0.00814789283526812,375.31129877907756,122.73111836615034,
main,30,0.002,120,2,SGA,cert,-0.007179862674604425,0.019307492541588103,0.00814789283526812,375.31129877907756,0.0026644548225781975,
main,30,0.002,120,2,ASGA,cert,-0.31552745317247377,0.009527961375514205,0.00814789283526812,375.31129877907756,0.0026644548225781975,
main,31,0.002,120,2,SGA,emp,-0.9696244748080705,5.122103688415258e-08,0.00820108594167985,293.3086129220657,121.93507141752588,
main,31,0.002,120,2,ASGA,emp,-1.9579989882342927,9.502089948210113e-10,0.00820108594167985,293.3086129220657,121.93507141752588,
main,31,0.002,120,2,SGA,cert,-0.009457316927174308,0.04352951968212033,0.00820108594167985,293.3086129220657,0.003409378231472894,
main,31,0.002,120,2,ASGA,cert,-0.42157815578220426,0.01686128658632683,0.00820108594167985,293.3086129220657,0.003409378231472894,
main,32,0.002,120,2,SGA,emp,-0.9923406384294985,6.701601564657045e-08,0.008200626048672183,320.5566358361049,121.94190956456507,
main,32,0.002,120,2,ASGA,emp,-1.969415912400081,1.2178530059414605e-09,0.008200626048672183,320.5566358361049,121.94190956456507,
main,32,0.002,120,2,SGA,cert,-0.008564718513914238,0.030855451207245952,0.008200626048672183,320.5566358361049,0.003119573542415397,
main,32,0.002,120,2,ASGA,cert,-0.3796177907514844,0.013158376354626154,0.008200626048672183,320.5566358361049,0.003119573542415397,
main,33,0.002,120,2,SGA,emp,-1.0148375398503569,8.04721396359398e-08,0.008134134575323004,335.7545426888077,122.93870856695168,
main,33,0.002,120,2,ASGA,emp,-2.1614532322627387,1.0364189853562245e-09,0.008134134575323004,335.7545426888077,122.93870856695168,
main,33,0.002,120,2,SGA,cert,-0.007963510352613995,0.0147182901579626,0.008134134575323004,335.7545426888077,0.002978366255276089,
main,33,0.002,120,2,ASGA,cert,-0.35145747510521247,0.006694774358905833,0.008134134575323004,335.7545426888077,0.002978366255276089,
main,34,0.002,120,2,SGA,emp,-0.9599215323767479,5.549026634021903e-08,0.008082903967275932,339.8090772862459,123.71791178622848,
main,34,0.002,120,2,ASGA,emp,-1.9549307832537235,1.0458082178033123e-09,0.008082903967275932,339.8090772862459,123.71791178622848,
main,34,0.002,120,2,SGA,cert,-0.008161834567297363,0.04606813766547947,0.008082903967275932,339.8090772862459,0.0029428289791023662,
main,34,0.002,120,2,ASGA,cert,-0.3610270736709664,0.020493171073208097,0.008082903967275932,339.8090772862459,0.0029428289791023662,
main,35,0.002,120,2,SGA,emp,-1.051375420488398,5.2831497648897496e-08,0.008029469338981755,231.243324603266,124.54123152885886,
main,35,0.002,120,2,ASGA,emp,-2.0660715822493843,8.10582840432561e-10,0.008029469338981755,231.243324603266,124.54123152885886,
main,35,0.002,120,2,SGA,cert,-0.011722913778315497,0.018255675764661854,0.008029469338981755,231.243324603266,0.004324449156383891,
main,35,0.002,120,2,ASGA,cert,-0.5292819567245914,0.005521577098073081,0.008029469338981755,231.243324603266,0.004324449156383891,
main,36,0.002,120,2,SGA,emp,-0.9790993556871975,7.218826389432387e-08,0.008216522990535984,305.5935624033273,121.70598209873293,
main,36,0.002,120,2,ASGA,emp,-2.003401049075503,1.245955866258086e-09,0.008216522990535984,305.5935624033273,121.70598209873293,
main,36,0.002,120,2,SGA,cert,-0.008967014199655803,0.026404998921395494,0.008216522990535984,305.5935624033273,0.0032723202417470555,
main,36,0.002,120,2,ASGA,cert,-0.39834434504419475,0.010789475842246599,0.008216522990535984,305.5935624033273,0.0032723202417470555,
main,37,0.002,120,2,SGA,emp,-1.0034196056482791,1.1543075077724563e-07,0.008083423001130092,381.88547403385365,123.70996790099892,
main,37,0.002,120,2,ASGA,emp,-2.046601603194332,1.836938184895942e-09,0.008083423001130092,381.88547403385365,123.70996790099892,
main,37,0.002,120,2,SGA,cert,-0.007027244052558002,0.01879539649659511,0.008083423001130092,381.88547403385365,0.0026185861154576183,
main,37,0.002,120,2,ASGA,cert,-0.30853310516470267,0.009423771122905177,0.008083423001130092,381.88547403385365,0.0026185861154576183,
main,38,0.002,120,2,SGA,emp,-0.9929297233461735,9.011454566235089e-08,0.008182284160682077,267.9018718647605,122.21526169981364,
main,38,0.002,120,2,ASGA,emp,-2.0972673594427356,1.3126321522782813e-09,0.008182284160682077,267.9018718647605,122.21526169981364,
main,38,0.002,120,2,SGA,cert,-0.00997307225506432,0.01492106305578099,0.008182284160682077,267.9018718647605,0.0037327100144518956,
main,38,0.002,120,2,ASGA,cert,-0.4453294570554104,0.0054779198701995525,0.008182284160682077,267.9018718647605,0.0037327100144518956,
main,39,0.002,120,2,SGA,emp,-0.9635773944850415,1.2474996460148935e-07,0.007902258158968114,364.0484274706902,126.54610617410925,
main,39,0.002,120,2,ASGA,emp,-1.9838728945040647,2.2473311614423785e-09,0.007902258158968114,364.0484274706902,126.54610617410925,
main,39,0.002,120,2,SGA,cert,-0.007242194570483731,0.013935826927897008,0.007902258158968114,364.0484274706902,0.002746887294494661,
main,39,0.002,120,2,ASGA,cert,-0.3183268400478451,0.006834644773598176,0.007902258158968114,364.0484274706902,0.002746887294494661,
main,40,0.002,120,2,SGA,emp,-0.9963730624998991,9.660019732044001e-08,0.008075510322489843,385.0533442415396,123.83118342565375,
main,40,0.002,120,2,ASGA,emp,-2.022611360533838,1.6064975599805464e-09,0.008075510322489843,385.0533442415396,123.83118342565375,
main,40,0.002,120,2,SGA,cert,-0.0070191174740040435,0.020274782909058073,0.008075510322489843,385.0533442415396,0.002597042760321311,
main,40,0.002,120,2,ASGA,cert,-0.30818395891580236,0.010172988372604247,0.008075510322489843,385.0533442415396,0.002597042760321311,
main,41,0.002,120,2,SGA,emp,-0.9638639265405161,6.33038730046831e-08,0.008100282995822767,366.8682291222585,123.45247697095148,
main,41,0.002,120,2,ASGA,emp,-1.956459519777272,1.1880989247980978e-09,0.008100282995822767,366.8682291222585,123.45247697095148,
main,41,0.002,120,2,SGA,cert,-0.007543047354554855,0.04224058789799881,0.008100282995822767,366.8682291222585,0.0027257743260912103,
main,41,0.002,120,2,ASGA,cert,-0.33241606207883967,0.020055301299113745,0.008100282995822767,366.8682291222585,0.0027257743260912103,
main,42,0.002,120,2,SGA,emp,-0.9989553105064348,8.818084605219378e-08,0.008224355050422252,259.209205797054,121.59008139472995,
main,42,0.002,120,2,ASGA,emp,-2.098936950115627,1.2792503722991455e-09,0.008224355050422252,259.209205797054,121.59008139472995,
main,42,0.002,120,2,SGA,cert,-0.0103374604506899,0.015716616668199568,0.008224355050422252,259.209205797054,0.0038578876738773814,
main,42,0.002,120,2,ASGA,cert,-0.46263991621541084,0.005544951485944256,0.008224355050422252,259.209205797054,0.0038578876738773814,
main,43,0.002,120,2,SGA,emp,-0.9755117717135795,1.1724796957629513e-07,0.007931798683854182,397.6488812552108,126.07480848392949,
main,43,0.002,120,2,ASGA,emp,-2.0063852970668825,2.017661232533996e-09,0.007931798683854182,397.6488812552108,126.07480848392949,
main,43,0.002,120,2,SGA,cert,-0.006821901006462243,0.023414935235336727,0.007931798683854182,397.6488812552108,0.002514781374069051,
main,43,0.002,120,2,ASGA,cert,-0.29920320928701916,0.011989745241675641,0.007931798683854182,397.6488812552108,0.002514781374069051,
main,44,0.002,120,2,SGA,emp,-0.9686457784765007,5.609605198408918e-08,0.008153115809386938,305.1899023185115,122.65249548505966,
main,44,0.002,120,2,ASGA,emp,-1.9590299562041624,1.042013079988191e-09,0.008153115809386938,305.1899023185115,122.65249548505966,
main,44,0.002,120,2,SGA,cert,-0.00904295817463842,0.03600966878889006,0.008153115809386938,305.1899023185115,0.0032766483831969968,
main,44,0.002,120,2,ASGA,cert,-0.4020203503725605,0.014588974908712006,0.008153115809386938,305.1899023185115,0.0032766483831969968,
main,45,0.002,120,2,SGA,emp,-1.0114185736925667,8.309113059754014e-08,0.008222613239951307,250.6931279842628,121.61583803325301,
main,45,0.002,120,2,ASGA,emp,-2.1421380036263344,1.1101488200937482e-09,0.008222613239951307,250.6931279842628,121.61583803325301,
main,45,0.002,120,2,SGA,cert,-0.010677570158741517,0.015107938934139052,0.008222613239951307,250.6931279842628,0.003988940614530027,
main,45,0.002,120,2,ASGA,cert,-0.4787979089855021,0.005136026047387977,0.008222613239951307,250.6931279842628,0.003988940614530027,
main,46,0.002,120,2,SGA,emp,-0.9605421781345019,6.126901518077599e-08,0.00809632551557874,331.6400976395103,123.51282048576552,
main,46,0.002,120,2,ASGA,emp,-1.9582499060470289,1.1440178110388999e-09,0.00809632551557874,331.6400976395103,123.51282048576552,
main,46,0.002,120,2,SGA,cert,-0.008338515245877611,0.0406914119993599,0.00809632551557874,331.6400976395103,0.0030153169267456634,
main,46,0.002,120,2,ASGA,cert,-0.36920634274917674,0.017767719937354313,0.00809632551557874,331.6400976395103,0.0030153169267456634,
main,47,0.002,120,2,SGA,emp,-1.0266837203139547,8.839444576302924e-08,0.008077066253359612,372.62869264389553,123.80732912572748,
main,47,0.002,120,2,ASGA,emp,-2.0560822599031807,1.3743713250802259e-09,0.008077066253359612,372.62869264389553,123.80732912572748,
main,47,0.002,120,2,SGA,cert,-0.007283075177884125,0.02307908923839511,0.008077066253359612,372.62869264389553,0.0026836366059326917,
main,47,0.002,120,2,ASGA,cert,-0.32029460250442066,0.011266043926579927,0.008077066253359612,372.62869264389553,0.0026836366059326917,
main,48,0.002,120,2,SGA,emp,-1.010025499899801,8.597538983523556e-08,0.008161892357677038,286.42157826789884,122.52060627329944,
main,48,0.002,120,2,ASGA,emp,-2.1087816015896528,1.2229938277374952e-09,0.008161892357677038,286.42157826789884,122.52060627329944,
main,48,0.002,120,2,SGA,cert,-0.009359552264273721,0.016050482155029248,0.008161892357677038,286.42157826789884,0.003491357062018105,
main,48,0.002,120,2,ASGA,cert,-0.4164785751936409,0.00629454452590902,0.008161892357677038,286.42157826789884,0.003491357062018105,
main,49,0.002,120,2,SGA,emp,-1.0002814833900402,1.0412987780372696e-07,0.008208706058308165,307.70882316596004,121.82187946514222,
main,49,0.002,120,2,ASGA,emp,-2.06026749410884,1.6161878224618675e-09,0.008208706058308165,307.70882316596004,121.82187946514222,
main,49,0.002,120,2,SGA,cert,-0.008706356187770752,0.017164745160392597,0.008208706058308165,307.70882316596004,0.003249825564672414,
main,49,0.002,120,2,ASGA,cert,-0.38596988150827033,0.007217318844202986,0.008208706058308165,307.70882316596004,0.003249825564672414,
main,0,0.002,120,4,SGA,emp,-1.0102635797246422,5.200245968561834e-08,0.008152070531397344,273.902522257165,122.66822228151041,
main,0,0.002,120,4,ASGA,emp,-1.9961296748533734,9.070472775651872e-10,0.008152070531397344,273.902522257165,122.66822228151041,
main,0,0.002,120,4,SGA,cert,-0.010048961660604474,0.02994319136375923,0.008152070531397344,273.902522257165,0.0036509338861111604,
main,0,0.002,120,4,ASGA,cert,-0.44941063168280737,0.010882858202978074,0.008152070531397344,273.902522257165,0.0036509338861111604,
main,1,0.002,120,4,SGA,emp,-0.9674968346468086,6.978022645126591e-08,0.008151082776418104,322.82189068337914,122.68308731854617,
main,1,0.002,120,4,ASGA,emp,-1.9677142723171677,1.2835729631954784e-09,0.008151082776418104,322.82189068337914,122.68308731854617,
main,1,0.002,120,4,SGA,cert,-0.008554308620876548,0.03689827000131504,0.008151082776418104,322.82189068337914,0.003097683363055423,
main,1,0.002,120,4,ASGA,cert,-0.37919717261794633,0.01574900796654207,0.008151082776418104,322.82189068337914,0.003097683363055423,
main,2,0.002,120,4,SGA,emp,-1.0305086372890735,6.864080797502892e-08,0.008126264670061448,385.92007708259075,123.05776892600747,
main,2,0.002,120,4,ASGA,emp,-2.0053523433402223,1.1654400569605095e-09,0.008126264670061448,385.92007708259075,123.05776892600747,
main,2,0.002,120,4,SGA,cert,-0.0070920341020732506,0.027946177021168153,0.008126264670061448,385.92007708259075,0.0025912100960375534,
main,2,0.002,120,4,ASGA,cert,-0.31161430494400966,0.013911893573101186,0.008126264670061448,385.92007708259075,0.0025912100960375534,
main,3,0.002,120,4,SGA,emp,-0.9747475708792379,1.1344907408644689e-07,0.008119376791339077,375.9176804848363,123.16216203523133,
main,3,0.002,120,4,ASGA,emp,-1.9849212501288127,2.028116868890706e-09,0.008119376791339077,375.9176804848363,123.16216203523133,
main,3,0.002,120,4,SGA,cert,-0.007188112052779257,0.021316118888815745,0.008119376791339077,375.9176804848363,0.0026601568692120555,
main,3,0.002,120,4,ASGA,cert,-0.3159454109043835,0.010508821651077513,0.008119376791339077,375.9176804848363,0.0026601568692120555,
main,4,0.002,120,4,SGA,emp,-0.9720773077025594,8.001139768093468e-08,0.008220921027523372,354.06012952093835,121.64087170428144,
main,4,0.002,120,4,ASGA,emp,-1.978062439824253,1.4429123243453468e-09,0.008220921027523372,354.06012952093835,121.64087170428144,
main,4,0.002,120,4,SGA,cert,-0.0077881005507924005,0.03605358181271268,0.008220921027523372,354.06012952093835,0.0028243790153753027,
main,4,0.002,120,4,ASGA,cert,-0.3436502453122657,0.016687090924862362,0.008220921027523372,354.06012952093835,0.0028243790153753027,
main,5,0.002,120,4,SGA,emp,-0.9963348092910674,1.0189406379063071e-07,0.008163178949559483,389.48185453733834,122.50129590188193,
main,5,0.002,120,4,ASGA,emp,-2.0143115627848975,1.717949157931109e-09,0.008163178949559483,389.48185453733834,122.50129590188193,
main,5,0.002,120,4,SGA,cert,-0.00693683153965585,0.020862836156090355,0.008163178949559483,389.48185453733834,0.0025675137066087203,
main,5,0.002,120,4,ASGA,cert,-0.30444439360979886,0.010557053069674981,0.008163178949559483,389.48185453733834,0.0025675137066087203,
main,6,0.002,120,4,SGA,emp,-1.0003504125128837,1.0235146157694386e-07,0.008212392276223241,319.7903212216243,121.76719844414025,
main,6,0.002,120,4,ASGA,emp,-2.065650136464161,1.5754015800228949e-09,0.008212392276223241,319.7903212216243,121.76719844414025,
main,6,0.002,120,4,SGA,cert,-0.008365205516926514,0.016446433363828724,0.008212392276223241,319.7903212216243,0.003127048986910926,
main,6,0.002,120,4,ASGA,cert,-0.37009310296753584,0.007170209027764933,0.008212392276223241,319.7903212216243,0.003127048986910926,
main,7,0.002,120,4,SGA,emp,-0.9935328192181333,8.69764590072375e-08,0.008040745189624788,401.3024567226643,124.36658250162306,
main,7,0.002,120,4,ASGA,emp,-2.0241203420233727,1.4472561413181317e-09,0.008040745189624788,401.3024567226643,124.36658250162306,
main,7,0.002,120,4,SGA,cert,-0.006801950499087623,0.025571482914767366,0.008040745189624788,401.3024567226643,0.00249188606560435,
main,7,0.002,120,4,ASGA,cert,-0.29833944491516434,0.01311885640684804,0.008040745189624788,401.3024567226643,0.00249188606560435,
main,8,0.002,120,4,SGA,emp,-1.0074517946221049,6.609556128800431e-08,0.008159910500680684,310.80397360199305,122.55036374683056,
main,8,0.002,120,4,ASGA,emp,-2.003264846500715,1.1307151742689925e-09,0.008159910500680684,310.80397360199305,122.55036374683056,
main,8,0.002,120,4,SGA,cert,-0.008883561401055859,0.038371911711928997,0.008159910500680684,310.80397360199305,0.0032174620820021186,
main,8,0.002,120,4,ASGA,cert,-0.3946057343394173,0.015811283928213002,0.008159910500680684,310.80397360199305,0.0032174620820021186,
main,9,0.002,120,4,SGA,emp,-1.0381019015769501,6.494905539430884e-08,0.008180040115545734,257.05581124240183,122.24878923265338,
main,9,0.002,120,4,ASGA,emp,-2.1327849131977983,8.805320500515634e-10,0.008180040115545734,257.05581124240183,122.24878923265338,
main,9,0.002,120,4,SGA,cert,-0.010511128786910441,0.017471361498723754,0.008180040115545734,257.05581124240183,0.0038902057695828825,
main,9,0.002,120,4,ASGA,cert,-0.47101424399070174,0.006045246709670757,0.008180040115545734,257.05581124240183,0.0038902057695828825,
main,10,0.002,120,4,SGA,emp,-0.9923976104037261,6.090162297384127e-08,0.008141767764866626,364.4770615060717,122.82344926555166,
main,10,0.002,120,4,ASGA,emp,-1.9910977420650986,1.0658958368714444e-09,0.008141767764866626,364.4770615060717,122.82344926555166,
main,10,0.002,120,4,SGA,cert,-0.007579902197599082,0.03781298705152628,0.008141767764866626,364.4770615060717,0.0027436568871244075,
main,10,0.002,120,4,ASGA,cert,-0.33405981732153506,0.0178869961999397,0.008141767764866626,364.4770615060717,0.0027436568871244075,
main,11,0.002,120,4,SGA,emp,-0.9910420783574009,8.329574727183875e-08,0.008206197739905989,382.6456903405585,121.8591157189756,
main,11,0.002,120,4,ASGA,emp,-2.0454142189696154,1.3210136456942578e-09,0.008206197739905989,382.6456903405585,121.8591157189756,
main,11,0.002,120,4,SGA,cert,-0.007173196661379161,0.030450301024364676,0.008206197739905989,382.6456903405585,0.002613383673836729,
main,11,0.002,120,4,ASGA,cert,-0.3153585013140777,0.015029742872276854,0.008206197739905989,382.6456903405585,0.002613383673836729,
main,12,0.002,120,4,SGA,emp,-1.0281138460728065,7.44375053193802e-08,0.008167774589185413,369.934379511354,122.43236992902027,
main,12,0.002,120,4,ASGA,emp,-2.0388718685622815,1.1909955174860265e-09,0.008167774589185413,369.934379511354,122.43236992902027,
main,12,0.002,120,4,SGA,cert,-0.007402663716520908,0.028874229860641087,0.008167774589185413,369.934379511354,0.0027031821192745023,
main,12,0.002,120,4,ASGA,cert,-0.32586674574859475,0.013916304609545786,0.008167774589185413,369.934379511354,0.0027031821192745023,
main,13,0.002,120,4,SGA,emp,-0.9993922574970643,7.922338674665186e-08,0.00818539089991611,402.5818690205828,122.16887528367751,
main,13,0.002,120,4,ASGA,emp,-2.0089476522577194,1.3450124278224784e-09,0.00818539089991611,402.5818690205828,122.16887528367751,
main,13,0.002,120,4,SGA,cert,-0.0068207117230553085,0.03013199483180257,0.00818539089991611,402.5818690205828,0.0024839668076280727,
main,13,0.002,120,4,ASGA,cert,-0.2992229039549749,0.01542694956191027,0.00818539089991611,402.5818690205828,0.0024839668076280727,
main,14,0.002,120,4,SGA,emp,-1.0245075604063159,5.743482045517112e-08,0.008195898829812805,280.94573450473223,122.01224304556722,
main,14,0.002,120,4,ASGA,emp,-2.0009320322498363,9.879190868145038e-10,0.008195898829812805,280.94573450473223,122.01224304556722,
main,14,0.002,120,4,SGA,cert,-0.009742905777370296,0.025408279226282943,0.008195898829812805,280.94573450473223,0.0035594062382290985,
main,14,0.002,120,4,ASGA,cert,-0.43483130053228525,0.009550174697901218,0.008195898829812805,280.94573450473223,0.0035594062382290985,
main,15,0.002,120,4,SGA,emp,-0.9901785436570648,6.333107875622357e-08,0.008177928107177422,361.72340254219904,122.28036085599018,
main,15,0.002,120,4,ASGA,emp,-1.9832162392302806,1.120882109351129e-09,0.008177928107177422,361.72340254219904,122.28036085599018,
main,15,0.002,120,4,SGA,cert,-0.007653012603846197,0.04281284337090185,0.008177928107177422,361.72340254219904,0.0027645432752539116,
main,15,0.002,120,4,ASGA,cert,-0.33747871803301177,0.020094433280404167,0.008177928107177422,361.72340254219904,0.0027645432752539116,
main,16,0.002,120,4,SGA,emp,-1.0107595263723492,7.478450792658409e-08,0.00809657273502907,396.9375070397916,123.50904916516006,
main,16,0.002,120,4,ASGA,emp,-2.018003694269417,1.254510988146773e-09,0.00809657273502907,396.9375070397916,123.50904916516006,
main,16,0.002,120,4,SGA,cert,-0.006858864607645419,0.022249002040135954,0.00809657273502907,396.9375070397916,0.002519288256374708,
main,16,0.002,120,4,ASGA,cert,-0.3008958839646553,0.011348749390858955,0.00809657273502907,396.9375070397916,0.002519288256374708,
main,17,0.002,120,4,SGA,emp,-1.0108066257267536,7.909431928160293e-08,0.008215356611777132,344.6942344694701,121.72326135744966,
main,17,0.002,120,4,ASGA,emp,-2.0239286050149756,1.3041954877168749e-09,0.008215356611777132,344.6942344694701,121.72326135744966,
main,17,0.002,120,4,SGA,cert,-0.007913334921219236,0.025204512178422463,0.008215356611777132,344.6942344694701,0.0029011219219814686,
main,17,0.002,120,4,ASGA,cert,-0.34934436448445827,0.011517085010445953,0.008215356611777132,344.6942344694701,0.0029011219219814686,
main,18,0.002,120,4,SGA,emp,-1.0297218732479048,5.7714986526069545e-08,0.008207020845027552,278.26544809213794,121.84689412673751,
main,18,0.002,120,4,ASGA,emp,-2.035800362309905,9.281955065665315e-10,0.008207020845027552,278.26544809213794,121.84689412673751,
main,18,0.002,120,4,SGA,cert,-0.009872232192235762,0.028733915039908606,0.008207020845027552,278.26544809213794,0.0035936908691189167,
main,18,0.002,120,4,ASGA,cert,-0.4410040411473202,0.010647453447177435,0.008207020845027552,278.26544809213794,0.0035936908691189167,
main,19,0.002,120,4,SGA,emp,-1.0096949999974956,5.4233324560393203e-08,0.008152477460931902,323.7243973826351,122.6620993179282,
main,19,0.002,120,4,ASGA,emp,-1.9704053454771848,9.885605667392383e-10,0.008152477460931902,323.7243973826351,122.6620993179282,
main,19,0.002,120,4,SGA,cert,-0.00850519705837131,0.03122536140294919,0.008152477460931902,323.7243973826351,0.003089047375128857,
main,19,0.002,120,4,ASGA,cert,-0.37685047381501563,0.013399968869328517,0.008152477460931902,323.7243973826351,0.003089047375128857,
main,20,0.002,120,4,SGA,emp,-1.0090413099511715,8.978611935189784e-08,0.008157944625607007,381.96739318209484,122.57989553656637,
main,20,0.002,120,4,ASGA,emp,-2.047458621807961,1.421547282665081e-09,0.008157944625607007,381.96739318209484,122.57989553656637,
main,20,0.002,120,4,SGA,cert,-0.007095801671632172,0.021559257311049636,0.008157944625607007,381.96739318209484,0.002618024516881396,
main,20,0.002,120,4,ASGA,cert,-0.3117293691695046,0.010730481145884718,0.008157944625607007,381.96739318209484,0.002618024516881396,
main,21,0.002,120,4,SGA,emp,-1.0144674169118892,5.89180314397586e-08,0.008178452812846519,370.55119517170203,122.27251570483159,
main,21,0.002,120,4,ASGA,emp,-2.003515798083994,1.0084607315885563e-09,0.008178452812846519,370.55119517170203,122.27251570483159,
main,21,0.002,120,4,SGA,cert,-0.007401288840942966,0.027835897031954486,0.008178452812846519,370.55119517170203,0.0026986824304712624,
main,21,0.002,120,4,ASGA,cert,-0.3257970783270781,0.013417824966657069,0.008178452812846519,370.55119517170203,0.0026986824304712624,
main,22,0.002,120,4,SGA,emp,-0.971940601191394,4.880754282676758e-08,0.008161207987595764,295.29192057116416,122.5308804186711,
main,22,0.002,120,4,ASGA,emp,-1.966341719575068,8.985484648005304e-10,0.008161207987595764,295.29192057116416,122.5308804186711,
main,22,0.002,120,4,SGA,cert,-0.009393029626975538,0.041107727726775636,0.008161207987595764,295.29192057116416,0.0033864793796788088,
main,22,0.002,120,4,ASGA,cert,-0.41852232154896996,0.016035313787168548,0.008161207987595764,295.29192057116416,0.0033864793796788088,
main,23,0.002,120,4,SGA,emp,-1.0207107682025356,6.31905483355899e-08,0.008132322779967635,347.3514399504352,122.96609800871428,
main,23,0.002,120,4,ASGA,emp,-2.0146212863927704,1.059542141523817e-09,0.008132322779967635,347.3514399504352,122.96609800871428,
main,23,0.002,120,4,SGA,cert,-0.007885567523895002,0.027212984890820975,0.008132322779967635,347.3514399504352,0.0028789286151878154,
main,23,0.002,120,4,ASGA,cert,-0.3480988947332594,0.012469392028926302,0.008132322779967635,347.3514399504352,0.0028789286151878154,
main,24,0.002,120,4,SGA,emp,-1.0032851667870006,9.348143254275798e-08,0.008158280907219312,378.06640561540246,122.57484283424145,
main,24,0.002,120,4,ASGA,emp,-2.0749940614293987,1.4123779507047018e-09,0.008158280907219312,378.06640561540246,122.57484283424145,
main,24,0.002,120,4,SGA,cert,-0.0070772029211332126,0.01596436351073536,0.008158280907219312,378.06640561540246,0.0026450379751997194,
main,24,0.002,120,4,ASGA,cert,-0.31079776967472195,0.007963428955904388,0.008158280907219312,378.06640561540246,0.0026450379751997194,
main,25,0.002,120,4,SGA,emp,-1.0156349955070867,6.083428245179379e-08,0.008141022872432272,403.2370172769666,122.8346874428118,
main,25,0.002,120,4,ASGA,emp,-2.0490968733441752,9.630507433189273e-10,0.008141022872432272,403.2370172769666,122.8346874428118,
main,25,0.002,120,4,SGA,cert,-0.0067970738638390964,0.026358546209746023,0.008141022872432272,403.2370172769666,0.002479931050856727,
main,25,0.002,120,4,ASGA,cert,-0.2981373000209149,0.013528307854991154,0.008141022872432272,403.2370172769666,0.002479931050856727,
main,26,0.002,120,4,SGA,emp,-0.9945079646473213,6.111627866289826e-08,0.008148116535797553,355.81369029520584,122.72774887382218,
main,26,0.002,120,4,ASGA,emp,-2.018276330247777,1.021215494112493e-09,0.008148116535797553,355.81369029520584,122.72774887382218,
main,26,0.002,120,4,SGA,cert,-0.007757051668486231,0.03542452195076932,0.008148116535797553,355.81369029520584,0.0028104595952177553,
main,26,0.002,120,4,ASGA,cert,-0.34220777961077814,0.01644975548168072,0.008148116535797553,355.81369029520584,0.0028104595952177553,
main,27,0.002,120,4,SGA,emp,-1.0463018656990282,6.124332563306467e-08,0.008193992630114093,400.9829030320111,122.04062721814725,
main,27,0.002,120,4,ASGA,emp,-2.019713169784157,1.0166495770236317e-09,0.008193992630114093,400.9829030320111,122.04062721814725,
main,27,0.002,120,4,SGA,cert,-0.006782977614907341,0.021382721960503413,0.008193992630114093,400.9829030320111,0.002493871914334882,
main,27,0.002,120,4,ASGA,cert,-0.2974465067662396,0.010992365720765226,0.008193992630114093,400.9829030320111,0.002493871914334882,
main,28,0.002,120,4,SGA,emp,-0.9797672046920638,5.286202109378024e-08,0.00819037969590378,388.4194024833072,122.09446168901373,
main,28,0.002,120,4,ASGA,emp,-1.964489024240482,9.704392428533382e-10,0.00819037969590378,388.4194024833072,122.09446168901373,
main,28,0.002,120,4,SGA,cert,-0.007149394951133628,0.04760732419108424,0.00819037969590378,388.4194024833072,0.002574536682788333,
main,28,0.002,120,4,ASGA,cert,-0.3143283894307178,0.02355084452843679,0.00819037969590378,388.4194024833072,0.002574536682788333,
main,29,0.002,120,4,SGA,emp,-0.9870808388295667,1.05657637763934e-07,0.008059836338962099,397.6147465858998,124.07199823225871,
main,29,0.002,120,4,ASGA,emp,-2.008274262843779,1.8092452397366898e-09,0.008059836338962099,397.6147465858998,124.07199823225871,
main,29,0.002,120,4,SGA,cert,-0.006748113167131221,0.017999340951497557,0.008059836338962099,397.6147465858998,0.0025149972645291774,
main,29,0.002,120,4,ASGA,cert,-0.2958261587096592,0.00928788567292034,0.008059836338962099,397.6147465858998,0.0025149972645291774,
main,30,0.002,120,4,SGA,emp,-0.9875089585144112,8.702067410409908e-08,0.008088593720366357,371.43123920723997,123.63088499328249,
main,30,0.002,120,4,ASGA,emp,-2.0229302458204583,1.451289220744112e-09,0.008088593720366357,371.43123920723997,123.63088499328249,
main,30,0.002,120,4,SGA,cert,-0.007298913976303711,0.02088823845218014,0.008088593720366357,371.43123920723997,0.0026922883549976534,
main,30,0.002,120,4,ASGA,cert,-0.32100674278893,0.010180149823644569,0.008088593720366357,371.43123920723997,0.0026922883549976534,
main,31,0.002,120,4,SGA,emp,-0.97507667708866,8.62592258454864e-08,0.008153907079029929,390.56709917658196,122.64059306878563,
main,31,0.002,120,4,ASGA,emp,-1.9842769666912832,1.5387921006859706e-09,0.008153907079029929,390.56709917658196,122.64059306878563,
main,31,0.002,120,4,SGA,cert,-0.007039104917055462,0.03226220083831002,0.008153907079029929,390.56709917658196,0.002560379515090397,
main,31,0.002,120,4,ASGA,cert,-0.3092068649844089,0.016147831623759185,0.008153907079029929,390.56709917658196,0.002560379515090397,
main,32,0.002,120,4,SGA,emp,-1.0428470035357704,5.952368724304602e-08,0.008226232414131143,262.88393686268347,121.56233250621334,
main,32,0.002,120,4,ASGA,emp,-2.150230623713886,7.785369501855932e-10,0.008226232414131143,262.88393686268347,121.56233250621334,
main,32,0.002,120,4,SGA,cert,-0.010331879796019532,0.019362348139334545,0.008226232414131143,262.88393686268347,0.0038039600742982883,
main,32,0.002,120,4,ASGA,cert,-0.4625745593267334,0.006829876417094389,0.008226232414131143,262.88393686268347,0.0038039600742982883,
main,33,0.002,120,4,SGA,emp,-0.9751882390330419,9.921472567120393e-08,0.008085149981574372,313.88818894551366,123.6835435680163,
main,33,0.002,120,4,ASGA,emp,-2.0085749203219145,1.7024233203710715e-09,0.008085149981574372,313.88818894551366,123.6835435680163,
main,33,0.002,120,4,SGA,cert,-0.00863403157202633,0.02133688611865428,0.008085149981574372,313.88818894551366,0.003185847812112437,
main,33,0.002,120,4,ASGA,cert,-0.3826832378066091,0.009037675624838717,0.008085149981574372,313.88818894551366,0.003185847812112437,
main,34,0.002,120,4,SGA,emp,-0.993579889909615,4.9208836068459494e-08,0.00804188945333368,294.7627705787553,124.34888663950244,
main,34,0.002,120,4,ASGA,emp,-1.9784881637803924,8.915267690756679e-10,0.00804188945333368,294.7627705787553,124.34888663950244,
main,34,0.002,120,4,SGA,cert,-0.009357000945693889,0.03248371935440322,0.00804188945333368,294.7627705787553,0.0033925586940187144,
main,34,0.002,120,4,ASGA,cert,-0.4167626527596589,0.012723746187070936,0.00804188945333368,294.7627705787553,0.0033925586940187144,
main,35,0.002,120,4,SGA,emp,-0.9836909273577177,1.1050598206635565e-07,0.008148675058779717,403.9144162097258,122.71933692122856,
main,35,0.002,120,4,ASGA,emp,-2.006982276216363,1.8899667802996234e-09,0.008148675058779717,403.9144162097258,122.71933692122856,
main,35,0.002,120,4,SGA,cert,-0.006738454379193286,0.025218925675901137,0.008148675058779717,403.9144162097258,0.002475771994928665,
main,35,0.002,120,4,ASGA,cert,-0.2954326659750472,0.01302376059497095,0.008148675058779717,403.9144162097258,0.002475771994928665,
main,36,0.002,120,4,SGA,emp,-0.9851860000965447,5.625156246358287e-08,0.008192607291936526,286.9058283635086,122.06126381576202,
main,36,0.002,120,4,ASGA,emp,-1.9985073180694772,9.719066940139243e-10,0.008192607291936526,286.9058283635086,122.06126381576202,
main,36,0.002,120,4,SGA,cert,-0.00960913545501063,0.03296868242651274,0.008192607291936526,286.9058283635086,0.0034854642225427496,
main,36,0.002,120,4,ASGA,cert,-0.42864022586052875,0.012567061748793538,0.008192607291936526,286.9058283635086,0.0034854642225427496,
main,37,0.002,120,4,SGA,emp,-0.9957608771594723,7.730853704424057e-08,0.008109640819938358,383.6399204555563,123.31002348974576,
main,37,0.002,120,4,ASGA,emp,-2.025242382471795,1.278196430642975e-09,0.008109640819938358,383.6399204555563,123.31002348974576,
main,37,0.002,120,4,SGA,cert,-0.0071828202384505374,0.03409697040197,0.008109640819938358,383.6399204555563,0.002606610904341086,
main,37,0.002,120,4,ASGA,cert,-0.3157819256599861,0.01681335988993206,0.008109640819938358,383.6399204555563,0.002606610904341086,
main,38,0.002,120,4,SGA,emp,-1.0190075771572837,8.780749161801937e-08,0.00816787260262586,391.19791822603554,122.43090075603206,
main,38,0.002,120,4,ASGA,emp,-2.1362565483794054,1.180075474838116e-09,0.00816787260262586,391.19791822603554,122.43090075603206,
main,38,0.002,120,4,SGA,cert,-0.006881898540949815,0.01774297221613063,0.00816787260262586,391.19791822603554,0.0025562508219233327,
main,38,0.002,120,4,ASGA,cert,-0.30189645781525126,0.009030598264586347,0.00816787260262586,391.19791822603554,0.0025562508219233327,
main,39,0.002,120,4,SGA,emp,-0.9934451649330955,9.23242114980738e-08,0.008092078788572888,360.5145378437708,123.57764007588946,
main,39,0.002,120,4,ASGA,emp,-2.043414969413758,1.4814806187368745e-09,0.008092078788572888,360.5145378437708,123.57764007588946,
main,39,0.002,120,4,SGA,cert,-0.0075045332292106425,0.02061043538469394,0.008092078788572888,360.5145378437708,0.00277381324476116,
main,39,0.002,120,4,ASGA,cert,-0.3304550814678967,0.009831737145348463,0.008092078788572888,360.5145378437708,0.00277381324476116,
main,40,0.002,120,4,SGA,emp,-1.0358147987587067,5.020747721740104e-08,0.008143614288301055,318.33077296458276,122.79559966839035,
main,40,0.002,120,4,ASGA,emp,-1.9797311802030841,9.014010649011084e-10,0.008143614288301055,318.33077296458276,122.79559966839035,
main,40,0.002,120,4,SGA,cert,-0.008592558391207426,0.023924262003654283,0.008143614288301055,318.33077296458276,0.003141386522852,
main,40,0.002,120,4,ASGA,cert,-0.3808339372495122,0.010174906503120165,0.008143614288301055,318.33077296458276,0.003141386522852,
main,41,0.002,120,4,SGA,emp,-0.9765854330039585,5.450999945866286e-08,0.008175016681352064,315.74496293936454,122.32390941551085,
main,41,0.002,120,4,ASGA,emp,-1.9653133342205917,9.993782537631724e-10,0.008175016681352064,315.74496293936454,122.32390941551085,
main,41,0.002,120,4,SGA,cert,-0.008754838986727761,0.03792715981163838,0.008175016681352064,315.74496293936454,0.00316711307344605,
main,41,0.002,120,4,ASGA,cert,-0.388563195226955,0.015845295269012183,0.008175016681352064,315.74496293936454,0.00316711307344605,
main,42,0.002,120,4,SGA,emp,-1.0465087222075233,6.081329970847316e-08,0.008180587726376396,375.4211816129251,122.24060586450695,
main,42,0.002,120,4,ASGA,emp,-2.124863524831741,8.33484427309461e-10,0.008180587726376396,375.4211816129251,122.24060586450695,
main,42,0.002,120,4,SGA,cert,-0.007221599877474147,0.0190463489638818,0.008180587726376396,375.4211816129251,0.0026636749575601774,
main,42,0.002,120,4,ASGA,cert,-0.3174434504875861,0.009357813460343638,0.008180587726376396,375.4211816129251,0.0026636749575601774,
main,43,0.002,120,4,SGA,emp,-1.004758450148503,6.432144946527663e-08,0.008129841162131873,342.0586718262434,123.00363316541991,
main,43,0.002,120,4,ASGA,emp,-1.9928671370836781,1.120470723148248e-09,0.008129841162131873,342.0586718262434,123.00363316541991,
main,43,0.002,120,4,SGA,cert,-0.008055939093518842,0.03513999270173647,0.008129841162131873,342.0586718262434,0.002923475071282429,
main,43,0.002,120,4,ASGA,cert,-0.3560270380280339,0.015812664788459024,0.008129841162131873,342.0586718262434,0.002923475071282429,
main,44,0.002,120,4,SGA,emp,-0.9826763741027873,8.33284875684237e-08,0.00812235538502575,357.7466503642177,123.11699656033085,
main,44,0.002,120,4,ASGA,emp,-1.977230164416365,1.5067318018258113e-09,0.00812235538502575,357.7466503642177,123.11699656033085,
main,44,0.002,120,4,SGA,cert,-0.007646192530346503,0.027461062007040248,0.00812235538502575,357.7466503642177,0.00279527425059581,
main,44,0.002,120,4,ASGA,cert,-0.33705330973836944,0.012903312059062859,0.00812235538502575,357.7466503642177,0.00279527425059581,
main,45,0.002,120,4,SGA,emp,-0.9896655811887463,6.226484997040593e-08,0.008189020037903992,286.70532017509043,122.11473355436476,
main,45,0.002,120,4,ASGA,emp,-2.002727281046888,1.072755634323741e-09,0.008189020037903992,286.70532017509043,122.11473355436476,
main,45,0.002,120,4,SGA,cert,-0.009560470725259583,0.02706897891601904,0.008189020037903992,286.70532017509043,0.0034879017919489663,
main,45,0.002,120,4,ASGA,cert,-0.42625290242576136,0.010376130216922845,0.008189020037903992,286.70532017509043,0.0034879017919489663,
main,46,0.002,120,4,SGA,emp,-1.0026821039128788,6.136161528891293e-08,0.008129139504053902,378.13443095335185,123.01425009391367,
main,46,0.002,120,4,ASGA,emp,-1.9774340911361057,1.1028308474769766e-09,0.008129139504053902,378.13443095335185,123.01425009391367,
main,46,0.002,120,4,SGA,cert,-0.0072881776447227715,0.034181727456725965,0.008129139504053902,378.13443095335185,0.0026445621401859696,
main,46,0.002,120,4,ASGA,cert,-0.3206489404199236,0.01666958979728462,0.008129139504053902,378.13443095335185,0.0026445621401859696,
main,47,0.002,120,4,SGA,emp,-0.9700639054389896,6.487195246263067e-08,0.008108149021743099,347.79421945657435,123.33271099462586,
main,47,0.002,120,4,ASGA,emp,-1.9689179331056499,1.1935568922094575e-09,0.008108149021743099,347.79421945657435,123.33271099462586,
main,47,0.002,120,4,SGA,cert,-0.00793842499595165,0.03475223248607949,0.008108149021743099,347.79421945657435,0.0028752634289393652,
main,47,0.002,120,4,ASGA,cert,-0.35057327260136073,0.015833365210675493,0.008108149021743099,347.79421945657435,0.0028752634289393652,
main,48,0.002,120,4,SGA,emp,-1.0151266947384943,8.314966684977443e-08,0.00820061673637071,284.00397585368444,121.9420480370557,
main,48,0.002,120,4,ASGA,emp,-2.101365652939723,1.1977543158681048e-09,0.00820061673637071,284.00397585368444,121.9420480370557,
main,48,0.002,120,4,SGA,cert,-0.009452090393220852,0.01633347945769653,0.00820061673637071,284.00397585368444,0.003521077467292882,
main,48,0.002,120,4,ASGA,cert,-0.4208369289860519,0.006341832516082599,0.00820061673637071,284.00397585368444,0.003521077467292882,
main,49,0.002,120,4,SGA,emp,-1.029409240248799,7.572939602837336e-08,0.008189187704528148,399.4790958747229,122.11223335948908,
main,49,0.002,120,4,ASGA,emp,-2.1195071524464173,1.0530611695147574e-09,0.008189187704528148,399.4790958747229,122.11223335948908,
main,49,0.002,120,4,SGA,cert,-0.006732447311823641,0.016656535929972915,0.008189187704528148,399.4790958747229,0.002503259896016189,
main,49,0.002,120,4,ASGA,cert,-0.29508568510637845,0.008609324191008762,0.008189187704528148,399.4790958747229,0.002503259896016189,
main,0,0.002,120,8,SGA,emp,-1.0032935018626639,8.127340580393883e-08,0.008114640895295275,403.2246489147519,123.23404238131873,
main,0,0.002,120,8,ASGA,emp,-2.055003230363878,1.2712541852533121e-09,0.008114640895295275,403.2246489147519,123.23404238131873,
main,0,0.002,120,8,SGA,cert,-0.006782469391498143,0.027043382941664747,0.008114640895295275,403.2246489147519,0.002480007119335147,
main,0,0.002,120,8,ASGA,cert,-0.2974764606320732,0.013900758764333339,0.008114640895295275,403.2246489147519,0.002480007119335147,
main,1,0.002,120,8,SGA,emp,-0.998870861372399,8.790637923833389e-08,0.008195547263827003,395.53309830624335,122.01747702850032,
main,1,0.002,120,8,ASGA,emp,-2.0434592736438417,1.4042662935254135e-09,0.008195547263827003,395.53309830624335,122.01747702850032,
main,1,0.002,120,8,SGA,cert,-0.006887802733994642,0.024448198033403527,0.008195547263827003,395.53309830624335,0.002528233425425615,
main,1,0.002,120,8,ASGA,cert,-0.30225200447332157,0.012432037250047677,0.008195547263827003,395.53309830624335,0.002528233425425615,
main,2,0.002,120,8,SGA,emp,-1.0249704615897124,6.418085319453981e-08,0.008139645944722136,359.9175978967841,122.85546653886271,
main,2,0.002,120,8,ASGA,emp,-2.0158111399121244,1.0726440846653418e-09,0.008139645944722136,359.9175978967841,122.85546653886271,
main,2,0.002,120,8,SGA,cert,-0.007621846688658633,0.029057839302887273,0.008139645944722136,359.9175978967841,0.002778413742044301,
main,2,0.002,120,8,ASGA,cert,-0.3359345045220556,0.01368804564577096,0.008139645944722136,359.9175978967841,0.002778413742044301,
main,3,0.002,120,8,SGA,emp,-0.9974656193486323,7.749007104040917e-08,0.0081499070197967,369.73049067983004,122.70078634896439,
main,3,0.002,120,8,ASGA,emp,-2.0434477733669394,1.239068958547307e-09,0.0081499070197967,369.73049067983004,122.70078634896439,
main,3,0.002,120,8,SGA,cert,-0.00740121062750543,0.026395364226889498,0.0081499070197967,369.73049067983004,0.002704672796017667,
main,3,0.002,120,8,ASGA,cert,-0.3257514512944641,0.012725294388802509,0.0081499070197967,369.73049067983004,0.002704672796017667,
main,4,0.002,120,8,SGA,emp,-1.0022722583435195,7.841255590668172e-08,0.008139832903574272,311.5535356719413,122.85264474666197,
main,4,0.002,120,8,ASGA,emp,-2.0560823534550887,1.228309821910134e-09,0.008139832903574272,311.5535356719413,122.85264474666197,
main,4,0.002,120,8,SGA,cert,-0.008740501588901857,0.022630873741809165,0.008139832903574272,311.5535356719413,0.0032097212372931535,
main,4,0.002,120,8,ASGA,cert,-0.3876812172936774,0.009476347798664232,0.008139832903574272,311.5535356719413,0.0032097212372931535,
main,5,0.002,120,8,SGA,emp,-1.0161125373309658,6.710499730194774e-08,0.008192669339557677,388.99389551261925,122.0603393782264,
main,5,0.002,120,8,ASGA,emp,-2.0671529347979942,1.0257166296878673e-09,0.008192669339557677,388.99389551261925,122.0603393782264,
main,5,0.002,120,8,SGA,cert,-0.007031064368390054,0.02475467308382631,0.008192669339557677,388.99389551261925,0.0025707344293467434,
main,5,0.002,120,8,ASGA,cert,-0.3087954957462807,0.01240228551625969,0.008192669339557677,388.99389551261925,0.0025707344293467434,
main,6,0.002,120,8,SGA,emp,-1.0378996517540733,6.709979170210767e-08,0.008134823922646733,401.5356260760456,122.92829070535575,
main,6,0.002,120,8,ASGA,emp,-2.072231225912487,1.015128869852333e-09,0.008134823922646733,401.5356260760456,122.92829070535575,
main,6,0.002,120,8,SGA,cert,-0.006756743104101806,0.020091648828473863,0.008134823922646733,401.5356260760456,0.002490439042165123,
main,6,0.002,120,8,ASGA,cert,-0.2962365131145479,0.01035718512285887,0.008134823922646733,401.5356260760456,0.002490439042165123,
main,7,0.002,120,8,SGA,emp,-1.0173507329416718,6.417167374567212e-08,0.008113594565771489,335.68433576970784,123.24993464902249,
main,7,0.002,120,8,ASGA,emp,-2.0486444941641295,1.0135479955319937e-09,0.008113594565771489,335.68433576970784,123.24993464902249,
main,7,0.002,120,8,SGA,cert,-0.008179597695431388,0.0295208321408895,0.008113594565771489,335.68433576970784,0.0029789891676269276,
main,7,0.002,120,8,ASGA,cert,-0.3617141182356359,0.013113725111603594,0.008113594565771489,335.68433576970784,0.0029789891676269276,
main,8,0.002,120,8,SGA,emp,-1.0182090123120024,8.197358587758163e-08,0.008193607820821878,372.3197983227446,122.04635880408696,
main,8,0.002,120,8,ASGA,emp,-2.0381330007960923,1.3135237758588048e-09,0.008193607820821878,372.3197983227446,122.04635880408696,
main,8,0.002,120,8,SGA,cert,-0.007328485521575937,0.0260982424125158,0.008193607820821878,372.3197983227446,0.002685863079279905,
main,8,0.002,120,8,ASGA,cert,-0.3224279284649183,0.012677496069205027,0.008193607820821878,372.3197983227446,0.002685863079279905,
main,9,0.002,120,8,SGA,emp,-1.009198191920148,7.316943463619996e-08,0.008167002707279766,401.0017620639505,122.44394128933456,
main,9,0.002,120,8,ASGA,emp,-2.031640262606013,1.191829364366459e-09,0.008167002707279766,401.0017620639505,122.44394128933456,
main,9,0.002,120,8,SGA,cert,-0.006853847390545533,0.030816047585052082,0.008167002707279766,401.0017620639505,0.002493754628042066,
main,9,0.002,120,8,ASGA,cert,-0.300736727499793,0.015723036984703835,0.008167002707279766,401.0017620639505,0.002493754628042066,
main,10,0.002,120,8,SGA,emp,-0.9734003406300358,5.630892031815993e-08,0.008181940833927998,317.91564070152043,122.22039003915879,
main,10,0.002,120,8,ASGA,emp,-1.9776594272921348,1.015401762671786e-09,0.008181940833927998,317.91564070152043,122.22039003915879,
main,10,0.002,120,8,SGA,cert,-0.008680861880397234,0.03320938590376348,0.008181940833927998,317.91564070152043,0.003145488525803183,
main,10,0.002,120,8,ASGA,cert,-0.3850658573388473,0.013986077116808632,0.008181940833927998,317.91564070152043,0.003145488525803183,
main,11,0.002,120,8,SGA,emp,-0.976068059341145,7.814577226289421e-08,0.008126549956015907,363.7412951873071,123.0534489312678,
main,11,0.002,120,8,ASGA,emp,-2.0107222264185522,1.3318581446042366e-09,0.008126549956015907,363.7412951873071,123.0534489312678,
main,11,0.002,120,8,SGA,cert,-0.007549594577482053,0.029902631011223667,0.008126549956015907,363.7412951873071,0.002749206684066636,
main,11,0.002,120,8,ASGA,cert,-0.33261458524689547,0.014192532299162001,0.008126549956015907,363.7412951873071,0.002749206684066636,
main,12,0.002,120,8,SGA,emp,-1.0054076164312549,7.027477845478192e-08,0.008183729067251727,402.48463961906606,122.19368356189015,
main,12,0.002,120,8,ASGA,emp,-2.0198528639309474,1.1679446923484882e-09,0.008183729067251727,402.48463961906606,122.19368356189015,
main,12,0.002,120,8,SGA,cert,-0.006830253975154218,0.03152386669543018,0.008183729067251727,402.48463961906606,0.002484566866816224,
main,12,0.002,120,8,ASGA,cert,-0.2996713244126196,0.016122928096890476,0.008183729067251727,402.48463961906606,0.002484566866816224,
main,13,0.002,120,8,SGA,emp,-1.0055993482795982,6.041386679117577e-08,0.00817597650236444,378.85904249238473,122.30954916648874,
main,13,0.002,120,8,ASGA,emp,-1.9834235883309672,1.0689142071473867e-09,0.00817597650236444,378.85904249238473,122.30954916648874,
main,13,0.002,120,8,SGA,cert,-0.007283300493335295,0.03627702916717076,0.00817597650236444,378.85904249238473,0.002639504110608896,
main,13,0.002,120,8,ASGA,cert,-0.3204287318279915,0.017700149354560005,0.00817597650236444,378.85904249238473,0.002639504110608896,
main,14,0.002,120,8,SGA,emp,-1.0251048738796136,7.25716047117464e-08,0.008188255590603134,383.4356830226893,122.12613406298685,
main,14,0.002,120,8,ASGA,emp,-2.0656209944526993,1.1117590945075584e-09,0.008188255590603134,383.4356830226893,122.12613406298685,
main,14,0.002,120,8,SGA,cert,-0.007068999094014721,0.020183802481805728,0.008188255590603134,383.4356830226893,0.002607999318469341,
main,14,0.002,120,8,ASGA,cert,-0.3104856327753227,0.010074278947632062,0.008188255590603134,383.4356830226893,0.002607999318469341,
main,15,0.002,120,8,SGA,emp,-0.9975416214145415,6.307199833938126e-08,0.008194741829155408,397.95551993310295,122.02946973169809,
main,15,0.002,120,8,ASGA,emp,-2.0116360235173896,1.068149554916964e-09,0.008194741829155408,397.95551993310295,122.02946973169809,
main,15,0.002,120,8,SGA,cert,-0.006928927282039865,0.03283550166223791,0.008194741829155408,397.95551993310295,0.002512843646868127,
main,15,0.002,120,8,ASGA,cert,-0.3041745475727498,0.0166229856917655,0.008194741829155408,397.95551993310295,0.002512843646868127,
main,16,0.002,120,8,SGA,emp,-0.9806565311691969,9.774424911818125e-08,0.008146846029960046,390.3484807565744,122.74688834458115,
main,16,0.002,120,8,ASGA,emp,-1.9990301401364015,1.701593872749374e-09,0.008146846029960046,390.3484807565744,122.74688834458115,
main,16,0.002,120,8,SGA,cert,-0.007002147720659887,0.02735076943618314,0.008146846029960046,390.3484807565744,0.0025618134802569167,
main,16,0.002,120,8,ASGA,cert,-0.30748492766428565,0.0137437915687788,0.008146846029960046,390.3484807565744,0.0025618134802569167,
main,17,0.002,120,8,SGA,emp,-1.0055467265240023,8.770543443586964e-08,0.008203941329874119,398.959355419757,121.89263182058178,
main,17,0.002,120,8,ASGA,emp,-2.058694956508116,1.3627704451013578e-09,0.008203941329874119,398.959355419757,121.89263182058178,
main,17,0.002,120,8,SGA,cert,-0.006790892183191977,0.020479917041443668,0.008203941329874119,398.959355419757,0.002506520993718446,
main,17,0.002,120,8,ASGA,cert,-0.29779116224816066,0.010520373838612547,0.008203941329874119,398.959355419757,0.002506520993718446,
main,18,0.002,120,8,SGA,emp,-1.008421527878507,8.123368475110304e-08,0.008182382708979216,396.1116340850539,122.21378974398448,
main,18,0.002,120,8,ASGA,emp,-2.0551288734732998,1.267702096074963e-09,0.008182382708979216,396.1116340850539,122.21378974398448,
main,18,0.002,120,8,SGA,cert,-0.006898601340325616,0.02583089056396998,0.008182382708979216,396.1116340850539,0.00252454084644552,
main,18,0.002,120,8,ASGA,cert,-0.30274480687153343,0.013120279532213994,0.008182382708979216,396.1116340850539,0.00252454084644552,
main,19,0.002,120,8,SGA,emp,-0.9835561795696837,6.470890497739523e-08,0.008161581026375708,323.49189538996734,122.52527993881442,
main,19,0.002,120,8,ASGA,emp,-1.9933252456284412,1.1353453732709795e-09,0.008161581026375708,323.49189538996734,122.52527993881442,
main,19,0.002,120,8,SGA,cert,-0.008526889287362713,0.03414849019206183,0.008161581026375708,323.49189538996734,0.0030912675533787534,
main,19,0.002,120,8,ASGA,cert,-0.37788403502973816,0.014619490633131435,0.008161581026375708,323.49189538996734,0.0030912675533787534,
main,20,0.002,120,8,SGA,emp,-1.0038400351471306,7.346523282075745e-08,0.008199363023344461,387.8538044971407,121.96069342861065,
main,20,0.002,120,8,ASGA,emp,-1.984425694008208,1.303259493379283e-09,0.008199363023344461,387.8538044971407,121.96069342861065,
main,20,0.002,120,8,SGA,cert,-0.007069311488522356,0.029018058815963022,0.008199363023344461,387.8538044971407,0.002578291068451727,
main,20,0.002,120,8,ASGA,cert,-0.310588330739808,0.014478808046577689,0.008199363023344461,387.8538044971407,0.002578291068451727,
main,21,0.002,120,8,SGA,emp,-1.014906784676052,7.174642776414109e-08,0.008182530397725095,349.1334174009125,122.21158387361687,
main,21,0.002,120,8,ASGA,emp,-2.072170191768741,1.0858906898669751e-09,0.008182530397725095,349.1334174009125,122.21158387361687,
main,21,0.002,120,8,SGA,cert,-0.007836167923954617,0.025860277816381918,0.008182530397725095,349.1334174009125,0.0028642345595113645,
main,21,0.002,120,8,ASGA,cert,-0.34578748226592376,0.011912296612932242,0.008182530397725095,349.1334174009125,0.0028642345595113645,
main,22,0.002,120,8,SGA,emp,-0.9806045082239674,1.0376876533046975e-07,0.008145634083440741,388.27904050457636,122.76515121553274,
main,22,0.002,120,8,ASGA,emp,-2.000855396080138,1.796502911710629e-09,0.008145634083440741,388.27904050457636,122.76515121553274,
main,22,0.002,120,8,SGA,cert,-0.007034432495391285,0.027279198223024173,0.008145634083440741,388.27904050457636,0.002575467371868644,
main,22,0.002,120,8,ASGA,cert,-0.30896102368361084,0.013662105044144578,0.008145634083440741,388.27904050457636,0.002575467371868644,
main,23,0.002,120,8,SGA,emp,-1.0203819079002805,6.313142428271412e-08,0.008169957183950818,384.20008413265003,122.39966226070491,
main,23,0.002,120,8,ASGA,emp,-1.9996066195176494,1.083747057373241e-09,0.008169957183950818,384.20008413265003,122.39966226070491,
main,23,0.002,120,8,SGA,cert,-0.007136072855457859,0.028804384501966235,0.008169957183950818,384.20008413265003,0.0026028104659517387,
main,23,0.002,120,8,ASGA,cert,-0.3136352264706783,0.01427331857645505,0.008169957183950818,384.20008413265003,0.0026028104659517387,
main,24,0.002,120,8,SGA,emp,-1.0104076767729895,8.396522876291668e-08,0.008153231245350825,393.9537782739726,122.65075893318061,
main,24,0.002,120,8,ASGA,emp,-2.1068477971781894,1.196131159397762e-09,0.008153231245350825,393.9537782739726,122.65075893318061,
main,24,0.002,120,8,SGA,cert,-0.006822195857554365,0.016592198111851947,0.008153231245350825,393.9537782739726,0.0025383688522579834,
main,24,0.002,120,8,ASGA,cert,-0.2991625177023142,0.00849738760928644,0.008153231245350825,393.9537782739726,0.0025383688522579834,
main,25,0.002,120,8,SGA,emp,-0.9889167986454043,6.27421698901065e-08,0.008115468172872422,368.218151105122,123.22148010421633,
main,25,0.002,120,8,ASGA,emp,-1.9719427675435273,1.1390513254827539e-09,0.008115468172872422,368.218151105122,123.22148010421633,
main,25,0.002,120,8,SGA,cert,-0.007519830705656966,0.04434096995089172,0.008115468172872422,368.218151105122,0.0027157813839397385,
main,25,0.002,120,8,ASGA,cert,-0.3313617903990883,0.021102823263227856,0.008115468172872422,368.218151105122,0.0027157813839397385,
main,26,0.002,120,8,SGA,emp,-0.9905233658787763,8.885480877462992e-08,0.008169928083808892,353.8290098990002,122.40009823119412,
main,26,0.002,120,8,ASGA,emp,-2.0225871512849993,1.4778244600277546e-09,0.008169928083808892,353.8290098990002,122.40009823119412,
main,26,0.002,120,8,SGA,cert,-0.007709285050384492,0.025207277556614366,0.008169928083808892,353.8290098990002,0.0028262238878758077,
main,26,0.002,120,8,ASGA,cert,-0.3399064984477168,0.0117683511187801,0.008169928083808892,353.8290098990002,0.0028262238878758077,
main,27,0.002,120,8,SGA,emp,-1.0075984566965115,7.220418916237259e-08,0.008159903368520585,352.74076233022726,122.55047086192431,
main,27,0.002,120,8,ASGA,emp,-2.0173554841932355,1.207710161044151e-09,0.008159903368520585,352.74076233022726,122.55047086192431,
main,27,0.002,120,8,SGA,cert,-0.007771190774422865,0.028406251958784465,0.008159903368520585,352.74076233022726,0.002834943127621368,
main,27,0.002,120,8,ASGA,cert,-0.34281873866404633,0.013173373300639793,0.008159903368520585,352.74076233022726,0.002834943127621368,
main,28,0.002,120,8,SGA,emp,-1.0036792164320543,6.737682200358419e-08,0.008198699034437661,381.5843309952736,121.97057067220284,
main,28,0.002,120,8,ASGA,emp,-2.003834400375218,1.149984760195899e-09,0.008198699034437661,381.5843309952736,121.97057067220284,
main,28,0.002,120,8,SGA,cert,-0.00722353266923838,0.03453676032545486,0.008198699034437661,381.5843309952736,0.0026206526808680367,
main,28,0.002,120,8,ASGA,cert,-0.3176730959102486,0.01695700533861088,0.008198699034437661,381.5843309952736,0.0026206526808680367,
main,29,0.002,120,8,SGA,emp,-1.0003841879525066,7.059193404129749e-08,0.00814350495797913,396.80675383713765,122.7972482561314,
main,29,0.002,120,8,ASGA,emp,-2.011220769459914,1.1957849502253204e-09,0.00814350495797913,396.80675383713765,122.7972482561314,
main,29,0.002,120,8,SGA,cert,-0.006923559511089393,0.03024899452080016,0.00814350495797913,396.80675383713765,0.002520118395994924,
main,29,0.002,120,8,ASGA,cert,-0.30392607736646504,0.015322509682899915,0.00814350495797913,396.80675383713765,0.002520118395994924,
main,30,0.002,120,8,SGA,emp,-0.997469730204377,7.570939454526471e-08,0.008185223925026285,336.1403486589612,122.1713674738335,
main,30,0.002,120,8,ASGA,emp,-2.052103730797231,1.1912520830881235e-09,0.008185223925026285,336.1403486589612,122.1713674738335,
main,30,0.002,120,8,SGA,cert,-0.008132453920239108,0.02552906713648293,0.008185223925026285,336.1403486589612,0.002974947827565243,
main,30,0.002,120,8,ASGA,cert,-0.3594758838191112,0.011399201416827917,0.008185223925026285,336.1403486589612,0.002974947827565243,
main,31,0.002,120,8,SGA,emp,-1.0100692396197692,6.670765798078016e-08,0.008198713809750012,372.3474955056944,121.97035086293506,
main,31,0.002,120,8,ASGA,emp,-2.023661516351931,1.0953181486805796e-09,0.008198713809750012,372.3474955056944,121.97035086293506,
main,31,0.002,120,8,SGA,cert,-0.007405446836916693,0.035410766336149146,0.008198713809750012,372.3474955056944,0.002685663290528852,
main,31,0.002,120,8,ASGA,cert,-0.326039086071601,0.01705884853343039,0.008198713809750012,372.3474955056944,0.002685663290528852,
main,32,0.002,120,8,SGA,emp,-0.9925641777005428,5.7689144468409115e-08,0.008193159678114202,322.22183569944303,122.053034395415,
main,32,0.002,120,8,ASGA,emp,-2.0049070207143465,9.870336700745774e-10,0.008193159678114202,322.22183569944303,122.053034395415,
main,32,0.002,120,8,SGA,cert,-0.008600810485575126,0.04206591793605402,0.008193159678114202,322.22183569944303,0.003103451998618629,
main,32,0.002,120,8,ASGA,cert,-0.38139110297066586,0.017864021107926578,0.008193159678114202,322.22183569944303,0.003103451998618629,
main,33,0.002,120,8,SGA,emp,-0.998698435857766,1.0903217554508737e-07,0.008190503740856947,399.16807110898657,122.09261257176021,
main,33,0.002,120,8,ASGA,emp,-2.026110447958805,1.7980720176669074e-09,0.008190503740856947,399.16807110898657,122.09261257176021,
main,33,0.002,120,8,SGA,cert,-0.006792375077818218,0.022975960782172726,0.008190503740856947,399.16807110898657,0.0025052103922584674,
main,33,0.002,120,8,ASGA,cert,-0.2978814287274947,0.011800113741906072,0.008190503740856947,399.16807110898657,0.0025052103922584674,
main,34,0.002,120,8,SGA,emp,-0.9976895334504726,5.985483471360187e-08,0.008086469887109394,352.82612804508153,123.6633554518141,
main,34,0.002,120,8,ASGA,emp,-2.006467920897519,1.023324390503344e-09,0.008086469887109394,352.82612804508153,123.6633554518141,
main,34,0.002,120,8,SGA,cert,-0.007829612299657975,0.037312508374358844,0.008086469887109394,352.82612804508153,0.0028342572176860647,
main,34,0.002,120,8,ASGA,cert,-0.34557813824031636,0.017193866186414608,0.008086469887109394,352.82612804508153,0.0028342572176860647,
main,35,0.002,120,8,SGA,emp,-0.9751109017929213,7.14649038210946e-08,0.008125041345662545,403.01136232937915,123.07629677894967,
main,35,0.002,120,8,ASGA,emp,-1.9868383929205886,1.2699575627217463e-09,0.008125041345662545,403.01136232937915,123.07629677894967,
main,35,0.002,120,8,SGA,cert,-0.006854444122745795,0.036824449982002745,0.008125041345662545,403.01136232937915,0.002481319618931004,
main,35,0.002,120,8,ASGA,cert,-0.30079362608694327,0.01878544127271487,0.008125041345662545,403.01136232937915,0.002481319618931004,
main,36,0.002,120,8,SGA,emp,-1.0247347493410954,7.367443863315337e-08,0.008137969472899558,362.9380572086173,122.88077552147662,
main,36,0.002,120,8,ASGA,emp,-2.077192979801013,1.1035775834833395e-09,0.008137969472899558,362.9380572086173,122.88077552147662,
main,36,0.002,120,8,SGA,cert,-0.00747426945783082,0.020748466370831876,0.008137969472899558,362.9380572086173,0.0027552911030909017,
main,36,0.002,120,8,ASGA,cert,-0.329057222671566,0.009928870576827502,0.008137969472899558,362.9380572086173,0.0027552911030909017,
main,37,0.002,120,8,SGA,emp,-0.9979390575340857,9.934793292198929e-08,0.00819259832573095,371.9736689265364,122.06139740297584,
main,37,0.002,120,8,ASGA,emp,-2.0240823470214937,1.6431591226551134e-09,0.00819259832573095,371.9736689265364,122.06139740297584,
main,37,0.002,120,8,SGA,cert,-0.007323931375265256,0.025308665750481185,0.00819259832573095,371.9736689265364,0.0026883623318980053,
main,37,0.002,120,8,ASGA,cert,-0.32219564442346194,0.012300722453801767,0.00819259832573095,371.9736689265364,0.0026883623318980053,
main,38,0.002,120,8,SGA,emp,-0.9849485915462372,9.192408804981067e-08,0.008152570364545081,381.34694005618286,122.66070150696585,
main,38,0.002,120,8,ASGA,emp,-2.000577262537301,1.593719677062122e-09,0.008152570364545081,381.34694005618286,122.66070150696585,
main,38,0.002,120,8,SGA,cert,-0.0071698221307519095,0.027262134289710735,0.008152570364545081,381.34694005618286,0.002622284054128434,
main,38,0.002,120,8,ASGA,cert,-0.3151494031030388,0.013463250814644369,0.008152570364545081,381.34694005618286,0.002622284054128434,
main,39,0.002,120,8,SGA,emp,-1.0010301666660775,7.83493042597061e-08,0.008151485621493789,345.5696603395138,122.67702434059454,
main,39,0.002,120,8,ASGA,emp,-2.070866532798955,1.1922815165710254e-09,0.008151485621493789,345.5696603395138,122.67702434059454,
main,39,0.002,120,8,SGA,cert,-0.007868105418658707,0.021934878184748544,0.008151485621493789,345.5696603395138,0.0028937725580929887,
main,39,0.002,120,8,ASGA,cert,-0.3472001791646743,0.010072492315211332,0.008151485621493789,345.5696603395138,0.0028937725580929887,
main,40,0.002,120,8,SGA,emp,-1.0115430979500253,7.117955403562748e-08,0.008173038772702076,390.4740766173748,122.35351229948851,
main,40,0.002,120,8,ASGA,emp,-1.9943408985070568,1.2372236568580774e-09,0.008173038772702076,390.4740766173748,122.35351229948851,
main,40,0.002,120,8,SGA,cert,-0.00701981092675223,0.028658125235066268,0.008173038772702076,390.4740766173748,0.00256098947377728,
main,40,0.002,120,8,ASGA,cert,-0.30832538658042413,0.014372776269548491,0.008173038772702076,390.4740766173748,0.00256098947377728,
main,41,0.002,120,8,SGA,emp,-0.9758682370029504,7.904509252698588e-08,0.008023187060657534,318.2397097432682,124.63874922019403,
main,41,0.002,120,8,ASGA,emp,-2.02245728436874,1.3243071222968084e-09,0.008023187060657534,318.2397097432682,124.63874922019403,
main,41,0.002,120,8,SGA,cert,-0.008605261697104037,0.027448626313126057,0.008023187060657534,318.2397097432682,0.0031422854200273266,
main,41,0.002,120,8,ASGA,cert,-0.3814748539029288,0.011656454052018587,0.008023187060657534,318.2397097432682,0.0031422854200273266,
main,42,0.002,120,8,SGA,emp,-1.0168384379164763,6.562760806322343e-08,0.008205887928626655,366.198725076042,121.8637164799009,
main,42,0.002,120,8,ASGA,emp,-2.003674818779212,1.1185797288426613e-09,0.008205887928626655,366.198725076042,121.8637164799009,
main,42,0.002,120,8,SGA,cert,-0.007503122707420565,0.031014545644720296,0.008205887928626655,366.198725076042,0.0027307577321366906,
main,42,0.002,120,8,ASGA,cert,-0.3304833477078627,0.014791635543902587,0.008205887928626655,366.198725076042,0.0027307577321366906,
main,43,0.002,120,8,SGA,emp,-0.9953775521945866,8.838459988197434e-08,0.008169206047116863,402.7064433722834,122.4109165850857,
main,43,0.002,120,8,ASGA,emp,-2.0111504935276248,1.499532380211388e-09,0.008169206047116863,402.7064433722834,122.4109165850857,
main,43,0.002,120,8,SGA,cert,-0.006784033934567319,0.02656614969835991,0.008169206047116863,402.7064433722834,0.002483198410300941,
main,43,0.002,120,8,ASGA,cert,-0.2975315054595549,0.01365397911443788,0.008169206047116863,402.7064433722834,0.002483198410300941,
main,44,0.002,120,8,SGA,emp,-0.9966364811840225,5.375384660999405e-08,0.008169333638848355,398.0160273969007,122.40900472525831,
main,44,0.002,120,8,ASGA,emp,-2.007353707319156,9.156499100604343e-10,0.008169333638848355,398.0160273969007,122.40900472525831,
main,44,0.002,120,8,SGA,cert,-0.00693221788879118,0.03268833890841162,0.008169333638848355,398.0160273969007,0.002512461637638532,
main,44,0.002,120,8,ASGA,cert,-0.30433217341983587,0.016542424648541505,0.008169333638848355,398.0160273969007,0.002512461637638532,
main,45,0.002,120,8,SGA,emp,-0.9809473015062915,8.575834637564173e-08,0.00815304056487176,304.2312752694471,122.6536274465021,
main,45,0.002,120,8,ASGA,emp,-2.0119159278233583,1.4601906073163917e-09,0.00815304056487176,304.2312752694471,122.6536274465021,
main,45,0.002,120,8,SGA,cert,-0.00891808366749489,0.020870204726898725,0.00815304056487176,304.2312752694471,0.0032869730408694327,
main,45,0.002,120,8,ASGA,cert,-0.39594167440133987,0.008576285740478109,0.00815304056487176,304.2312752694471,0.0032869730408694327,
main,46,0.002,120,8,SGA,emp,-0.9812482104561887,6.6166371437415e-08,0.008201437242149874,387.10682012726227,121.92984844908308,
main,46,0.002,120,8,ASGA,emp,-1.9658851612655561,1.2135067534169153e-09,0.008201437242149874,387.10682012726227,121.92984844908308,
main,46,0.002,120,8,SGA,cert,-0.007137864032631895,0.039001453161471286,0.008201437242149874,387.10682012726227,0.0025832662924183242,
main,46,0.002,120,8,ASGA,cert,-0.3137846473293202,0.019318113035425542,0.008201437242149874,387.10682012726227,0.0025832662924183242,
main,47,0.002,120,8,SGA,emp,-1.0116133159658613,7.203956896989494e-08,0.008186222339192703,353.0002297444648,122.15646711821616,
main,47,0.002,120,8,ASGA,emp,-2.0413252444649643,1.149887067508626e-09,0.008186222339192703,353.0002297444648,122.15646711821616,
main,47,0.002,120,8,SGA,cert,-0.007775498781774398,0.029824708734903088,0.008186222339192703,353.0002297444648,0.0028328593460800163,
main,47,0.002,120,8,ASGA,cert,-0.3430128198726442,0.013825028309173967,0.008186222339192703,353.0002297444648,0.0028328593460800163,
main,48,0.002,120,8,SGA,emp,-0.982597061091934,1.1343315887979433e-07,0.008192137784780697,377.91300175122467,122.06825938130505,
main,48,0.002,120,8,ASGA,emp,-2.0031263220919904,1.9586244640046324e-09,0.008192137784780697,377.91300175122467,122.06825938130505,
main,48,0.002,120,8,SGA,cert,-0.0071077298980145405,0.018561235569283255,0.008192137784780697,377.91300175122467,0.002646111658942836,
main,48,0.002,120,8,ASGA,cert,-0.3122219199568593,0.00922876462191708,0.008192137784780697,377.91300175122467,0.002646111658942836,
main,49,0.002,120,8,SGA,emp,-1.008459591739643,7.47835808001529e-08,0.008202017536516245,370.7552957015419,121.92122188813846,
main,49,0.002,120,8,ASGA,emp,-2.0551538083640812,1.1687168247065394e-09,0.008202017536516245,370.7552957015419,121.92122188813846,
main,49,0.002,120,8,SGA,cert,-0.007404622950071557,0.029610760354428233,0.008202017536516245,370.7552957015419,0.002697196807689027,
main,49,0.002,120,8,ASGA,cert,-0.32594458575553703,0.014268601233389556,0.008202017536516245,370.7552957015419,0.002697196807689027,
main,0,0.002,240,2,SGA,emp,-1.0005362462575784,1.2618814641818243e-07,0.0040624308292826206,398.93794262229886,246.15803739767028,
main,0,0.002,240,2,ASGA,emp,-2.0349180042443433,2.049214783972353e-09,0.0040624308292826206,398.93794262229886,246.15803739767028,
main,0,0.002,240,2,SGA,cert,-0.003358193865375061,0.01880312889280412,0.0040624308292826206,398.93794262229886,0.002506655529997473,
main,0,0.002,240,2,ASGA,cert,-0.1444667754785516,0.013637320051770395,0.0040624308292826206,398.93794262229886,0.002506655529997473,
main,1,0.002,240,2,SGA,emp,-0.9701021168849437,1.1978169916354586e-07,0.004111703047064357,362.1836322763531,243.20822504776274,
main,1,0.002,240,2,ASGA,emp,-1.9710303135008869,2.1950885484289806e-09,0.004111703047064357,362.1836322763531,243.20822504776274,
main,1,0.002,240,2,SGA,cert,-0.0037421033380389004,0.022725683169242714,0.004111703047064357,362.1836322763531,0.0027610303472714107,
main,1,0.002,240,2,ASGA,cert,-0.161323034376511,0.015872107811193407,0.004111703047064357,362.1836322763531,0.0027610303472714107,
main,2,0.002,240,2,SGA,emp,-1.005200019863235,8.596197415000617e-08,0.004048621216674428,376.4744249639087,246.99766821392308,
main,2,0.002,240,2,ASGA,emp,-2.0215440748837823,1.4311049914561558e-09,0.004048621216674428,376.4744249639087,246.99766821392308,
main,2,0.002,240,2,SGA,cert,-0.0036010588580178177,0.021725396866539327,0.004048621216674428,376.4744249639087,0.002656222929607679,
main,2,0.002,240,2,ASGA,cert,-0.1551232570802742,0.015385477069254503,0.004048621216674428,376.4744249639087,0.002656222929607679,
main,3,0.002,240,2,SGA,emp,-0.9992840759661642,5.165375407956141e-08,0.004081918284479057,275.6793839593097,244.98285617386438,
main,3,0.002,240,2,ASGA,emp,-1.9655729065981233,9.459468069961119e-10,0.004081918284479057,275.6793839593097,244.98285617386438,
main,3,0.002,240,2,SGA,cert,-0.005015514229460252,0.037749143996143986,0.004081918284479057,275.6793839593097,0.00362740218596687,
main,3,0.002,240,2,ASGA,cert,-0.21778988333567778,0.023226017130541343,0.004081918284479057,275.6793839593097,0.00362740218596687,
main,4,0.002,240,2,SGA,emp,-0.9691454460583501,9.239519004056174e-08,0.004088754002297302,379.47779888269054,244.57328551390992,
main,4,0.002,240,2,ASGA,emp,-1.965841372386405,1.706933254463916e-09,0.004088754002297302,379.47779888269054,244.57328551390992,
main,4,0.002,240,2,SGA,cert,-0.003627835650488098,0.033905597224268474,0.004088754002297302,379.47779888269054,0.002635200275073625,
main,4,0.002,240,2,ASGA,cert,-0.15630766304550017,0.023947322601759434,0.004088754002297302,379.47779888269054,0.002635200275073625,
main,5,0.002,240,2,SGA,emp,-1.0323684894076812,6.77509030405643e-08,0.0041080288565445815,328.99220273990153,243.42574867917014,
main,5,0.002,240,2,ASGA,emp,-1.993656236039665,1.1671482877395611e-09,0.0041080288565445815,328.99220273990153,243.42574867917014,
main,5,0.002,240,2,SGA,cert,-0.004160274473377752,0.02901824991986314,0.0041080288565445815,328.99220273990153,0.003039585715624366,
main,5,0.002,240,2,ASGA,cert,-0.17978046526603828,0.019445625770923576,0.0041080288565445815,328.99220273990153,0.003039585715624366,
main,6,0.002,240,2,SGA,emp,-0.9955797861244622,1.0818565348430509e-07,0.004097725348108168,312.06383374686544,244.03782953918045,
main,6,0.002,240,2,ASGA,emp,-2.04235056252033,1.7365863816398708e-09,0.004097725348108168,312.06383374686544,244.03782953918045,
main,6,0.002,240,2,SGA,cert,-0.0042818039485983325,0.016797563299762668,0.004097725348108168,312.06383374686544,0.003204472584962097,
main,6,0.002,240,2,ASGA,cert,-0.18513779403339226,0.011122327877984478,0.004097725348108168,312.06383374686544,0.003204472584962097,
main,7,0.002,240,2,SGA,emp,-0.9650501106388691,6.336277687257752e-08,0.004015854901294905,342.5285042262843,249.0129809415056,
main,7,0.002,240,2,ASGA,emp,-1.9648541794382368,1.1712741193603549e-09,0.004015854901294905,342.5285042262843,249.0129809415056,
main,7,0.002,240,2,SGA,cert,-0.00402810470006127,0.03792818170104248,0.004015854901294905,342.5285042262843,0.002919465059583394,
main,7,0.002,240,2,ASGA,cert,-0.17396083181299232,0.02574956211140144,0.004015854901294905,342.5285042262843,0.002919465059583394,
main,8,0.002,240,2,SGA,emp,-1.0060384089534584,8.846142552504377e-08,0.0041064941410746455,321.9467579055484,243.5167239124091,
main,8,0.002,240,2,ASGA,emp,-2.0514211221276017,1.3887463193307248e-09,0.0041064941410746455,321.9467579055484,243.5167239124091,
main,8,0.002,240,2,SGA,cert,-0.004253858273425905,0.02938723047390989,0.0041064941410746455,321.9467579055484,0.0031061036505091208,
main,8,0.002,240,2,ASGA,cert,-0.1839204203729749,0.01951087476176286,0.0041064941410746455,321.9467579055484,0.0031061036505091208,
main,9,0.002,240,2,SGA,emp,-1.0139416595863213,5.251958731800066e-08,0.004063727520998604,272.7106266335964,246.0794910172186,
main,9,0.002,240,2,ASGA,emp,-1.9735073020337601,9.507621287485613e-10,0.004063727520998604,272.7106266335964,246.0794910172186,
main,9,0.002,240,2,SGA,cert,-0.0050362656741667206,0.028723144575027372,0.004063727520998604,272.7106266335964,0.0036668904778087794,
main,9,0.002,240,2,ASGA,cert,-0.21870033382278428,0.01763677561032026,0.004063727520998604,272.7106266335964,0.0036668904778087794,
main,10,0.002,240,2,SGA,emp,-0.9102200468264174,4.0961604719225164e-08,0.0039159427280892525,360.92436061776425,255.36634967282595,
main,10,0.002,240,2,ASGA,emp,-1.9368260635377264,8.274369522887071e-10,0.0039159427280892525,360.92436061776425,255.36634967282595,
main,10,0.002,240,2,SGA,cert,-0.003854099247206966,0.05259824088610833,0.0039159427280892525,360.92436061776425,0.0027706636323699043,
main,10,0.002,240,2,ASGA,cert,-0.1662814811361256,0.03632870925710061,0.0039159427280892525,360.92436061776425,0.0027706636323699043,
main,11,0.002,240,2,SGA,emp,-0.9654769556327257,1.4951336964330597e-07,0.004031059827116781,394.9539530907731,248.07371829935127,
main,11,0.002,240,2,ASGA,emp,-1.9669771166917525,2.763844625386369e-09,0.004031059827116781,394.9539530907731,248.07371829935127,
main,11,0.002,240,2,SGA,cert,-0.0033137936657470883,0.013391426890855967,0.004031059827116781,394.9539530907731,0.0025319407292276625,
main,11,0.002,240,2,ASGA,cert,-0.14252932271069824,0.009754614134121379,0.004031059827116781,394.9539530907731,0.0025319407292276625,
main,12,0.002,240,2,SGA,emp,-1.0001004303420369,7.898834596120619e-08,0.004109254738406035,353.61613575551826,243.35312937739567,
main,12,0.002,240,2,ASGA,emp,-2.0119789251554336,1.3242144047964644e-09,0.004109254738406035,353.61613575551826,243.35312937739567,
main,12,0.002,240,2,SGA,cert,-0.0038948461196614726,0.03672423742797129,0.004109254738406035,353.61613575551826,0.0028279252525155586,
main,12,0.002,240,2,ASGA,cert,-0.1680772577209898,0.02526320010031711,0.004109254738406035,353.61613575551826,0.0028279252525155586,
main,13,0.002,240,2,SGA,emp,-0.9939088845045219,6.215807970416654e-08,0.004092831793553848,334.29518141188527,244.32961099818118,
main,13,0.002,240,2,ASGA,emp,-1.9600337688317937,1.1447074399484336e-09,0.004092831793553848,334.29518141188527,244.32961099818118,
main,13,0.002,240,2,SGA,cert,-0.0041196932432339805,0.03472700691799421,0.004092831793553848,334.29518141188527,0.002991368274518739,
main,13,0.002,240,2,ASGA,cert,-0.17799747446308606,0.023364078565876863,0.004092831793553848,334.29518141188527,0.002991368274518739,
main,14,0.002,240,2,SGA,emp,-1.0104111242190836,5.510922808371621e-08,0.004103848083248369,258.81081856617544,243.6737373593171,
main,14,0.002,240,2,ASGA,emp,-2.013081772286118,9.265474568143084e-10,0.004103848083248369,258.81081856617544,243.6737373593171,
main,14,0.002,240,2,SGA,cert,-0.005303438728889336,0.027610861341199087,0.004103848083248369,258.81081856617544,0.003863826116466262,
main,14,0.002,240,2,ASGA,cert,-0.23064465961198893,0.01650417365431791,0.004103848083248369,258.81081856617544,0.003863826116466262,
main,15,0.002,240,2,SGA,emp,-1.0230552651075482,9.422603658437723e-08,0.004101415216930606,390.071903851369,243.81827908376815,
main,15,0.002,240,2,ASGA,emp,-2.074630715521043,1.414960038026436e-09,0.004101415216930606,390.071903851369,243.81827908376815,
main,15,0.002,240,2,SGA,cert,-0.0034648915879658218,0.02111461308011589,0.004101415216930606,390.071903851369,0.0025636299106049816,
main,15,0.002,240,2,ASGA,cert,-0.149152844991941,0.0151539613497668,0.004101415216930606,390.071903851369,0.0025636299106049816,
main,16,0.002,240,2,SGA,emp,-0.9717129413268552,1.4459346634604353e-07,0.004088441027501811,375.8157814014569,244.59200787617502,
main,16,0.002,240,2,ASGA,emp,-1.981450903396558,2.601143578306875e-09,0.004088441027501811,375.8157814014569,244.59200787617502,
main,16,0.002,240,2,SGA,cert,-0.0034908331195103773,0.013676524272778344,0.004088441027501811,375.8157814014569,0.002660878146923192,
main,16,0.002,240,2,ASGA,cert,-0.15029051400896365,0.009790894832694914,0.004088441027501811,375.8157814014569,0.002660878146923192,
main,17,0.002,240,2,SGA,emp,-0.9872342131303512,5.822549593165194e-08,0.0040896538044795285,312.2382177209694,244.5194747058218,
main,17,0.002,240,2,ASGA,emp,-1.9592854838987726,1.0751354390103884e-09,0.0040896538044795285,312.2382177209694,244.5194747058218,
main,17,0.002,240,2,SGA,cert,-0.00440867495392841,0.03375076075035874,0.0040896538044795285,312.2382177209694,0.003202682898009771,
main,17,0.002,240,2,ASGA,cert,-0.19078646907159527,0.022065124182960638,0.0040896538044795285,312.2382177209694,0.003202682898009771,
main,18,0.002,240,2,SGA,emp,-0.9850644461263395,1.1808574488375578e-07,0.004009570654097189,379.1040301488905,249.40326191238148,
main,18,0.002,240,2,ASGA,emp,-2.02530969060544,1.961018347707011e-09,0.004009570654097189,379.1040301488905,249.40326191238148,
main,18,0.002,240,2,SGA,cert,-0.0035131658478899006,0.01649736082568655,0.004009570654097189,379.1040301488905,0.00263779838902598,
main,18,0.002,240,2,ASGA,cert,-0.1512663824366915,0.011784466014345914,0.004009570654097189,379.1040301488905,0.00263779838902598,
main,19,0.002,240,2,SGA,emp,-0.9728010170882979,9.106007140685657e-08,0.004082892940405612,385.62608812341614,244.92437460303717,
main,19,0.002,240,2,ASGA,emp,-1.9785854358071757,1.6378250006221506e-09,0.004082892940405612,385.62608812341614,244.92437460303717,
main,19,0.002,240,2,SGA,cert,-0.0035599261900127956,0.03284506519715455,0.004082892940405612,385.62608812341614,0.002593185551491939,
main,19,0.002,240,2,ASGA,cert,-0.15333701274754566,0.023352874044786004,0.004082892940405612,385.62608812341614,0.002593185551491939,
main,20,0.002,240,2,SGA,emp,-1.0013885408946408,1.1029083986369148e-07,0.004095960144167097,368.25304009231047,244.14300061587818,
main,20,0.002,240,2,ASGA,emp,-2.0493669934634187,1.7443646388448641e-09,0.004095960144167097,368.25304009231047,244.14300061587818,
main,20,0.002,240,2,SGA,cert,-0.0036388285120173432,0.018042280751546385,0.004095960144167097,368.25304009231047,0.0027155240856920793,
main,20,0.002,240,2,ASGA,cert,-0.15678221060916667,0.012729943235122911,0.004095960144167097,368.25304009231047,0.0027155240856920793,
main,21,0.002,240,2,SGA,emp,-0.980372368487367,1.0604019346632798e-07,0.004095005098343019,377.2685248830185,244.19994016726247,
main,21,0.002,240,2,ASGA,emp,-1.987980374012375,1.8808124432889706e-09,0.004095005098343019,377.2685248830185,244.19994016726247,
main,21,0.002,240,2,SGA,cert,-0.0035771624239170617,0.020243193364736428,0.004095005098343019,377.2685248830185,0.002650631934667953,
main,21,0.002,240,2,ASGA,cert,-0.15407345674864434,0.01436957562577736,0.004095005098343019,377.2685248830185,0.002650631934667953,
main,22,0.002,240,2,SGA,emp,-0.9838586314095071,1.0503005257178621e-07,0.004101272307218254,377.44796417419764,243.82677498394742,
main,22,0.002,240,2,ASGA,emp,-1.9990556365603167,1.823083697893857e-09,0.004101272307218254,377.44796417419764,243.82677498394742,
main,22,0.002,240,2,SGA,cert,-0.0035836529341417562,0.021407464176146713,0.004101272307218254,377.44796417419764,0.0026493718205312287,
main,22,0.002,240,2,ASGA,cert,-0.15436035848580684,0.015186240052769681,0.004101272307218254,377.44796417419764,0.0026493718205312287,
main,23,0.002,240,2,SGA,emp,-0.9867184218658623,1.25994632928228e-07,0.004005356966704826,370.4791234439756,249.665637373313,
main,23,0.002,240,2,ASGA,emp,-2.0251969313041376,2.0906966435862984e-09,0.004005356966704826,370.4791234439756,249.665637373313,
main,23,0.002,240,2,SGA,cert,-0.003593512790085836,0.016762772916240152,0.004005356966704826,370.4791234439756,0.0026992074228204695,
main,23,0.002,240,2,ASGA,cert,-0.15479342323326506,0.011879965819155461,0.004005356966704826,370.4791234439756,0.0026992074228204695,
main,24,0.002,240,2,SGA,emp,-1.0191598505373913,8.737801864694417e-08,0.004109823637189685,287.60405796195306,243.3194434308632,
main,24,0.002,240,2,ASGA,emp,-2.0796799837911037,1.3050934777325551e-09,0.004109823637189685,287.60405796195306,243.3194434308632,
main,24,0.002,240,2,SGA,cert,-0.004677553402007498,0.018043723021821646,0.004109823637189685,287.60405796195306,0.003477002400752945,
main,24,0.002,240,2,ASGA,cert,-0.20268778038725443,0.011485949889309996,0.004109823637189685,287.60405796195306,0.003477002400752945,
main,25,0.002,240,2,SGA,emp,-0.9646531763253368,5.7865499863973824e-08,0.004041728843512909,344.45703830292126,247.41887412982408,
main,25,0.002,240,2,ASGA,emp,-1.957136186575697,1.0836785496737278e-09,0.004041728843512909,344.45703830292126,247.41887412982408,
main,25,0.002,240,2,SGA,cert,-0.004035030628903992,0.05681179414255994,0.004041728843512909,344.45703830292126,0.0029031196602247486,
main,25,0.002,240,2,ASGA,cert,-0.17428217151507736,0.038541310037256804,0.004041728843512909,344.45703830292126,0.0029031196602247486,
main,26,0.002,240,2,SGA,emp,-0.9757211589312619,1.0809722193055871e-07,0.00407949242493282,383.46167831770975,245.12853459127766,
main,26,0.002,240,2,ASGA,emp,-1.9662173768933402,1.99735523259692e-09,0.00407949242493282,383.46167831770975,245.12853459127766,
main,26,0.002,240,2,SGA,cert,-0.0035085343977775416,0.018997145583221117,0.00407949242493282,383.46167831770975,0.0026078225192856675,
main,26,0.002,240,2,ASGA,cert,-0.1510591357565238,0.013576351779792887,0.00407949242493282,383.46167831770975,0.0026078225192856675,
main,27,0.002,240,2,SGA,emp,-1.0070538981605932,1.1486465511384436e-07,0.00409686195592775,368.2975914857961,244.08925923244735,
main,27,0.002,240,2,ASGA,emp,-2.0535147452497142,1.798680711317946e-09,0.00409686195592775,368.2975914857961,244.08925923244735,
main,27,0.002,240,2,SGA,cert,-0.00364369246475636,0.019001617267603303,0.00409686195592775,368.2975914857961,0.0027151956002909846,
main,27,0.002,240,2,ASGA,cert,-0.15699869360334798,0.01340029177053767,0.00409686195592775,368.2975914857961,0.0027151956002909846,
main,28,0.002,240,2,SGA,emp,-0.9865331236538584,6.908665184379714e-08,0.004017250615330501,394.04842567106573,248.92646632097896,
main,28,0.002,240,2,ASGA,emp,-1.9626311080326309,1.280054034991096e-09,0.004017250615330501,394.04842567106573,248.92646632097896,
main,28,0.002,240,2,SGA,cert,-0.003496536489942122,0.036323404561380876,0.004017250615330501,394.04842567106573,0.002537759155608849,
main,28,0.002,240,2,ASGA,cert,-0.15055588142115886,0.025987079611647014,0.004017250615330501,394.04842567106573,0.002537759155608849,
main,29,0.002,240,2,SGA,emp,-0.9690875869588804,6.109238505358494e-08,0.004069616769431456,333.30897910811206,245.723382975863,
main,29,0.002,240,2,ASGA,emp,-1.9646067505093288,1.1233043800684683e-09,0.004069616769431456,333.30897910811206,245.723382975863,
main,29,0.002,240,2,SGA,cert,-0.004159453485922894,0.0463128431372766,0.004069616769431456,333.30897910811206,0.0030002192040426254,
main,29,0.002,240,2,ASGA,cert,-0.17976020421592034,0.031035719821882884,0.004069616769431456,333.30897910811206,0.0030002192040426254,
main,30,0.002,240,2,SGA,emp,-1.0078351605042382,9.803525510138078e-08,0.004046874650374112,376.32361153313883,247.1042684525836,
main,30,0.002,240,2,ASGA,emp,-2.0666631742791104,1.5026487276692535e-09,0.004046874650374112,376.32361153313883,247.1042684525836,
main,30,0.002,240,2,SGA,cert,-0.0035783769756535695,0.019330155155684543,0.004046874650374112,376.32361153313883,0.002657287423252582,
main,30,0.002,240,2,ASGA,cert,-0.15412642408733285,0.013719860328114852,0.004046874650374112,376.32361153313883,0.002657287423252582,
main,31,0.002,240,2,SGA,emp,-0.9709448675327021,5.189745133638013e-08,0.004106875939378725,293.8658200265667,243.49408522704894,
main,31,0.002,240,2,ASGA,emp,-1.9601381349011773,9.574255832589529e-10,0.004106875939378725,293.8658200265667,243.49408522704894,
main,31,0.002,240,2,SGA,cert,-0.004718864397873669,0.0438423501084461,0.004106875939378725,293.8658200265667,0.003402913615164893,
main,31,0.002,240,2,ASGA,cert,-0.20457509978180552,0.02778823533626231,0.004106875939378725,293.8658200265667,0.003402913615164893,
main,32,0.002,240,2,SGA,emp,-0.98974893059994,6.686028768132513e-08,0.004082279141155899,321.10222415514016,244.96120069752251,
main,32,0.002,240,2,ASGA,emp,-1.9695686356241626,1.2151155567852179e-09,0.004082279141155899,321.10222415514016,244.96120069752251,
main,32,0.002,240,2,SGA,cert,-0.004273879074552565,0.031013919664468047,0.004082279141155899,321.10222415514016,0.0031142730407150688,
main,32,0.002,240,2,ASGA,cert,-0.18481001439861672,0.02054973386432713,0.004082279141155899,321.10222415514016,0.0031142730407150688,
main,33,0.002,240,2,SGA,emp,-1.0147675967573462,7.936381921785918e-08,0.004014378287301667,335.89121122328123,249.1045757105684,
main,33,0.002,240,2,ASGA,emp,-2.1673738548322556,1.0104774933461513e-09,0.004014378287301667,335.89121122328123,249.1045757105684,
main,33,0.002,240,2,SGA,cert,-0.003976937347231597,0.014682594033002714,0.004014378287301667,335.89121122328123,0.0029771544076967744,
main,33,0.002,240,2,ASGA,cert,-0.17164878750619766,0.010020429821480034,0.004014378287301667,335.89121122328123,0.0029771544076967744,
main,34,0.002,240,2,SGA,emp,-0.9690383186598206,5.74975479866735e-08,0.00408951423761999,339.901439870555,244.52781966152992,
main,34,0.002,240,2,ASGA,emp,-1.959622318383435,1.0633957603367605e-09,0.00408951423761999,339.901439870555,244.52781966152992,
main,34,0.002,240,2,SGA,cert,-0.004079073259068091,0.04640496007145155,0.00408951423761999,339.901439870555,0.002942029314088316,
main,34,0.002,240,2,ASGA,cert,-0.1762157930036818,0.03134539815310738,0.00408951423761999,339.901439870555,0.002942029314088316,
main,35,0.002,240,2,SGA,emp,-1.0580413669665474,5.47987952931317e-08,0.00411525199702097,231.20335263086403,242.99848483735622,
main,35,0.002,240,2,ASGA,emp,-2.068765184751187,8.324642260248982e-10,0.00411525199702097,231.20335263086403,242.99848483735622,
main,35,0.002,240,2,SGA,cert,-0.00585965920150019,0.018332341646515968,0.00411525199702097,231.20335263086403,0.0043251967958984824,
main,35,0.002,240,2,ASGA,cert,-0.25557556830518297,0.010359899194123414,0.00411525199702097,231.20335263086403,0.0043251967958984824,
main,36,0.002,240,2,SGA,emp,-0.9772285527380393,7.159444134763326e-08,0.004068516063267608,305.4569193368635,245.78986157347384,
main,36,0.002,240,2,ASGA,emp,-2.0055954568498198,1.2312183425566836e-09,0.004068516063267608,305.4569193368635,245.78986157347384,
main,36,0.002,240,2,SGA,cert,-0.00448415045463401,0.026512121695423305,0.004068516063267608,305.4569193368635,0.003273784081142983,
main,36,0.002,240,2,ASGA,cert,-0.19411612008450516,0.017203956860380912,0.004068516063267608,305.4569193368635,0.003273784081142983,
main,37,0.002,240,2,SGA,emp,-1.0038639877760958,1.1466086056316493e-07,0.004022020359402902,382.9261512881197,248.63126255990838,
main,37,0.002,240,2,ASGA,emp,-2.04771984854232,1.8185054642683163e-09,0.004022020359402902,382.9261512881197,248.63126255990838,
main,37,0.002,240,2,SGA,cert,-0.003501649681046567,0.01880922842353436,0.004022020359402902,382.9261512881197,0.0026114695918158493,
main,37,0.002,240,2,ASGA,cert,-0.15075698031674611,0.013451185189030879,0.004022020359402902,382.9261512881197,0.0026114695918158493,
main,38,0.002,240,2,SGA,emp,-0.9940519168548286,9.01175636162932e-08,0.004077757940739958,268.0463360611219,245.23280060575104,
main,38,0.002,240,2,ASGA,emp,-2.1042504246615916,1.2945326997859663e-09,0.004077757940739958,268.0463360611219,245.23280060575104,
main,38,0.002,240,2,SGA,cert,-0.004979776625753267,0.014922737849581863,0.004077757940739958,268.0463360611219,0.003730698261706411,
main,38,0.002,240,2,ASGA,cert,-0.21612372132511362,0.009216957665956593,0.004077757940739958,268.0463360611219,0.003730698261706411,
main,39,0.002,240,2,SGA,emp,-0.9692980091762626,1.291560116981061e-07,0.004045853643386267,364.53571784542214,247.16662740252457,
main,39,0.002,240,2,ASGA,emp,-1.985564712488816,2.312906650925317e-09,0.004045853643386267,364.53571784542214,247.16662740252457,
main,39,0.002,240,2,SGA,cert,-0.003612198857190459,0.013897512993075303,0.004045853643386267,364.53571784542214,0.002743215413596427,
main,39,0.002,240,2,ASGA,cert,-0.1556185998854366,0.009831199941798888,0.004045853643386267,364.53571784542214,0.002743215413596427,
main,40,0.002,240,2,SGA,emp,-1.000606378490959,9.893067849653381e-08,0.004103932069072619,385.7772363886543,243.66875064429945,
main,40,0.002,240,2,ASGA,emp,-2.023862638916026,1.6384018725057459e-09,0.004103932069072619,385.7772363886543,243.66875064429945,
main,40,0.002,240,2,SGA,cert,-0.0035010155970028704,0.020289467596664886,0.004103932069072619,385.7772363886543,0.0025921695363915723,
main,40,0.002,240,2,ASGA,cert,-0.15072788728507056,0.014510634794545067,0.004103932069072619,385.7772363886543,0.0025921695363915723,
main,41,0.002,240,2,SGA,emp,-0.9616929527344151,6.328229026908438e-08,0.004035366841443583,367.1130875160633,247.8089450827393,
main,41,0.002,240,2,ASGA,emp,-1.9573759718583235,1.1862355542291425e-09,0.004035366841443583,367.1130875160633,247.8089450827393,
main,41,0.002,240,2,SGA,cert,-0.003768356836705621,0.04257019974861928,0.004035366841443583,367.1130875160633,0.00272395627942914,
main,41,0.002,240,2,ASGA,cert,-0.16250975064100298,0.029651998330677734,0.004035366841443583,367.1130875160633,0.00272395627942914,
main,42,0.002,240,2,SGA,emp,-1.0002059275609765,8.812877135347397e-08,0.004099150601638101,259.4329514289866,243.95297884405136,
main,42,0.002,240,2,ASGA,emp,-2.103813358685118,1.265434042274638e-09,0.004099150601638101,259.4329514289866,243.95297884405136,
main,42,0.002,240,2,SGA,cert,-0.005160440653130605,0.01573485722773815,0.004099150601638101,259.4329514289866,0.0038545604731083107,
main,42,0.002,240,2,ASGA,cert,-0.2241924138171292,0.009543742412761586,0.004099150601638101,259.4329514289866,0.0038545604731083107,
main,43,0.002,240,2,SGA,emp,-0.9843430935088697,1.2286301896008434e-07,0.004087962719214799,397.8376546281982,244.6206261372355,
main,43,0.002,240,2,ASGA,emp,-2.0078732355806608,2.098931105309898e-09,0.004087962719214799,397.8376546281982,244.6206261372355,
main,43,0.002,240,2,SGA,cert,-0.003407566385933028,0.023450262927341137,0.004087962719214799,397.8376546281982,0.0025135881140626484,
main,43,0.002,240,2,ASGA,cert,-0.1466321099532562,0.01692545067789461,0.004087962719214799,397.8376546281982,0.0025135881140626484,
main,44,0.002,240,2,SGA,emp,-0.9719056782025733,5.715021306890167e-08,0.004102757413782405,305.12791380751133,243.73851513635609,
main,44,0.002,240,2,ASGA,emp,-1.9599648107129055,1.0539347727878123e-09,0.004102757413782405,305.12791380751133,243.73851513635609,
main,44,0.002,240,2,SGA,cert,-0.004521600634985631,0.036249749828917335,0.004102757413782405,305.12791380751133,0.003277314053380399,
main,44,0.002,240,2,ASGA,cert,-0.1957979226982092,0.023433682012411985,0.004102757413782405,305.12791380751133,0.003277314053380399,
main,45,0.002,240,2,SGA,emp,-1.0118240730325583,8.222937380314432e-08,0.0040687830013532945,250.89677316020348,245.7737361927131,
main,45,0.002,240,2,ASGA,emp,-2.14822518319124,1.0855849864876976e-09,0.0040687830013532945,250.89677316020348,245.7737361927131,
main,45,0.002,240,2,SGA,cert,-0.005330336250468032,0.01512378145442243,0.0040687830013532945,250.89677316020348,0.003985702914407259,
main,45,0.002,240,2,ASGA,cert,-0.23178437884383385,0.009017772777639977,0.0040687830013532945,250.89677316020348,0.003985702914407259,
main,46,0.002,240,2,SGA,emp,-0.9643339863408102,6.23482899614336e-08,0.004069313369766131,331.8072359523242,245.7417036077198,
main,46,0.002,240,2,ASGA,emp,-1.9594117998443477,1.1544442346522743e-09,0.004069313369766131,331.8072359523242,245.7417036077198,
main,46,0.002,240,2,SGA,cert,-0.004166419486327086,0.04100868267882156,0.004069313369766131,331.8072359523242,0.0030137980479234792,
main,46,0.002,240,2,ASGA,cert,-0.18007456419019838,0.02746183241809861,0.004069313369766131,331.8072359523242,0.0030137980479234792,
main,47,0.002,240,2,SGA,emp,-1.0256375844098862,8.716554431714707e-08,0.004007925461909334,373.2372818070752,249.50563814218498,
main,47,0.002,240,2,ASGA,emp,-2.0545045958310415,1.361338139438395e-09,0.004007925461909334,373.2372818070752,249.50563814218498,
main,47,0.002,240,2,SGA,cert,-0.0036341297810574894,0.023138803494803167,0.004007925461909334,373.2372818070752,0.0026792607511188977,
main,47,0.002,240,2,ASGA,cert,-0.15657982714715915,0.016333076765364468,0.004007925461909334,373.2372818070752,0.0026792607511188977,
main,48,0.002,240,2,SGA,emp,-1.0133039032522462,8.688485056765338e-08,0.0041106843513965974,286.42280763451816,243.26849607420036,
main,48,0.002,240,2,ASGA,emp,-2.1126628273979833,1.224174404207412e-09,0.0041106843513965974,286.42280763451816,243.26849607420036,
main,48,0.002,240,2,SGA,cert,-0.004676350104352158,0.016054575842182735,0.0041106843513965974,286.42280763451816,0.00349134207662688,
main,48,0.002,240,2,ASGA,cert,-0.2026225596292293,0.010221350530489452,0.0041106843513965974,286.42280763451816,0.00349134207662688,
main,49,0.002,240,2,SGA,emp,-0.9991715525573402,1.0239802491346373e-07,0.004044614246260824,307.59992772820516,247.24236703771754,
main,49,0.002,240,2,ASGA,emp,-2.0631402573457422,1.582380775022596e-09,0.004044614246260824,307.59992772820516,247.24236703771754,
main,49,0.002,240,2,SGA,cert,-0.004351551889232729,0.01717639602286492,0.004044614246260824,307.59992772820516,0.0032509760564170174,
main,49,0.002,240,2,ASGA,cert,-0.1882253829143875,0.011294657787214727,0.004044614246260824,307.59992772820516,0.0032509760564170174,
main,0,0.002,240,4,SGA,emp,-1.012903438043375,5.295629586926642e-08,0.004104871077302982,274.1473876040501,243.61301029142885,
main,0,0.002,240,4,ASGA,emp,-1.9968723074963832,9.1905204974152e-10,0.004104871077302982,274.1473876040501,243.61301029142885,
main,0,0.002,240,4,SGA,cert,-0.0050187714985170705,0.030126060386394145,0.004104871077302982,274.1473876040501,0.003647672913244374,
main,0,0.002,240,4,ASGA,cert,-0.21791847173157997,0.018530713143758995,0.004104871077302982,274.1473876040501,0.003647672913244374,
main,1,0.002,240,4,SGA,emp,-0.9704554311226679,7.100057625164524e-08,0.004098218344018313,323.34328436912716,244.00847296474146,
main,1,0.002,240,4,ASGA,emp,-1.9707342303047173,1.2944012389715098e-09,0.004098218344018313,323.34328436912716,244.00847296474146,
main,1,0.002,240,4,SGA,cert,-0.00426935656017776,0.03713364106846967,0.004098218344018313,323.34328436912716,0.0030926883233436966,
main,1,0.002,240,4,ASGA,cert,-0.1846179341807296,0.02461495522498499,0.004098218344018313,323.34328436912716,0.0030926883233436966,
main,2,0.002,240,4,SGA,emp,-1.0317601189467662,6.921838793805257e-08,0.004084645608595827,387.07590015390514,244.819280746309,
main,2,0.002,240,4,ASGA,emp,-2.0040395877203308,1.1758182622001456e-09,0.004084645608595827,387.07590015390514,244.819280746309,
main,2,0.002,240,4,SGA,cert,-0.003534480220197994,0.028059832621988984,0.004084645608595827,387.07590015390514,0.0025834726460686143,
main,2,0.002,240,4,ASGA,cert,-0.1522118647311087,0.020000998279228396,0.004084645608595827,387.07590015390514,0.0025834726460686143,
main,3,0.002,240,4,SGA,emp,-0.9749346244450287,1.1389724464960782e-07,0.004055403991932269,375.88469653310557,246.58455778743078,
main,3,0.002,240,4,ASGA,emp,-1.9861451485105779,2.029650385260151e-09,0.004055403991932269,375.88469653310557,246.58455778743078,
main,3,0.002,240,4,SGA,cert,-0.003592570475292387,0.021370488209359835,0.004055403991932269,375.88469653310557,0.0026603902984699626,
main,3,0.002,240,4,ASGA,cert,-0.154757322138897,0.015146524316074748,0.004055403991932269,375.88469653310557,0.0026603902984699626,
main,4,0.002,240,4,SGA,emp,-0.9719765018221662,8.013574704507365e-08,0.004095213081520999,354.600928910373,244.1875380092777,
main,4,0.002,240,4,ASGA,emp,-1.9795367046911534,1.4408880616434416e-09,0.004095213081520999,354.600928910373,244.1875380092777,
main,4,0.002,240,4,SGA,cert,-0.0038871269871318024,0.036237873032017774,0.004095213081520999,354.600928910373,0.0028200715747497508,
main,4,0.002,240,4,ASGA,cert,-0.16773070572303897,0.02494805400958504,0.004095213081520999,354.600928910373,0.0028200715747497508,
main,5,0.002,240,4,SGA,emp,-0.9978487087584426,1.0280039425963894e-07,0.004101239901719752,389.94104243875483,243.82870155454086,
main,5,0.002,240,4,ASGA,emp,-2.014869594122982,1.7307453178960763e-09,0.004101239901719752,389.94104243875483,243.82870155454086,
main,5,0.002,240,4,SGA,cert,-0.0034625058011588214,0.020883993857964498,0.004101239901719752,389.94104243875483,0.0025644902463865743,
main,5,0.002,240,4,ASGA,cert,-0.1490437581748467,0.014992156867131873,0.004101239901719752,389.94104243875483,0.0025644902463865743,
main,6,0.002,240,4,SGA,emp,-1.000089571764476,1.0125591521498167e-07,0.004063388861135819,319.62333690784186,246.10000031364828,
main,6,0.002,240,4,ASGA,emp,-2.068074865854842,1.55038695770493e-09,0.004063388861135819,319.62333690784186,246.10000031364828,
main,6,0.002,240,4,SGA,cert,-0.004181585492714118,0.016443500104992802,0.004063388861135819,319.62333690784186,0.0031286826852957037,
main,6,0.002,240,4,ASGA,cert,-0.1807008463207874,0.010996762697867233,0.004063388861135819,319.62333690784186,0.0031286826852957037,
main,7,0.002,240,4,SGA,emp,-0.9988213664837551,8.922621832357924e-08,0.00408250651619333,402.3181284700406,244.9475575932294,
main,7,0.002,240,4,ASGA,emp,-2.025619190917834,1.473269617413564e-09,0.00408250651619333,402.3181284700406,244.9475575932294,
main,7,0.002,240,4,SGA,cert,-0.003391192236442413,0.025635477320724024,0.00408250651619333,402.3181284700406,0.0024855951776343254,
main,7,0.002,240,4,ASGA,cert,-0.14592058976656183,0.01853196174877974,0.00408250651619333,402.3181284700406,0.0024855951776343254,
main,8,0.002,240,4,SGA,emp,-1.006474578152582,6.59295109478597e-08,0.004065598911017519,311.33205471888755,245.9662209398134,
main,8,0.002,240,4,ASGA,emp,-2.003610781320808,1.1264719435022386e-09,0.004065598911017519,311.33205471888755,245.9662209398134,
main,8,0.002,240,4,SGA,cert,-0.004433227833847337,0.038651541844540435,0.004065598911017519,311.33205471888755,0.003212004626066964,
main,8,0.002,240,4,ASGA,cert,-0.19188892965879392,0.025206353854397796,0.004065598911017519,311.33205471888755,0.003212004626066964,
main,9,0.002,240,4,SGA,emp,-1.039509884309281,6.474739993808654e-08,0.004078529841882017,257.1792089475154,245.18638793103815,
main,9,0.002,240,4,ASGA,emp,-2.1337203051197076,8.759440117689365e-10,0.004078529841882017,257.1792089475154,245.18638793103815,
main,9,0.002,240,4,SGA,cert,-0.005250146259670395,0.017512303397596282,0.004078529841882017,257.1792089475154,0.0038883392016501534,
main,9,0.002,240,4,ASGA,cert,-0.22820680603888985,0.010526097070179982,0.004078529841882017,257.1792089475154,0.0038883392016501534,
main,10,0.002,240,4,SGA,emp,-0.9892950349376127,6.040373463911397e-08,0.0040439854700825536,364.4010203996772,247.28080933969974,
main,10,0.002,240,4,ASGA,emp,-1.9890399079407912,1.0640626019187138e-09,0.0040439854700825536,364.4010203996772,247.28080933969974,
main,10,0.002,240,4,SGA,cert,-0.003790012592685095,0.03800962882623943,0.0040439854700825536,364.4010203996772,0.0027442294176432164,
main,10,0.002,240,4,ASGA,cert,-0.16345246946214526,0.026419743722104427,0.0040439854700825536,364.4010203996772,0.0027442294176432164,
main,11,0.002,240,4,SGA,emp,-0.9907251912221917,8.311836745267254e-08,0.004084544597754713,382.378257807615,244.82533513031126,
main,11,0.002,240,4,ASGA,emp,-2.048399139926597,1.313343309106152e-09,0.004084544597754713,382.378257807615,244.82533513031126,
main,11,0.002,240,4,SGA,cert,-0.0035881854200969184,0.03061911546302638,0.004084544597754713,382.378257807615,0.0026152114551009,
main,11,0.002,240,4,ASGA,cert,-0.15457453192257412,0.021710068889817642,0.004084544597754713,382.378257807615,0.0026152114551009,
main,12,0.002,240,4,SGA,emp,-1.0298953832312048,7.48812702053292e-08,0.004100921293524337,370.11105040940004,243.8476450594346,
main,12,0.002,240,4,ASGA,emp,-2.0373974750769466,1.1974680136361826e-09,0.004100921293524337,370.11105040940004,243.8476450594346,
main,12,0.002,240,4,SGA,cert,-0.003698451530729103,0.028992026854618314,0.004100921293524337,370.11105040940004,0.002701891767062468,
main,12,0.002,240,4,ASGA,cert,-0.15942025249926,0.020334717780061955,0.004100921293524337,370.11105040940004,0.002701891767062468,
main,13,0.002,240,4,SGA,emp,-1.0000730175557635,7.95109002180161e-08,0.004096095266116392,403.1277472458296,244.13494682903809,
main,13,0.002,240,4,ASGA,emp,-2.009270160320783,1.3477528190697363e-09,0.004096095266116392,403.1277472458296,244.13494682903809,
main,13,0.002,240,4,SGA,cert,-0.003404862537899389,0.030246906935987895,0.004096095266116392,403.1277472458296,0.0024806032500417153,
main,13,0.002,240,4,ASGA,cert,-0.14652254484945756,0.02183605328092534,0.004096095266116392,403.1277472458296,0.0024806032500417153,
main,14,0.002,240,4,SGA,emp,-1.0247630260643952,5.775137257996166e-08,0.004102852546908298,280.93243272521033,243.7328635545407,
main,14,0.002,240,4,ASGA,emp,-1.9999301438368497,9.937272810178754e-10,0.004102852546908298,280.93243272521033,243.7328635545407,
main,14,0.002,240,4,SGA,cert,-0.00487016177627544,0.02552691313999571,0.004102852546908298,280.93243272521033,0.003559574771411795,
main,14,0.002,240,4,ASGA,cert,-0.21128149892231216,0.015938079442376813,0.004102852546908298,280.93243272521033,0.003559574771411795,
main,15,0.002,240,4,SGA,emp,-0.9923568399023438,6.417680688264316e-08,0.004106266061189916,361.760309469104,243.53024989087518,
main,15,0.002,240,4,ASGA,emp,-1.9841983703574775,1.1307636910151686e-09,0.004106266061189916,361.760309469104,243.53024989087518,
main,15,0.002,240,4,SGA,cert,-0.003825400737556417,0.043110493930753,0.004106266061189916,361.760309469104,0.0027642612354780854,
main,15,0.002,240,4,ASGA,cert,-0.16502155816446443,0.029859891791953044,0.004106266061189916,361.760309469104,0.0027642612354780854,
main,16,0.002,240,4,SGA,emp,-1.012439219073265,7.54591613152944e-08,0.004062410938956555,397.31964120722546,246.15924263360066,
main,16,0.002,240,4,ASGA,emp,-2.01806643316268,1.2639196078634285e-09,0.004062410938956555,397.31964120722546,246.15924263360066,
main,16,0.002,240,4,SGA,cert,-0.0034246930323139756,0.022257563393068037,0.004062410938956555,397.31964120722546,0.002516865254789761,
main,16,0.002,240,4,ASGA,cert,-0.14738022074560547,0.01603772259529801,0.004062410938956555,397.31964120722546,0.002516865254789761,
main,17,0.002,240,4,SGA,emp,-1.0095658080050962,7.864221706482821e-08,0.0040856731250697755,344.8599167341036,244.757710513839,
main,17,0.002,240,4,ASGA,emp,-2.0230927980899125,1.2986812389370606e-09,0.0040856731250697755,344.8599167341036,244.757710513839,
main,17,0.002,240,4,SGA,cert,-0.003953469626669113,0.025307649377122085,0.0040856731250697755,344.8599167341036,0.002899728125756718,
main,17,0.002,240,4,ASGA,cert,-0.17064679192535787,0.01730992588185619,0.0040856731250697755,344.8599167341036,0.002899728125756718,
main,18,0.002,240,4,SGA,emp,-1.029765605192656,5.76789845538328e-08,0.004094891421452674,278.54113209122215,244.20671931888424,
main,18,0.002,240,4,ASGA,emp,-2.035095971386318,9.283400159709743e-10,0.004094891421452674,278.54113209122215,244.20671931888424,
main,18,0.002,240,4,SGA,cert,-0.004929830930326689,0.028897490999312235,0.004094891421452674,278.54113209122215,0.003590134040499628,
main,18,0.002,240,4,ASGA,cert,-0.2139477442772512,0.01793454938856783,0.004094891421452674,278.54113209122215,0.003590134040499628,
main,19,0.002,240,4,SGA,emp,-1.0103969242666249,5.497310913427089e-08,0.004092073480630751,323.7524587935431,244.37488836242994,
main,19,0.002,240,4,ASGA,emp,-1.9706886987844778,9.995424210540449e-10,0.004092073480630751,323.7524587935431,244.37488836242994,
main,19,0.002,240,4,SGA,cert,-0.004251221790636251,0.03136863056905578,0.004092073480630751,323.7524587935431,0.0030887796303585755,
main,19,0.002,240,4,ASGA,cert,-0.18380321264817956,0.020831713750684204,0.004092073480630751,323.7524587935431,0.0030887796303585755,
main,20,0.002,240,4,SGA,emp,-1.0101230949302435,9.009487096645064e-08,0.0040841908142830435,382.30264955449087,244.84654255203898,
main,20,0.002,240,4,ASGA,emp,-2.0479583223286006,1.4235349635183248e-09,0.0040841908142830435,382.30264955449087,244.84654255203898,
main,20,0.002,240,4,SGA,cert,-0.0035431816517699655,0.02160076281875111,0.0040841908142830435,382.30264955449087,0.002615728667236105,
main,20,0.002,240,4,ASGA,cert,-0.15258668123673252,0.015384238245609964,0.0040841908142830435,382.30264955449087,0.002615728667236105,
main,21,0.002,240,4,SGA,emp,-1.0123283746227991,5.873162726988124e-08,0.004071131674902801,370.814340592819,245.6319470491888,
main,21,0.002,240,4,ASGA,emp,-2.00252524705798,1.0073393091891703e-09,0.004071131674902801,370.814340592819,245.6319470491888,
main,21,0.002,240,4,SGA,cert,-0.003697024130690101,0.027934436435077308,0.004071131674902801,370.814340592819,0.002696767332140675,
main,21,0.002,240,4,ASGA,cert,-0.15935315398948327,0.01959588882333535,0.004071131674902801,370.814340592819,0.002696767332140675,
main,22,0.002,240,4,SGA,emp,-0.9748786236555766,4.9715088969171095e-08,0.004096240174926674,295.58114533440147,244.12631029817504,
main,22,0.002,240,4,ASGA,emp,-1.9699458974776813,9.056838751186902e-10,0.004096240174926674,295.58114533440147,244.12631029817504,
main,22,0.002,240,4,SGA,cert,-0.0046910968872768515,0.04138123478037842,0.004096240174926674,295.58114533440147,0.0033831657255020933,
main,22,0.002,240,4,ASGA,cert,-0.2033324805672998,0.02630176408346021,0.004096240174926674,295.58114533440147,0.0033831657255020933,
main,23,0.002,240,4,SGA,emp,-1.0150980636739506,6.18209891820043e-08,0.0040102105822711655,347.9126571590738,249.36346346022913,
main,23,0.002,240,4,ASGA,emp,-2.0116637236654404,1.0464530561526963e-09,0.0040102105822711655,347.9126571590738,249.36346346022913,
main,23,0.002,240,4,SGA,cert,-0.003935346074253334,0.027338816316777814,0.0040102105822711655,347.9126571590738,0.0028742846212196776,
main,23,0.002,240,4,ASGA,cert,-0.16985061610868543,0.01873246617472983,0.0040102105822711655,347.9126571590738,0.0028742846212196776,
main,24,0.002,240,4,SGA,emp,-1.0058968860054804,9.438508509138077e-08,0.004102880943446079,377.8581342337925,243.73117664976238,
main,24,0.002,240,4,ASGA,emp,-2.0769295342463723,1.4209774121254348e-09,0.004102880943446079,377.8581342337925,243.73117664976238,
main,24,0.002,240,4,SGA,cert,-0.0035378272954805397,0.01592814331432823,0.004102880943446079,377.8581342337925,0.0026464958919774615,
main,24,0.002,240,4,ASGA,cert,-0.15234079268475462,0.011350555614814427,0.004102880943446079,377.8581342337925,0.0026464958919774615,
main,25,0.002,240,4,SGA,emp,-1.017702154428997,6.12823870121959e-08,0.004081198125872721,403.46273012122003,245.02608527150602,
main,25,0.002,240,4,ASGA,emp,-2.0486609074668025,9.687249682976962e-10,0.004081198125872721,403.46273012122003,245.02608527150602,
main,25,0.002,240,4,SGA,cert,-0.0033956521609273347,0.026418472107383156,0.004081198125872721,403.46273012122003,0.0024785436803532036,
main,25,0.002,240,4,ASGA,cert,-0.14611712202463362,0.01908952450970039,0.004081198125872721,403.46273012122003,0.0024785436803532036,
main,26,0.002,240,4,SGA,emp,-0.9982201671031067,6.231991853816732e-08,0.0041065232038485725,356.00998264003454,243.51500049063765,
main,26,0.002,240,4,ASGA,emp,-2.02217758049098,1.0291607080437082e-09,0.0041065232038485725,356.00998264003454,243.51500049063765,
main,26,0.002,240,4,SGA,cert,-0.0038754381026256026,0.03557467636845292,0.0041065232038485725,356.00998264003454,0.002808909999052219,
main,26,0.002,240,4,ASGA,cert,-0.16721132799080307,0.024520019110090788,0.0041065232038485725,356.00998264003454,0.002808909999052219,
main,27,0.002,240,4,SGA,emp,-1.044986392439801,6.082141110891337e-08,0.0040743131979454296,400.9773976301307,245.4401395808928,
main,27,0.002,240,4,ASGA,emp,-2.016887317732879,1.0157564234170025e-09,0.0040743131979454296,400.9773976301307,245.4401395808928,
main,27,0.002,240,4,SGA,cert,-0.003390149675738889,0.021387105128376695,0.0040743131979454296,400.9773976301307,0.0024939061550856272,
main,27,0.002,240,4,ASGA,cert,-0.1458688690906246,0.015462659738820973,0.0040743131979454296,400.9773976301307,0.0024939061550856272,
main,28,0.002,240,4,SGA,emp,-0.9756774226248546,5.2173006012679046e-08,0.0040560227307292265,388.442248516043,246.54694176731388,
main,28,0.002,240,4,ASGA,emp,-1.9619145836807006,9.668391781625374e-10,0.0040560227307292265,388.442248516043,246.54694176731388,
main,28,0.002,240,4,SGA,cert,-0.0035738312045864038,0.047837492711102034,0.0040560227307292265,388.442248516043,0.0025743852627263825,
main,28,0.002,240,4,ASGA,cert,-0.1539495449403091,0.03396561676454794,0.0040560227307292265,388.442248516043,0.0025743852627263825,
main,29,0.002,240,4,SGA,emp,-0.9890381554286123,1.0682140402090701e-07,0.004051337945470696,397.35517634232156,246.83203757859235,
main,29,0.002,240,4,ASGA,emp,-2.0089877960836406,1.8258551615080165e-09,0.004051337945470696,397.35517634232156,246.83203757859235,
main,29,0.002,240,4,SGA,cert,-0.00337395406386262,0.01798455896776211,0.004051337945470696,397.35517634232156,0.002516640173672986,
main,29,0.002,240,4,ASGA,cert,-0.1451625204255368,0.013023297690753513,0.004051337945470696,397.35517634232156,0.002516640173672986,
main,30,0.002,240,4,SGA,emp,-0.9911289142841434,8.87736034613229e-08,0.004090587884623914,371.63394365151544,244.46363901846334,
main,30,0.002,240,4,ASGA,emp,-2.0249996943696718,1.4701769732172743e-09,0.004090587884623914,371.63394365151544,244.46363901846334,
main,30,0.002,240,4,SGA,cert,-0.003645739600134773,0.020909683677426398,0.004090587884623914,371.63394365151544,0.0026908198701507987,
main,30,0.002,240,4,ASGA,cert,-0.15708575960843094,0.014742925536125696,0.004090587884623914,371.63394365151544,0.0026908198701507987,
main,31,0.002,240,4,SGA,emp,-0.9721132238027699,8.544846229890934e-08,0.0040374242545268635,391.7662959067763,247.68266522369413,
main,31,0.002,240,4,ASGA,emp,-1.9846970961930295,1.5261020641643697e-09,0.0040374242545268635,391.7662959067763,247.68266522369413,
main,31,0.002,240,4,SGA,cert,-0.0035077951257317047,0.032381000612065794,0.0040374242545268635,391.7662959067763,0.00255254219275146,
main,31,0.002,240,4,ASGA,cert,-0.1510395125236686,0.023141678765435623,0.0040374242545268635,391.7662959067763,0.00255254219275146,
main,32,0.002,240,4,SGA,emp,-1.0436794497646236,5.9078969535941717e-08,0.004088244763175016,262.97590917843416,244.60375000233088,
main,32,0.002,240,4,ASGA,emp,-2.151706391045806,7.702934748388124e-10,0.004088244763175016,262.97590917843416,244.60375000233088,
main,32,0.002,240,4,SGA,cert,-0.0051618287834762034,0.019422580105176196,0.004088244763175016,262.97590917843416,0.003802629690012711,
main,32,0.002,240,4,ASGA,cert,-0.22426748713197817,0.011778060777841375,0.004088244763175016,262.97590917843416,0.003802629690012711,
main,33,0.002,240,4,SGA,emp,-0.9775303433728622,1.004727031017616e-07,0.004063542171910996,313.99984225352244,246.09071536464987,
main,33,0.002,240,4,ASGA,emp,-2.010821864281418,1.715244155042761e-09,0.004063542171910996,313.99984225352244,246.09071536464987,
main,33,0.002,240,4,SGA,cert,-0.0043132964143361525,0.021386634697516747,0.004063542171910996,313.99984225352244,0.0031847149757247436,
main,33,0.002,240,4,ASGA,cert,-0.18653366644408043,0.014116428219860637,0.004063542171910996,313.99984225352244,0.0031847149757247436,
main,34,0.002,240,4,SGA,emp,-1.001235788599104,5.087240970147455e-08,0.004072883457414334,295.01425230259485,245.52629861765035,
main,34,0.002,240,4,ASGA,emp,-1.9811079570403873,9.103320805503579e-10,0.004072883457414334,295.01425230259485,245.52629861765035,
main,34,0.002,240,4,SGA,cert,-0.004673464107855811,0.032678874163261644,0.004072883457414334,295.01425230259485,0.0033896667438775272,
main,34,0.002,240,4,ASGA,cert,-0.20254323591429738,0.02080766641169108,0.004072883457414334,295.01425230259485,0.0033896667438775272,
main,35,0.002,240,4,SGA,emp,-0.9856969652998571,1.1165333822088508e-07,0.004093818069894485,403.6468652362963,244.2707474848227,
main,35,0.002,240,4,ASGA,emp,-2.00942562848177,1.8994351230761097e-09,0.004093818069894485,403.6468652362963,244.2707474848227,
main,35,0.002,240,4,SGA,cert,-0.0033700723543574496,0.025278638341333204,0.004093818069894485,403.6468652362963,0.0024774130214404028,
main,35,0.002,240,4,ASGA,cert,-0.14499452155014503,0.01831192928774121,0.004093818069894485,403.6468652362963,0.0024774130214404028,
main,36,0.002,240,4,SGA,emp,-0.9824522919714211,5.5800629901459065e-08,0.00406378176988541,286.7927488093188,246.07620601344397,
main,36,0.002,240,4,ASGA,emp,-1.998918492128184,9.652421917305531e-10,0.00406378176988541,286.7927488093188,246.07620601344397,
main,36,0.002,240,4,SGA,cert,-0.004805334209771379,0.03317204905994774,0.00406378176988541,286.7927488093188,0.00348683850673252,
main,36,0.002,240,4,ASGA,cert,-0.20841108489897814,0.02084504532396647,0.00406378176988541,286.7927488093188,0.00348683850673252,
main,37,0.002,240,4,SGA,emp,-0.9999318834195631,7.860166154061154e-08,0.004087335661491871,384.1752852622613,244.6581545580726,
main,37,0.002,240,4,ASGA,emp,-2.027011244414215,1.2910577051883365e-09,0.004087335661491871,384.1752852622613,244.6581545580726,
main,37,0.002,240,4,SGA,cert,-0.0035854245930652573,0.034213032339799596,0.004087335661491871,384.1752852622613,0.0026029784797773742,
main,37,0.002,240,4,ASGA,cert,-0.1544455257242708,0.02426534428618258,0.004087335661491871,384.1752852622613,0.0026029784797773742,
main,38,0.002,240,4,SGA,emp,-1.019980069952021,8.721053113003308e-08,0.004063305602357711,391.6478653806319,246.1050430023662,
main,38,0.002,240,4,ASGA,emp,-2.140212114904405,1.1641364677794641e-09,0.004063305602357711,391.6478653806319,246.1050430023662,
main,38,0.002,240,4,SGA,cert,-0.0034350342167051395,0.017737733541364795,0.004063305602357711,391.6478653806319,0.0025533140568202183,
main,38,0.002,240,4,ASGA,cert,-0.14783015666960145,0.01276821474051566,0.004063305602357711,391.6478653806319,0.0025533140568202183,
main,39,0.002,240,4,SGA,emp,-0.9963238649264701,9.361271652297276e-08,0.004079327010456542,360.4539260173112,245.13847441911358,
main,39,0.002,240,4,ASGA,emp,-2.0458155042324573,1.491837063605228e-09,0.004079327010456542,360.4539260173112,245.13847441911358,
main,39,0.002,240,4,SGA,cert,-0.003751084830779029,0.020650619611676756,0.004079327010456542,360.4539260173112,0.0027742796729920316,
main,39,0.002,240,4,ASGA,cert,-0.16172413607832434,0.014409856344088222,0.004079327010456542,360.4539260173112,0.0027742796729920316,
main,40,0.002,240,4,SGA,emp,-1.0365649415893103,5.094906994906889e-08,0.0040963093252232565,318.4419884319594,244.1221891722003,
main,40,0.002,240,4,ASGA,emp,-1.979918015705349,9.123701863456013e-10,0.0040963093252232565,318.4419884319594,244.1221891722003,
main,40,0.002,240,4,SGA,cert,-0.0042934240672517655,0.02399675367524795,0.0040963093252232565,318.4419884319594,0.0031402893975260656,
main,40,0.002,240,4,ASGA,cert,-0.18565785402713217,0.015870160118183003,0.0040963093252232565,318.4419884319594,0.0031402893975260656,
main,41,0.002,240,4,SGA,emp,-0.9727979880203728,5.405628032001397e-08,0.00405608166975258,315.7631242707203,246.5433591875875,
main,41,0.002,240,4,ASGA,emp,-1.9650526691009214,9.938473793935643e-10,0.00405608166975258,315.7631242707203,246.5433591875875,
main,41,0.002,240,4,SGA,cert,-0.004376228279555614,0.0381462248678269,0.00405608166975258,315.7631242707203,0.0031669309147785334,
main,41,0.002,240,4,ASGA,cert,-0.18935226897430305,0.025018942402048057,0.00405608166975258,315.7631242707203,0.0031669309147785334,
main,42,0.002,240,4,SGA,emp,-1.0472820380534977,6.059863672663868e-08,0.004078539621688575,375.7665157567971,245.18580000602898,
main,42,0.002,240,4,ASGA,emp,-2.125620551334504,8.291187944542422e-10,0.004078539621688575,375.7665157567971,245.18580000602898,
main,42,0.002,240,4,SGA,cert,-0.0036057614388436184,0.019034287971509967,0.004078539621688575,375.7665157567971,0.0026612270068449052,
main,42,0.002,240,4,ASGA,cert,-0.15532178378566733,0.013473749148304029,0.004078539621688575,375.7665157567971,0.0026612270068449052,
main,43,0.002,240,4,SGA,emp,-1.0025247819750556,6.396563152072376e-08,0.004045464678748116,342.9294573097608,247.1903920588558,
main,43,0.002,240,4,ASGA,emp,-1.9918049462348226,1.1180238332353376e-09,0.004045464678748116,342.9294573097608,247.1903920588558,
main,43,0.002,240,4,SGA,cert,-0.004016845751831913,0.035339047028050914,0.004045464678748116,342.9294573097608,0.002916051621359321,
main,43,0.002,240,4,ASGA,cert,-0.17345332070068575,0.024019293846606858,0.004045464678748116,342.9294573097608,0.002916051621359321,
main,44,0.002,240,4,SGA,emp,-0.9846095735135272,8.46333698470425e-08,0.0040891070741318975,357.6377155746387,244.55216796011544,
main,44,0.002,240,4,ASGA,emp,-1.9785380905478247,1.522317355506786e-09,0.0040891070741318975,357.6377155746387,244.55216796011544,
main,44,0.002,240,4,SGA,cert,-0.003823091548421001,0.027588662796004408,0.0040891070741318975,357.6377155746387,0.0027961256781691437,
main,44,0.002,240,4,ASGA,cert,-0.16490395124674978,0.019114313048447205,0.0040891070741318975,357.6377155746387,0.0027961256781691437,
main,45,0.002,240,4,SGA,emp,-0.9894118358635838,6.26153595570389e-08,0.004093257147630002,287.01014534641075,244.30422129208287,
main,45,0.002,240,4,ASGA,emp,-2.004416310614872,1.0739719877306264e-09,0.004093257147630002,287.01014534641075,244.30422129208287,
main,45,0.002,240,4,SGA,cert,-0.004773756887814125,0.02720286870087959,0.004093257147630002,287.01014534641075,0.0034841973923710485,
main,45,0.002,240,4,ASGA,cert,-0.20699395457219452,0.01714885598514292,0.004093257147630002,287.01014534641075,0.0034841973923710485,
main,46,0.002,240,4,SGA,emp,-1.0036071111424343,6.197240069727439e-08,0.004076473186943378,378.45158953920844,245.310088927586,
main,46,0.002,240,4,ASGA,emp,-1.9762565362215367,1.1127149271428216e-09,0.004076473186943378,378.45158953920844,245.310088927586,
main,46,0.002,240,4,SGA,cert,-0.003640261256812832,0.03436503202876334,0.004076473186943378,378.45158953920844,0.002642345884232038,
main,46,0.002,240,4,ASGA,cert,-0.1568641823963114,0.024241431492929115,0.004076473186943378,378.45158953920844,0.002642345884232038,
main,47,0.002,240,4,SGA,emp,-0.9683187536119255,6.494020368674747e-08,0.004036606331512039,348.2839913268557,247.73285227083767,
main,47,0.002,240,4,ASGA,emp,-1.9696125887836078,1.194429950779341e-09,0.004036606331512039,348.2839913268557,247.73285227083767,
main,47,0.002,240,4,SGA,cert,-0.0039627375312290885,0.03490256746331161,0.004036606331512039,348.2839913268557,0.00287122011031947,
main,47,0.002,240,4,ASGA,cert,-0.17105734621906185,0.023850398907719242,0.004036606331512039,348.2839913268557,0.00287122011031947,
main,48,0.002,240,4,SGA,emp,-1.0173641301370544,8.351280865112609e-08,0.00410955692665401,284.18034436978917,243.33523487997945,
main,48,0.002,240,4,ASGA,emp,-2.1040680002045664,1.1952748478483155e-09,0.00410955692665401,284.18034436978917,243.33523487997945,
main,48,0.002,240,4,SGA,cert,-0.004719826969618684,0.016342579873471534,0.00410955692665401,284.18034436978917,0.003518892209866393,
main,48,0.002,240,4,ASGA,cert,-0.20455549935034198,0.010359618100454805,0.00410955692665401,284.18034436978917,0.003518892209866393,
main,49,0.002,240,4,SGA,emp,-1.0302507476626959,7.514340239281325e-08,0.004068064944171576,399.8545805053684,245.817117898456,
main,49,0.002,240,4,ASGA,emp,-2.1209299864761904,1.0413882187143564e-09,0.004068064944171576,399.8545805053684,245.817117898456,
main,49,0.002,240,4,SGA,cert,-0.0033608613988277258,0.0166142144040924,0.004068064944171576,399.8545805053684,0.0025009092023808243,
main,49,0.002,240,4,ASGA,cert,-0.14457793498660962,0.012046755877124848,0.004068064944171576,399.8545805053684,0.0025009092023808243,
main,0,0.002,240,8,SGA,emp,-1.0072537991395096,8.254568151927488e-08,0.004094640510584085,403.3403376689547,244.2216837876578,
main,0,0.002,240,8,ASGA,emp,-2.056705307563181,1.2844670604916786e-09,0.004094640510584085,403.3403376689547,244.2216837876578,
main,0,0.002,240,8,SGA,cert,-0.0033891882776851926,0.027136423469809188,0.004094640510584085,403.3403376689547,0.0024792957872236403,
main,0,0.002,240,8,ASGA,cert,-0.1458374796036986,0.01962056370533128,0.004094640510584085,403.3403376689547,0.0024792957872236403,
main,1,0.002,240,8,SGA,emp,-1.0000199671761303,8.814616700436595e-08,0.004097655923550552,395.51914964775256,244.04196415142545,
main,1,0.002,240,8,ASGA,emp,-2.045200699386807,1.4026226985430768e-09,0.004097655923550552,395.51914964775256,244.04196415142545,
main,1,0.002,240,8,SGA,cert,-0.003442737026042584,0.02450156381340476,0.004097655923550552,395.51914964775256,0.0025283225878964272,
main,1,0.002,240,8,ASGA,cert,-0.14818119249688547,0.017622947189610456,0.004097655923550552,395.51914964775256,0.0025283225878964272,
main,2,0.002,240,8,SGA,emp,-1.02204556235423,6.337792371469142e-08,0.004036510952538119,360.8563002103092,247.7387059661537,
main,2,0.002,240,8,ASGA,emp,-2.0136023171714164,1.0653904980451046e-09,0.004036510952538119,360.8563002103092,247.7387059661537,
main,2,0.002,240,8,SGA,cert,-0.0037998591980976312,0.02915281190167976,0.004036510952538119,360.8563002103092,0.002771186201868151,
main,2,0.002,240,8,ASGA,cert,-0.1638780098349528,0.02024444726587897,0.004036510952538119,360.8563002103092,0.002771186201868151,
main,3,0.002,240,8,SGA,emp,-0.9991190823701568,7.797544199911188e-08,0.004083207741724265,370.2798582020256,244.9054917734159,
main,3,0.002,240,8,ASGA,emp,-2.0455422480516288,1.2412672278916403e-09,0.004083207741724265,370.2798582020256,244.9054917734159,
main,3,0.002,240,8,SGA,cert,-0.0036939365004970874,0.0264641011078045,0.004083207741724265,370.2798582020256,0.002700659994998695,
main,3,0.002,240,8,ASGA,cert,-0.15920948067153962,0.018570555639665642,0.004083207741724265,370.2798582020256,0.002700659994998695,
main,4,0.002,240,8,SGA,emp,-1.0055619630638832,7.945871977055319e-08,0.004099368562002469,311.94763149486613,243.9400080463899,
main,4,0.002,240,8,ASGA,emp,-2.057268204525624,1.2397382356810205e-09,0.004099368562002469,311.94763149486613,243.9400080463899,
main,4,0.002,240,8,SGA,cert,-0.004362913472265864,0.02269075231830379,0.004099368562002469,311.94763149486613,0.003205666269072017,
main,4,0.002,240,8,ASGA,cert,-0.18873128300247588,0.014903459550030931,0.004099368562002469,311.94763149486613,0.003205666269072017,
main,5,0.002,240,8,SGA,emp,-1.0171867932039769,6.715199048906717e-08,0.004092988260846877,388.7559465747047,244.32027073370858,
main,5,0.002,240,8,ASGA,emp,-2.067732560968701,1.024013568384774e-09,0.004092988260846877,388.7559465747047,244.32027073370858,
main,5,0.002,240,8,SGA,cert,-0.0035165769807347994,0.02480724525594509,0.004092988260846877,388.7559465747047,0.0025723079191737495,
main,5,0.002,240,8,ASGA,cert,-0.15141696258417428,0.01771411730906621,0.004092988260846877,388.7559465747047,0.0025723079191737495,
main,6,0.002,240,8,SGA,emp,-1.039919278008309,6.744013644061075e-08,0.004079680020538785,401.6333588513328,245.11726286512405,
main,6,0.002,240,8,ASGA,emp,-2.070927827194816,1.0221612375960198e-09,0.004079680020538785,401.6333588513328,245.11726286512405,
main,6,0.002,240,8,SGA,cert,-0.0033760202190300636,0.020091191220226363,0.004079680020538785,401.6333588513328,0.0024898330229839215,
main,6,0.002,240,8,ASGA,cert,-0.14524760370901052,0.014545956722872046,0.004079680020538785,401.6333588513328,0.0024898330229839215,
main,7,0.002,240,8,SGA,emp,-1.0205322055946757,6.487217333456252e-08,0.004078049824474031,335.75048040163045,245.21524822933608,
main,7,0.002,240,8,ASGA,emp,-2.0480633067079275,1.0228857622029963e-09,0.004078049824474031,335.75048040163045,245.21524822933608,
main,7,0.002,240,8,SGA,cert,-0.004087829463539375,0.029646579405221897,0.004078049824474031,335.75048040163045,0.0029784022909030033,
main,7,0.002,240,8,ASGA,cert,-0.17658057017935083,0.02000961844667135,0.004078049824474031,335.75048040163045,0.0029784022909030033,
main,8,0.002,240,8,SGA,emp,-1.0181454670149637,8.165660675407693e-08,0.004085830675299987,372.13189263655454,244.74827262061677,
main,8,0.002,240,8,ASGA,emp,-2.0377574537445193,1.3097593842825717e-09,0.004085830675299987,372.13189263655454,244.74827262061677,
main,8,0.002,240,8,SGA,cert,-0.0036647740954034416,0.0261834820413946,0.004085830675299987,372.13189263655454,0.002687219289147726,
main,8,0.002,240,8,ASGA,cert,-0.15793399783670345,0.01842614385917595,0.004085830675299987,372.13189263655454,0.002687219289147726,
main,9,0.002,240,8,SGA,emp,-1.0112602850738088,7.38180192666471e-08,0.0040999688989878874,402.23017877467913,243.90428918786642,
main,9,0.002,240,8,ASGA,emp,-2.031411337714238,1.2000758789487698e-09,0.0040999688989878874,402.23017877467913,243.90428918786642,
main,9,0.002,240,8,SGA,cert,-0.0034155265213381136,0.030905106405710366,0.0040999688989878874,402.23017877467913,0.002486138665791606,
main,9,0.002,240,8,ASGA,cert,-0.14698981419402532,0.022287910398628548,0.0040999688989878874,402.23017877467913,0.002486138665791606,
main,10,0.002,240,8,SGA,emp,-0.9707054520533579,5.607814494712482e-08,0.00406210713080946,318.12199470796685,246.1776530745335,
main,10,0.002,240,8,ASGA,emp,-1.9782524605725078,1.012489446450271e-09,0.00406210713080946,318.12199470796685,246.1776530745335,
main,10,0.002,240,8,SGA,cert,-0.0043367147690862385,0.03338101434144834,0.00406210713080946,318.12199470796685,0.0031434481633940184,
main,10,0.002,240,8,ASGA,cert,-0.18759205055047862,0.02198038623744761,0.00406210713080946,318.12199470796685,0.0031434481633940184,
main,11,0.002,240,8,SGA,emp,-0.9801850708809416,7.9695054590323e-08,0.0041003774800486585,363.9445579808327,243.87998540761987,
main,11,0.002,240,8,ASGA,emp,-2.013560383347629,1.3473714366440959e-09,0.0041003774800486585,363.9445579808327,243.87998540761987,
main,11,0.002,240,8,SGA,cert,-0.0037716376638030147,0.030015833655264935,0.0041003774800486585,363.9445579808327,0.0027476712539624385,
main,11,0.002,240,8,ASGA,cert,-0.16263609084942518,0.020901775700190167,0.0041003774800486585,363.9445579808327,0.0027476712539624385,
main,12,0.002,240,8,SGA,emp,-1.006366146158042,7.050183533502397e-08,0.004093825311901318,402.98161278736666,244.27031536808894,
main,12,0.002,240,8,ASGA,emp,-2.019760263162032,1.16976282132919e-09,0.004093825311901318,402.98161278736666,244.27031536808894,
main,12,0.002,240,8,SGA,cert,-0.003409989782221485,0.03162019608204138,0.004093825311901318,402.98161278736666,0.00248150279880797,
main,12,0.002,240,8,ASGA,cert,-0.1467495562502266,0.022815831948571445,0.004093825311901318,402.98161278736666,0.00248150279880797,
main,13,0.002,240,8,SGA,emp,-1.005797604958459,6.077549621896772e-08,0.0040921984313314055,379.16939108534115,244.3674266486261,
main,13,0.002,240,8,ASGA,emp,-1.982433521961715,1.0749546669464038e-09,0.0040921984313314055,379.16939108534115,244.3674266486261,
main,13,0.002,240,8,SGA,cert,-0.0036378983317361694,0.03645371095004353,0.0040921984313314055,379.16939108534115,0.0026373436873097333,
main,13,0.002,240,8,ASGA,cert,-0.156760616041243,0.02572074963726484,0.0040921984313314055,379.16939108534115,0.0026373436873097333,
main,14,0.002,240,8,SGA,emp,-1.0260817185350228,7.270110968793375e-08,0.004094927804649709,384.5758517162681,244.20454955628765,
main,14,0.002,240,8,ASGA,emp,-2.0656167073619804,1.1131437299694014e-09,0.004094927804649709,384.5758517162681,244.20454955628765,
main,14,0.002,240,8,SGA,cert,-0.0035223353774602646,0.020183349448682823,0.004094927804649709,384.5758517162681,0.0026002672698695046,
main,14,0.002,240,8,ASGA,cert,-0.1516658844673516,0.014404422571919366,0.004094927804649709,384.5758517162681,0.0026002672698695046,
main,15,0.002,240,8,SGA,emp,-0.9991401340011608,6.352607365145424e-08,0.00410172778025887,398.35896601262505,243.79969943712052,
main,15,0.002,240,8,ASGA,emp,-2.0125486110634863,1.0722850246613902e-09,0.00410172778025887,398.35896601262505,243.79969943712052,
main,15,0.002,240,8,SGA,cert,-0.0034601236504439746,0.03292630044933506,0.00410172778025887,398.35896601262505,0.002510298713769398,
main,15,0.002,240,8,ASGA,cert,-0.14894542938752073,0.023641852085615894,0.00410172778025887,398.35896601262505,0.002510298713769398,
main,16,0.002,240,8,SGA,emp,-0.9834550107845333,9.920126219781222e-08,0.004102380286834476,390.25833998520386,243.76092172859745,
main,16,0.002,240,8,ASGA,emp,-2.0000683788029705,1.7173040767204384e-09,0.004102380286834476,390.25833998520386,243.76092172859745,
main,16,0.002,240,8,SGA,cert,-0.003500592588698736,0.02742645791785468,0.004102380286834476,390.25833998520386,0.002562405200713747,
main,16,0.002,240,8,ASGA,cert,-0.15072011735929322,0.019614948227350347,0.004102380286834476,390.25833998520386,0.002562405200713747,
main,17,0.002,240,8,SGA,emp,-1.0058626374229525,8.740568178261521e-08,0.004084109150238298,399.26303377967344,244.85143839548275,
main,17,0.002,240,8,ASGA,emp,-2.0596704632996192,1.3557601222236038e-09,0.004084109150238298,399.26303377967344,244.85143839548275,
main,17,0.002,240,8,SGA,cert,-0.0033912555023383273,0.020494136725239646,0.004084109150238298,399.26303377967344,0.0025046145407787317,
main,17,0.002,240,8,ASGA,cert,-0.14591670881076868,0.01481551454076101,0.004084109150238298,399.26303377967344,0.0025046145407787317,
main,18,0.002,240,8,SGA,emp,-1.0105118678256506,8.178369529515672e-08,0.004104658908845318,395.9885782547296,243.62560256713513,
main,18,0.002,240,8,ASGA,emp,-2.0564076548285173,1.272653420147929e-09,0.004104658908845318,395.9885782547296,243.62560256713513,
main,18,0.002,240,8,SGA,cert,-0.003449091590331743,0.02587236786081383,0.004104658908845318,395.9885782547296,0.0025253253626843874,
main,18,0.002,240,8,ASGA,cert,-0.14845722728295424,0.018597416326945823,0.004104658908845318,395.9885782547296,0.0025253253626843874,
main,19,0.002,240,8,SGA,emp,-0.9846054637519842,6.529497691143415e-08,0.004085187177625032,323.5198963678311,244.78682530805375,
main,19,0.002,240,8,ASGA,emp,-1.9952671359615972,1.1397569832372056e-09,0.004085187177625032,323.5198963678311,244.78682530805375,
main,19,0.002,240,8,SGA,cert,-0.00426209857491657,0.034327270276029956,0.004085187177625032,323.5198963678311,0.0030910000010108624,
main,19,0.002,240,8,ASGA,cert,-0.18428866089238619,0.022771625689485986,0.004085187177625032,323.5198963678311,0.0030910000010108624,
main,20,0.002,240,8,SGA,emp,-1.0034447162550646,7.36812508159157e-08,0.004096575426621954,387.69179832934776,244.10633171829633,
main,20,0.002,240,8,ASGA,emp,-1.9839817963253077,1.3076900395869728e-09,0.004096575426621954,387.69179832934776,244.10633171829633,
main,20,0.002,240,8,SGA,cert,-0.0035351412980747054,0.029131951091181538,0.004096575426621954,387.69179832934776,0.0025793684682245735,
main,20,0.002,240,8,ASGA,cert,-0.15224177318409954,0.020763765903908212,0.004096575426621954,387.69179832934776,0.0025793684682245735,
main,21,0.002,240,8,SGA,emp,-1.0155041021652746,7.16191635788399e-08,0.004079408047631354,348.98937953130246,245.13360475930685,
main,21,0.002,240,8,ASGA,emp,-2.0735374794038326,1.0804592220914344e-09,0.004079408047631354,348.98937953130246,245.13360475930685,
main,21,0.002,240,8,SGA,cert,-0.003918433928337104,0.025951485528009965,0.004079408047631354,348.98937953130246,0.002865416710797944,
main,21,0.002,240,8,ASGA,cert,-0.16909798444142218,0.01781196765093528,0.004079408047631354,348.98937953130246,0.002865416710797944,
main,22,0.002,240,8,SGA,emp,-0.9826408529246493,1.0492869135375615e-07,0.004091971493024025,388.6032260461294,244.38097912089455,
main,22,0.002,240,8,ASGA,emp,-2.0022418001927047,1.8094520048972385e-09,0.004091971493024025,388.6032260461294,244.38097912089455,
main,22,0.002,240,8,SGA,cert,-0.0035129779775163925,0.02736897884712842,0.004091971493024025,388.6032260461294,0.0025733188326164187,
main,22,0.002,240,8,ASGA,cert,-0.1512646916122976,0.019550009545438708,0.004091971493024025,388.6032260461294,0.0025733188326164187,
main,23,0.002,240,8,SGA,emp,-1.01663599222327,6.218307623678809e-08,0.004045200810083273,384.5389754817062,247.20651630132903,
main,23,0.002,240,8,ASGA,emp,-1.99687822124887,1.075394120975126e-09,0.004045200810083273,384.5389754817062,247.20651630132903,
main,23,0.002,240,8,SGA,cert,-0.003563849455434279,0.02888746462915092,0.004045200810083273,384.5389754817062,0.002600516628378996,
main,23,0.002,240,8,ASGA,cert,-0.1535005769778563,0.02053162644530319,0.004045200810083273,384.5389754817062,0.002600516628378996,
main,24,0.002,240,8,SGA,emp,-1.0122508900202822,8.416647352682549e-08,0.004076703245876178,394.4136936417201,245.29624544331455,
main,24,0.002,240,8,ASGA,emp,-2.1093328108475307,1.1927308238290912e-09,0.004076703245876178,394.4136936417201,245.29624544331455,
main,24,0.002,240,8,SGA,cert,-0.003404813125441602,0.016554976396900643,0.004076703245876178,394.4136936417201,0.002535408927531776,
main,24,0.002,240,8,ASGA,cert,-0.1465019667771199,0.011952297146491826,0.004076703245876178,394.4136936417201,0.002535408927531776,
main,25,0.002,240,8,SGA,emp,-0.991845614680265,6.37920201801423e-08,0.004078227215009907,368.3900084054854,245.20458210849608,
main,25,0.002,240,8,ASGA,emp,-1.9729633812944771,1.151784889685814e-09,0.004078227215009907,368.3900084054854,245.20458210849608,
main,25,0.002,240,8,SGA,cert,-0.003757427092011132,0.04466681403170993,0.004078227215009907,368.3900084054854,0.002714514447143485,
main,25,0.002,240,8,ASGA,cert,-0.16203246758238862,0.031145574053338884,0.004078227215009907,368.3900084054854,0.002714514447143485,
main,26,0.002,240,8,SGA,emp,-0.9919122375348826,8.940881704444514e-08,0.004092271068847902,354.366892635244,244.36308914441736,
main,26,0.002,240,8,ASGA,emp,-2.0244335357930816,1.4804075812446804e-09,0.004092271068847902,354.366892635244,244.36308914441736,
main,26,0.002,240,8,SGA,cert,-0.003847407848081484,0.025282438795160036,0.004092271068847902,354.366892635244,0.002821934048532342,
main,26,0.002,240,8,ASGA,cert,-0.1659648087559012,0.017475072458759962,0.004092271068847902,354.366892635244,0.002821934048532342,
main,27,0.002,240,8,SGA,emp,-1.0065844885425221,7.190461831507733e-08,0.004060688319720054,352.88475186344095,246.263667946064,
main,27,0.002,240,8,ASGA,emp,-2.0172487033651914,1.203946775607534e-09,0.004060688319720054,352.88475186344095,246.263667946064,
main,27,0.002,240,8,SGA,cert,-0.0038828512248413297,0.02852183559542403,0.004060688319720054,352.88475186344095,0.00283378636996755,
main,27,0.002,240,8,ASGA,cert,-0.16753549447677604,0.019644690972493196,0.004060688319720054,352.88475186344095,0.00283378636996755,
main,28,0.002,240,8,SGA,emp,-1.001040340156704,6.666360702345386e-08,0.00406541688963685,381.9882710111826,245.97723361387585,
main,28,0.002,240,8,ASGA,emp,-2.0023172565470215,1.1436021088440107e-09,0.00406541688963685,381.9882710111826,245.97723361387585,
main,28,0.002,240,8,SGA,cert,-0.0036070783664931163,0.034674614878277346,0.00406541688963685,381.9882710111826,0.00261788142696854,
main,28,0.002,240,8,ASGA,cert,-0.1554031316458121,0.02453997232992882,0.00406541688963685,381.9882710111826,0.00261788142696854,
main,29,0.002,240,8,SGA,emp,-0.9984149347420638,7.002901337288536e-08,0.0040413433563169015,396.7498157701987,247.44247440320314,
main,29,0.002,240,8,ASGA,emp,-2.0110482778393135,1.1891348600245877e-09,0.0040413433563169015,396.7498157701987,247.44247440320314,
main,29,0.002,240,8,SGA,cert,-0.0034613205457193585,0.030344233401727056,0.0040413433563169015,396.7498157701987,0.0025204800613674626,
main,29,0.002,240,8,ASGA,cert,-0.1490001686781524,0.021785222807951914,0.0040413433563169015,396.7498157701987,0.0025204800613674626,
main,30,0.002,240,8,SGA,emp,-0.9981327922336046,7.57303776771634e-08,0.004082898568828236,336.78901664224827,244.92403696597174,
main,30,0.002,240,8,ASGA,emp,-2.05407565516943,1.1868169919049265e-09,0.004082898568828236,336.78901664224827,244.92403696597174,
main,30,0.002,240,8,SGA,cert,-0.004057046785214881,0.025614000947531187,0.004082898568828236,336.78901664224827,0.0029692179690712505,
main,30,0.002,240,8,ASGA,cert,-0.1752124539588427,0.017341134519304184,0.004082898568828236,336.78901664224827,0.0029692179690712505,
main,31,0.002,240,8,SGA,emp,-1.008606811287987,6.628845011791284e-08,0.004077254672692494,373.07277525058856,245.26307044235492,
main,31,0.002,240,8,ASGA,emp,-2.0230362394420363,1.0918635925949438e-09,0.004077254672692494,373.07277525058856,245.26307044235492,
main,31,0.002,240,8,SGA,cert,-0.003694739055973951,0.035612187854411115,0.004077254672692494,373.07277525058856,0.0026804421719818926,
main,31,0.002,240,8,ASGA,cert,-0.15926170562191003,0.02498669594103882,0.004077254672692494,373.07277525058856,0.0026804421719818926,
main,32,0.002,240,8,SGA,emp,-0.9916402841914556,5.721545821152363e-08,0.004065800784726092,322.42365086990816,245.95400831164156,
main,32,0.002,240,8,ASGA,emp,-2.004555746046904,9.814466114810294e-10,0.004065800784726092,322.42365086990816,245.95400831164156,
main,32,0.002,240,8,SGA,cert,-0.004296797536772045,0.0422944970375279,0.004065800784726092,322.42365086990816,0.00310150944976267,
main,32,0.002,240,8,ASGA,cert,-0.1858338082544561,0.027959443050220245,0.004065800784726092,322.42365086990816,0.00310150944976267,
main,33,0.002,240,8,SGA,emp,-0.9985345056067286,1.0840695006258949e-07,0.00407396655915177,399.0734559745607,245.46102317742327,
main,33,0.002,240,8,ASGA,emp,-2.0270266881615537,1.7846100708318602e-09,0.00407396655915177,399.0734559745607,245.46102317742327,
main,33,0.002,240,8,SGA,cert,-0.003395608401430354,0.023051457556040825,0.00407396655915177,399.0734559745607,0.0025058043451122087,
main,33,0.002,240,8,ASGA,cert,-0.14611480758103682,0.01665680335182828,0.00407396655915177,399.0734559745607,0.0025058043451122087,
main,34,0.002,240,8,SGA,emp,-1.0049687808487704,6.164117907769828e-08,0.004097359033874523,353.60302167552453,244.0596471367522,
main,34,0.002,240,8,ASGA,emp,-2.007875837596118,1.0442900572060765e-09,0.004097359033874523,353.60302167552453,244.0596471367522,
main,34,0.002,240,8,SGA,cert,-0.0039053762828618324,0.037508064740430294,0.004097359033874523,353.60302167552453,0.0028280301318172173,
main,34,0.002,240,8,ASGA,cert,-0.16853651075683623,0.02577588494745351,0.004097359033874523,353.60302167552453,0.0028280301318172173,
main,35,0.002,240,8,SGA,emp,-0.9788919069891063,7.292545008141804e-08,0.004093171496720063,403.7415614508397,244.3093334352883,
main,35,0.002,240,8,ASGA,emp,-1.9887888836474112,1.2863573331522993e-09,0.004093171496720063,403.7415614508397,244.3093334352883,
main,35,0.002,240,8,SGA,cert,-0.003420248282450801,0.03697141212933716,0.004093171496720063,403.7415614508397,0.002476831952614722,
main,35,0.002,240,8,ASGA,cert,-0.14720035569181827,0.026650070968841928,0.004093171496720063,403.7415614508397,0.002476831952614722,
main,36,0.002,240,8,SGA,emp,-1.0259787798173305,7.374579525515346e-08,0.004068893575500731,362.70917385497927,245.76705717276886,
main,36,0.002,240,8,ASGA,emp,-2.076803430522019,1.1054646018027192e-09,0.004068893575500731,362.70917385497927,245.76705717276886,
main,36,0.002,240,8,SGA,cert,-0.003737799888482137,0.02076810017461314,0.004068893575500731,362.70917385497927,0.0027570297971008214,
main,36,0.002,240,8,ASGA,cert,-0.16113424781548874,0.014510991120002405,0.004068893575500731,362.70917385497927,0.0027570297971008214,
main,37,0.002,240,8,SGA,emp,-0.9991044673068935,9.955117309667916e-08,0.00409449072017907,371.7524170473371,244.2306182479919,
main,37,0.002,240,8,ASGA,emp,-2.024997499348296,1.644032680825358e-09,0.00409449072017907,371.7524170473371,244.2306182479919,
main,37,0.002,240,8,SGA,cert,-0.0036625506887251608,0.025364060809737278,0.00409449072017907,371.7524170473371,0.002689962335531137,
main,37,0.002,240,8,ASGA,cert,-0.1578321474000819,0.017853627872305877,0.00409449072017907,371.7524170473371,0.002689962335531137,
main,38,0.002,240,8,SGA,emp,-0.9858813770763505,9.248843795689465e-08,0.004079374085176546,381.7413424903487,245.135645596651,
main,38,0.002,240,8,ASGA,emp,-2.001814818916167,1.597854522306097e-09,0.004079374085176546,381.7413424903487,245.135645596651,
main,38,0.002,240,8,SGA,cert,-0.003579873760885144,0.02732730984264633,0.004079374085176546,381.7413424903487,0.002619574797626962,
main,38,0.002,240,8,ASGA,cert,-0.15419927020319438,0.019392513470399074,0.004079374085176546,381.7413424903487,0.002619574797626962,
main,39,0.002,240,8,SGA,emp,-0.9996522055286455,7.758349420544652e-08,0.004037865214625728,345.5462498322026,247.65561672981465,
main,39,0.002,240,8,ASGA,emp,-2.0738915001242355,1.1748761269414487e-09,0.004037865214625728,345.5462498322026,247.65561672981465,
main,39,0.002,240,8,SGA,cert,-0.00393268002975578,0.02197496075254258,0.004037865214625728,345.5462498322026,0.0028939686090808407,
main,39,0.002,240,8,ASGA,cert,-0.16971754427990185,0.015061895909629308,0.004037865214625728,345.5462498322026,0.0028939686090808407,
main,40,0.002,240,8,SGA,emp,-1.0110742370946146,7.121429944356716e-08,0.004079483427374565,390.9504436775833,245.1290752377368,
main,40,0.002,240,8,ASGA,emp,-1.9926694281862831,1.2426305401325166e-09,0.004079483427374565,390.9504436775833,245.1290752377368,
main,40,0.002,240,8,SGA,cert,-0.003504693951635273,0.0287836164231122,0.004079483427374565,390.9504436775833,0.0025578689477705253,
main,40,0.002,240,8,ASGA,cert,-0.15090547050915903,0.02057691499489618,0.004079483427374565,390.9504436775833,0.0025578689477705253,
main,41,0.002,240,8,SGA,emp,-0.9818948494902691,8.111777479585802e-08,0.004063554059026133,318.4486859663075,246.08999547545304,
main,41,0.002,240,8,ASGA,emp,-2.026196411436416,1.343381739182803e-09,0.004063554059026133,318.4486859663075,246.08999547545304,
main,41,0.002,240,8,SGA,cert,-0.004298488310395903,0.027584134543241785,0.004063554059026133,318.4486859663075,0.0031402233517327247,
main,41,0.002,240,8,ASGA,cert,-0.1858950737673489,0.018232821817494287,0.004063554059026133,318.4486859663075,0.0031402233517327247,
main,42,0.002,240,8,SGA,emp,-1.0152212178111806,6.523054969093112e-08,0.0040821983673696065,366.51918335915235,244.96604770442772,
main,42,0.002,240,8,ASGA,emp,-2.0020887133461893,1.1155824181097174e-09,0.0040821983673696065,366.51918335915235,244.96604770442772,
main,42,0.002,240,8,SGA,cert,-0.003747284993862498,0.031127903009274167,0.0040821983673696065,366.51918335915235,0.0027283701519658235,
main,42,0.002,240,8,ASGA,cert,-0.16156524430665203,0.021728192982060315,0.0040821983673696065,366.51918335915235,0.0027283701519658235,
main,43,0.002,240,8,SGA,emp,-0.9963764200245373,8.86978085909429e-08,0.004084572354130278,402.8970640069021,244.82367143987796,
main,43,0.002,240,8,ASGA,emp,-2.011513745646787,1.502988296320229e-09,0.004084572354130278,402.8970640069021,244.82367143987796,
main,43,0.002,240,8,SGA,cert,-0.003389138124828695,0.026612404154152648,0.004084572354130278,402.8970640069021,0.002482023547292141,
main,43,0.002,240,8,ASGA,cert,-0.1458323014919989,0.019241954852187458,0.004084572354130278,402.8970640069021,0.002482023547292141,
main,44,0.002,240,8,SGA,emp,-0.9989777605385498,5.447219422055616e-08,0.004100833813067765,397.8095013753755,243.85284690479003,
main,44,0.002,240,8,ASGA,emp,-2.009234878094002,9.227029071356974e-10,0.004100833813067765,397.8095013753755,243.85284690479003,
main,44,0.002,240,8,SGA,cert,-0.003467156719167828,0.03278090395263214,0.004100833813067765,397.8095013753755,0.0025137660024273627,
main,44,0.002,240,8,ASGA,cert,-0.14925498491683564,0.023521132980379562,0.004100833813067765,397.8095013753755,0.0025137660024273627,
main,45,0.002,240,8,SGA,emp,-0.980465967392755,8.560562057835508e-08,0.0040544371864045785,304.5956217091568,246.6433573945159,
main,45,0.002,240,8,ASGA,emp,-2.0143285397300996,1.4524087210698866e-09,0.0040544371864045785,304.5956217091568,246.6433573945159,
main,45,0.002,240,8,SGA,cert,-0.004451615102243956,0.020920199412708607,0.0040544371864045785,304.5956217091568,0.003283041280727437,
main,45,0.002,240,8,ASGA,cert,-0.19266107605132973,0.013619990745253698,0.0040544371864045785,304.5956217091568,0.003283041280727437,
main,46,0.002,240,8,SGA,emp,-0.9787769647757862,6.609301610172036e-08,0.004082851861525832,387.1311894202095,244.92683886558717,
main,46,0.002,240,8,ASGA,emp,-1.965483929819121,1.212027103680846e-09,0.004082851861525832,387.1311894202095,244.92683886558717,
main,46,0.002,240,8,SGA,cert,-0.00356803459387601,0.03925046618091119,0.004082851861525832,387.1311894202095,0.0025831036799118636,
main,46,0.002,240,8,ASGA,cert,-0.15369469928590745,0.02788464324774935,0.004082851861525832,387.1311894202095,0.0025831036799118636,
main,47,0.002,240,8,SGA,emp,-1.0091332779847297,7.098754321172018e-08,0.004050500434388353,353.51740456264776,246.8830743752297,
main,47,0.002,240,8,ASGA,emp,-2.0413807974350706,1.1358737492250803e-09,0.004050500434388353,353.51740456264776,246.8830743752297,
main,47,0.002,240,8,SGA,cert,-0.003880935439886307,0.029938906548060126,0.004050500434388353,353.51740456264776,0.0028287150422965594,
main,47,0.002,240,8,ASGA,cert,-0.16744871628329716,0.020624733426598547,0.004050500434388353,353.51740456264776,0.0028287150422965594,
main,48,0.002,240,8,SGA,emp,-0.9836279698598027,1.1412572318431069e-07,0.004101471495954782,378.32903797390486,243.81493349064706,
main,48,0.002,240,8,ASGA,emp,-2.0040931790168552,1.965324812613911e-09,0.004101471495954782,378.32903797390486,243.81493349064706,
main,48,0.002,240,8,SGA,cert,-0.00354764858369709,0.018564313937499567,0.004101471495954782,378.32903797390486,0.002643201815423364,
main,48,0.002,240,8,ASGA,cert,-0.15277789588078233,0.013216128211335082,0.004101471495954782,378.32903797390486,0.002643201815423364,
main,49,0.002,240,8,SGA,emp,-1.0082193001872073,7.405279400102271e-08,0.004066552676085655,371.05536853146083,245.90853227618115,
main,49,0.002,240,8,ASGA,emp,-2.0556461951248024,1.1567104427068209e-09,0.004066552676085655,371.05536853146083,245.90853227618115,
main,49,0.002,240,8,SGA,cert,-0.0036981180726096945,0.02969233144096223,0.004066552676085655,371.05536853146083,0.002695015582061879,
main,49,0.002,240,8,ASGA,cert,-0.15939979633743823,0.0208268836778525,0.004066552676085655,371.05536853146083,0.002695015582061879,
main,0,0.004,60,2,SGA,emp,-1.005727241229819,3.688687165992466e-07,0.01595761211801022,199.4684372787083,62.666017484619225,
main,0,0.004,60,2,ASGA,emp,-2.023161333459555,6.235485225380977e-09,0.01595761211801022,199.4684372787083,62.666017484619225,
main,0,0.004,60,2,SGA,cert,-0.024913343520511947,0.010802605790533645,0.01595761211801022,199.4684372787083,0.005013324482021909,
main,0,0.004,60,2,ASGA,cert,-1.1805201420738136,0.0007299708595817633,0.01595761211801022,199.4684372787083,0.005013324482021909,
main,1,0.004,60,2,SGA,emp,-1.006847171571698,3.579125642388936e-07,0.016214051533911422,181.20703859125558,61.67489957143139,
main,1,0.004,60,2,ASGA,emp,-2.054736859578097,5.631765290226021e-09,0.016214051533911422,181.20703859125558,61.67489957143139,
main,1,0.004,60,2,SGA,cert,-0.02847449169068828,0.015269397823702305,0.016214051533911422,181.20703859125558,0.005518549432595035,
main,1,0.004,60,2,ASGA,cert,-1.3995681478870903,0.0005962455646335643,0.016214051533911422,181.20703859125558,0.005518549432595035,
main,2,0.004,60,2,SGA,emp,-1.004530666136889,2.700040225775413e-07,0.01598805132432588,187.966936863621,62.54670939656644,
main,2,0.004,60,2,ASGA,emp,-2.023405290249982,4.580283756439041e-09,0.01598805132432588,187.966936863621,62.54670939656644,
main,2,0.004,60,2,SGA,cert,-0.027413432818617956,0.01432779032837762,0.01598805132432588,187.966936863621,0.005320084567455328,
main,2,0.004,60,2,ASGA,cert,-1.3411193372463743,0.0006405881454131304,0.01598805132432588,187.966936863621,0.005320084567455328,
main,3,0.004,60,2,SGA,emp,-0.9760755519263307,1.9083471765324322e-07,0.015835749023743306,137.38546443126648,63.14826021179368,
main,3,0.004,60,2,ASGA,emp,-1.9648177048755506,3.5423666153167055e-09,0.015835749023743306,137.38546443126648,63.14826021179368,
main,3,0.004,60,2,SGA,cert,-0.03915450840956534,0.02673577264728519,0.015835749023743306,137.38546443126648,0.0072787904028980945,
main,3,0.004,60,2,ASGA,cert,-2.1678744348629064,0.00013364145888869472,0.015835749023743306,137.38546443126648,0.0072787904028980945,
main,4,0.004,60,2,SGA,emp,-0.9949229002006947,2.882807713863733e-07,0.016015431194506324,189.82045286607809,62.439779975641486,
main,4,0.004,60,2,ASGA,emp,-2.040067572754711,4.66845121588344e-09,0.016015431194506324,189.82045286607809,62.439779975641486,
main,4,0.004,60,2,SGA,cert,-0.028147606329451895,0.024577308076533272,0.016015431194506324,189.82045286607809,0.005268136203981764,
main,4,0.004,60,2,ASGA,cert,-1.4089175633244528,0.0008950535144640545,0.016015431194506324,189.82045286607809,0.005268136203981764,
main,5,0.004,60,2,SGA,emp,-0.989817599142268,2.4849643839169877e-07,0.016072885066754358,164.19897329217633,62.21658375871985,
main,5,0.004,60,2,ASGA,emp,-1.9678033136294544,4.492273150691339e-09,0.016072885066754358,164.19897329217633,62.21658375871985,
main,5,0.004,60,2,SGA,cert,-0.0319966630633297,0.018716995422432665,0.016072885066754358,164.19897329217633,0.006090172063503685,
main,5,0.004,60,2,ASGA,cert,-1.6283828526242028,0.00040474479092287435,0.016072885066754358,164.19897329217633,0.006090172063503685,
main,6,0.004,60,2,SGA,emp,-1.0229157566191562,3.13214519397087e-07,0.016094843869457788,156.00521655653893,62.131699326244444,
main,6,0.004,60,2,ASGA,emp,-2.0876923148742526,4.684984941660808e-09,0.016094843869457788,156.00521655653893,62.131699326244444,
main,6,0.004,60,2,SGA,cert,-0.03173989968625448,0.010428536951703413,0.016094843869457788,156.00521655653893,0.006410042061879277,
main,6,0.004,60,2,ASGA,cert,-1.561322953377681,0.0002894358626373203,0.016094843869457788,156.00521655653893,0.006410042061879277,
main,7,0.004,60,2,SGA,emp,-0.9686089212089695,2.530048904686444e-07,0.01619374244242166,171.1964501004417,61.752248039981616,
main,7,0.004,60,2,ASGA,emp,-1.9612789711259462,4.773866163487739e-09,0.01619374244242166,171.1964501004417,61.752248039981616,
main,7,0.004,60,2,SGA,cert,-0.031093158650701218,0.0238310764759517,0.01619374244242166,171.1964501004417,0.00584124261579779,
main,7,0.004,60,2,ASGA,cert,-1.588181944067162,0.0005530179751452174,0.01619374244242166,171.1964501004417,0.00584124261579779,
main,8,0.004,60,2,SGA,emp,-1.0099032737346767,2.7200079349282147e-07,0.016127449577806346,160.3107077185033,62.00608441995327,
main,8,0.004,60,2,ASGA,emp,-2.0398515339440886,4.440978605690926e-09,0.016127449577806346,160.3107077185033,62.00608441995327,
main,8,0.004,60,2,SGA,cert,-0.03287411087600576,0.020048327814455612,0.016127449577806346,160.3107077185033,0.006237886503226874,
main,8,0.004,60,2,ASGA,cert,-1.6892022704260836,0.0003711780161086489,0.016127449577806346,160.3107077185033,0.006237886503226874,
main,9,0.004,60,2,SGA,emp,-0.9966779789658359,1.952638110230831e-07,0.016191706308446508,136.22242923773567,61.76001348779057,
main,9,0.004,60,2,ASGA,emp,-1.9914082729758409,3.4317465535949054e-09,0.016191706308446508,136.22242923773567,61.76001348779057,
main,9,0.004,60,2,SGA,cert,-0.03891361341131396,0.01989356638417939,0.016191706308446508,136.22242923773567,0.007340935010451164,
main,9,0.004,60,2,ASGA,cert,-2.1093032215093808,0.0001269459897340966,0.016191706308446508,136.22242923773567,0.007340935010451164,
main,10,0.004,60,2,SGA,emp,-0.9612516101929266,1.8118900191321785e-07,0.015986209415851584,179.04000690102282,62.55391594009906,
main,10,0.004,60,2,ASGA,emp,-1.9525160203047744,3.4312792190904773e-09,0.015986209415851584,179.04000690102282,62.55391594009906,
main,10,0.004,60,2,SGA,cert,-0.030412276637806327,0.039017454914079236,0.015986209415851584,179.04000690102282,0.005585343841909152,
main,10,0.004,60,2,ASGA,cert,-1.5752128042248634,0.0008856187411345334,0.015986209415851584,179.04000690102282,0.005585343841909152,
main,11,0.004,60,2,SGA,emp,-1.0088043176669519,4.3550345867754414e-07,0.015925957319437186,195.18842876339997,62.79057390035373,
main,11,0.004,60,2,ASGA,emp,-2.083901342228916,6.685321157773316e-09,0.015925957319437186,195.18842876339997,62.79057390035373,
main,11,0.004,60,2,SGA,cert,-0.02390798222462585,0.007469409466955682,0.015925957319437186,195.18842876339997,0.005123254520441691,
main,11,0.004,60,2,ASGA,cert,-1.1119289145109181,0.0006046026059706375,0.015925957319437186,195.18842876339997,0.005123254520441691,
main,12,0.004,60,2,SGA,emp,-0.9837562370419083,2.7428038240628894e-07,0.016038637624793038,176.7875077511974,62.34943536938375,
main,12,0.004,60,2,ASGA,emp,-1.9875302235757473,4.9067408330882856e-09,0.016038637624793038,176.7875077511974,62.34943536938375,
main,12,0.004,60,2,SGA,cert,-0.029952442264521945,0.02244093015501626,0.016038637624793038,176.7875077511974,0.00565650827210797,
main,12,0.004,60,2,ASGA,cert,-1.5104070450748606,0.0006417598865170182,0.016038637624793038,176.7875077511974,0.00565650827210797,
main,13,0.004,60,2,SGA,emp,-0.971660783441861,2.4008027950384037e-07,0.016133512883783337,166.94924700422163,61.9827812580826,
main,13,0.004,60,2,ASGA,emp,-1.9525972493695922,4.568639480617698e-09,0.016133512883783337,166.94924700422163,61.9827812580826,
main,13,0.004,60,2,SGA,cert,-0.031858286282172146,0.022703182225688547,0.016133512883783337,166.94924700422163,0.00598984432660971,
main,13,0.004,60,2,ASGA,cert,-1.6354797805813996,0.00046826682386430507,0.016133512883783337,166.94924700422163,0.00598984432660971,
main,14,0.004,60,2,SGA,emp,-1.0036630545354706,1.918398616074235e-07,0.016164571077538808,129.31098813286894,61.86368912624797,
main,14,0.004,60,2,ASGA,emp,-2.0280808061296764,3.1964887889368576e-09,0.016164571077538808,129.31098813286894,61.86368912624797,
main,14,0.004,60,2,SGA,cert,-0.040946923027778685,0.01919268500556294,0.016164571077538808,129.31098813286894,0.007733294861009687,
main,14,0.004,60,2,ASGA,cert,-2.248245840878257,9.140942373371541e-05,0.016164571077538808,129.31098813286894,0.007733294861009687,
main,15,0.004,60,2,SGA,emp,-1.0152431772646229,2.8708817460809666e-07,0.01598896240616403,192.94054317887688,62.543145364735004,
main,15,0.004,60,2,ASGA,emp,-2.0469847043254,4.553738865153978e-09,0.01598896240616403,192.94054317887688,62.543145364735004,
main,15,0.004,60,2,SGA,cert,-0.026387818376908446,0.013244164283190925,0.01598896240616403,192.94054317887688,0.005182943841268712,
main,15,0.004,60,2,ASGA,cert,-1.2771430867065023,0.0006969788984175981,0.01598896240616403,192.94054317887688,0.005182943841268712,
main,16,0.004,60,2,SGA,emp,-1.0112681749747279,4.153859588795772e-07,0.01606266043253546,187.3125478657477,62.25618752261403,
main,16,0.004,60,2,ASGA,emp,-2.07188026498336,6.374824140786828e-09,0.01606266043253546,187.3125478657477,62.25618752261403,
main,16,0.004,60,2,SGA,cert,-0.02504569320640704,0.007701666856022055,0.01606266043253546,187.3125478657477,0.0053386706410973005,
main,16,0.004,60,2,ASGA,cert,-1.173148585068193,0.0005402834895159372,0.01606266043253546,187.3125478657477,0.0053386706410973005,
main,17,0.004,60,2,SGA,emp,-0.9696112679790042,2.2562764933481416e-07,0.016150697736198386,154.81043912449226,61.91682962146649,
main,17,0.004,60,2,ASGA,emp,-1.9582312288239367,4.259627393865539e-09,0.016150697736198386,154.81043912449226,61.91682962146649,
main,17,0.004,60,2,SGA,cert,-0.034387519848004484,0.022617077731244294,0.016150697736198386,154.81043912449226,0.006459512715391503,
main,17,0.004,60,2,ASGA,cert,-1.803297111467969,0.0003027155958654562,0.016150697736198386,154.81043912449226,0.006459512715391503,
main,18,0.004,60,2,SGA,emp,-1.0154705749535917,3.471991783660089e-07,0.015983709241580314,187.37371175959643,62.56370063330367,
main,18,0.004,60,2,ASGA,emp,-2.073777969145862,5.412080089639559e-09,0.015983709241580314,187.37371175959643,62.56370063330367,
main,18,0.004,60,2,SGA,cert,-0.026167856960005047,0.009912523601654726,0.015983709241580314,187.37371175959643,0.00533692795328203,
main,18,0.004,60,2,ASGA,cert,-1.2480549184750653,0.0005725969109783013,0.015983709241580314,187.37371175959643,0.00533692795328203,
main,19,0.004,60,2,SGA,emp,-0.9860993382608485,3.086774731653197e-07,0.01609427713242284,192.76909276342766,62.13388720549884,
main,19,0.004,60,2,ASGA,emp,-2.011297957145263,5.135712133341741e-09,0.01609427713242284,192.76909276342766,62.13388720549884,
main,19,0.004,60,2,SGA,cert,-0.027164689793331472,0.018994923299466032,0.01609427713242284,192.76909276342766,0.005187553594119113,
main,19,0.004,60,2,ASGA,cert,-1.334202893549865,0.0008536194550863435,0.01609427713242284,192.76909276342766,0.005187553594119113,
main,20,0.004,60,2,SGA,emp,-1.0183354396539113,3.2182830599081225e-07,0.016139827588860595,182.6499385958425,61.9585305043891,
main,20,0.004,60,2,ASGA,emp,-2.07748784330226,4.727097664691815e-09,0.016139827588860595,182.6499385958425,61.9585305043891,
main,20,0.004,60,2,SGA,cert,-0.02729392609756766,0.011030780302365768,0.016139827588860595,182.6499385958425,0.005474953934765582,
main,20,0.004,60,2,ASGA,cert,-1.3159932803998375,0.000538199281372588,0.016139827588860595,182.6499385958425,0.005474953934765582,
main,21,0.004,60,2,SGA,emp,-1.0030214846424936,3.2023474735853874e-07,0.01605606390126228,188.50327692580615,62.28176507950887,
main,21,0.004,60,2,ASGA,emp,-2.0430590050269335,5.294520474818931e-09,0.01605606390126228,188.50327692580615,62.28176507950887,
main,21,0.004,60,2,SGA,cert,-0.027049047926806354,0.013132154978445804,0.01605606390126228,188.50327692580615,0.005304947565413383,
main,21,0.004,60,2,ASGA,cert,-1.312889813805722,0.0006356863508380911,0.01605606390126228,188.50327692580615,0.005304947565413383,
main,22,0.004,60,2,SGA,emp,-1.001472284423066,3.164893228949084e-07,0.01603965142805057,188.73151644648743,62.34549450689268,
main,22,0.004,60,2,ASGA,emp,-2.0436016936191277,5.195405529401231e-09,0.01603965142805057,188.73151644648743,62.34549450689268,
main,22,0.004,60,2,SGA,cert,-0.02715231363622169,0.013856521417288506,0.01603965142805057,188.73151644648743,0.0052985321096783436,
main,22,0.004,60,2,ASGA,cert,-1.3210829871113203,0.0006553717337147782,0.01603965142805057,188.73151644648743,0.0052985321096783436,
main,23,0.004,60,2,SGA,emp,-1.0114987831091489,3.694932216233293e-07,0.015999563085842033,184.2101703781827,62.50170674253581,
main,23,0.004,60,2,ASGA,emp,-2.0604831439778595,5.727992288817596e-09,0.015999563085842033,184.2101703781827,62.50170674253581,
main,23,0.004,60,2,SGA,cert,-0.026585342201717998,0.009802706506101246,0.015999563085842033,184.2101703781827,0.005428581917855046,
main,23,0.004,60,2,ASGA,cert,-1.266118242536524,0.0005460721947811581,0.015999563085842033,184.2101703781827,0.005428581917855046,
main,24,0.004,60,2,SGA,emp,-1.0338550793048686,2.588224952138063e-07,0.016135233090888556,143.112641849596,61.976173158892415,
main,24,0.004,60,2,ASGA,emp,-2.1064128733101035,3.7089287682756655e-09,0.016135233090888556,143.112641849596,61.976173158892415,
main,24,0.004,60,2,SGA,cert,-0.03526199877091924,0.011728718095569156,0.016135233090888556,143.112641849596,0.00698750290034439,
main,24,0.004,60,2,ASGA,cert,-1.7866057511407707,0.00018862092868481006,0.016135233090888556,143.112641849596,0.00698750290034439,
main,25,0.004,60,2,SGA,emp,-0.9658165378159665,2.273367114419278e-07,0.016044581143800564,170.55599856244112,62.3263387830095,
main,25,0.004,60,2,ASGA,emp,-1.951962622300633,4.323424118712893e-09,0.016044581143800564,170.55599856244112,62.3263387830095,
main,25,0.004,60,2,SGA,cert,-0.031700275430201895,0.03737254647371417,0.016044581143800564,170.55599856244112,0.005863176953192278,
main,25,0.004,60,2,ASGA,cert,-1.6531766555608471,0.0007007658420010443,0.016044581143800564,170.55599856244112,0.005863176953192278,
main,26,0.004,60,2,SGA,emp,-1.003690208107957,3.296188339288464e-07,0.01597412960360899,191.5041758087939,62.60121989833317,
main,26,0.004,60,2,ASGA,emp,-2.0513039624351523,5.1910342621641625e-09,0.01597412960360899,191.5041758087939,62.60121989833317,
main,26,0.004,60,2,SGA,cert,-0.026440244754230943,0.012308388095524252,0.01597412960360899,191.5041758087939,0.005221818249010108,
main,26,0.004,60,2,ASGA,cert,-1.2756936125363623,0.0006540967682693577,0.01597412960360899,191.5041758087939,0.005221818249010108,
main,27,0.004,60,2,SGA,emp,-1.0120458794678024,3.3520233599232396e-07,0.01603356995026055,183.26696906484887,62.36914193795935,
main,27,0.004,60,2,ASGA,emp,-2.0487870423099737,5.206793517176234e-09,0.01603356995026055,183.26696906484887,62.36914193795935,
main,27,0.004,60,2,SGA,cert,-0.027311529840820966,0.011443566892046286,0.01603356995026055,183.26696906484887,0.00545652064364174,
main,27,0.004,60,2,ASGA,cert,-1.3159861022061576,0.0005591393425858071,0.01603356995026055,183.26696906484887,0.00545652064364174,
main,28,0.004,60,2,SGA,emp,-0.9726418396359815,2.7009578801306944e-07,0.01609298203100316,195.35085217213313,62.13888750223533,
main,28,0.004,60,2,ASGA,emp,-1.9588635812639168,5.218051574162885e-09,0.01609298203100316,195.35085217213313,62.13888750223533,
main,28,0.004,60,2,SGA,cert,-0.027101639929044453,0.021702160647806,0.01609298203100316,195.35085217213313,0.005118994818199469,
main,28,0.004,60,2,ASGA,cert,-1.3379755447929087,0.0009544275158504395,0.01609298203100316,195.35085217213313,0.005118994818199469,
main,29,0.004,60,2,SGA,emp,-0.9751665407261678,2.2746483847868593e-07,0.016138209968545737,166.3605421517632,61.9647409439495,
main,29,0.004,60,2,ASGA,emp,-1.9706028186052387,4.1186311583452095e-09,0.016138209968545737,166.3605421517632,61.9647409439495,
main,29,0.004,60,2,SGA,cert,-0.03244426724411513,0.03205829767228427,0.016138209968545737,166.3605421517632,0.006011040761623301,
main,29,0.004,60,2,ASGA,cert,-1.697862205327101,0.0005381968942558962,0.016138209968545737,166.3605421517632,0.006011040761623301,
main,30,0.004,60,2,SGA,emp,-1.0200568778447918,2.9400731086509646e-07,0.01600481577076163,186.63153792876594,62.481194055782154,
main,30,0.004,60,2,ASGA,emp,-2.079977482172003,4.321832745846077e-09,0.01600481577076163,186.63153792876594,62.481194055782154,
main,30,0.004,60,2,SGA,cert,-0.02700736912513094,0.011971138947038221,0.01600481577076163,186.63153792876594,0.005358151205835762,
main,30,0.004,60,2,ASGA,cert,-1.3066628099571398,0.0005912835633647973,0.01600481577076163,186.63153792876594,0.005358151205835762,
main,31,0.004,60,2,SGA,emp,-0.9654076644211941,1.980964184911116e-07,0.016130054907025737,146.30564108209234,61.99606918662328,
main,31,0.004,60,2,ASGA,emp,-1.9550051635214056,3.7063676849857785e-09,0.016130054907025737,146.30564108209234,61.99606918662328,
main,31,0.004,60,2,SGA,cert,-0.036966412827375845,0.031024605583741247,0.016130054907025737,146.30564108209234,0.00683500644680473,
main,31,0.004,60,2,ASGA,cert,-2.022129292893741,0.00021502141671500552,0.016130054907025737,146.30564108209234,0.00683500644680473,
main,32,0.004,60,2,SGA,emp,-0.9798957368951933,2.452569581451458e-07,0.016101555464251755,159.25830526755348,62.10580103395435,
main,32,0.004,60,2,ASGA,emp,-1.9799758765547546,4.456339054714764e-09,0.016101555464251755,159.25830526755348,62.10580103395435,
main,32,0.004,60,2,SGA,cert,-0.03319230668797289,0.02042315718061436,0.016101555464251755,159.25830526755348,0.006279107380428311,
main,32,0.004,60,2,ASGA,cert,-1.7130487496360294,0.0003518464156805276,0.016101555464251755,159.25830526755348,0.006279107380428311,
main,33,0.004,60,2,SGA,emp,-1.0719841529877687,2.2050769611994814e-07,0.016196898183494048,167.22799672615812,61.740216470526505,
main,33,0.004,60,2,ASGA,emp,-2.2608624056265567,2.3624588917081635e-09,0.016196898183494048,167.22799672615812,61.740216470526505,
main,33,0.004,60,2,SGA,cert,-0.02970050748861167,0.00992236624843328,0.016196898183494048,167.22799672615812,0.005979859949153945,
main,33,0.004,60,2,ASGA,cert,-1.4605974185062647,0.0003391597326534851,0.016196898183494048,167.22799672615812,0.005979859949153945,
main,34,0.004,60,2,SGA,emp,-0.9624931764974441,2.1723302440213033e-07,0.015923637678600014,169.80971384193163,62.799720778871595,
main,34,0.004,60,2,ASGA,emp,-1.9541566424167294,4.090950578294894e-09,0.015923637678600014,169.80971384193163,62.799720778871595,
main,34,0.004,60,2,SGA,cert,-0.031733299815834996,0.030878980296831032,0.015923637678600014,169.80971384193163,0.005888944615564548,
main,34,0.004,60,2,ASGA,cert,-1.6480487098475851,0.0005938614020786631,0.015923637678600014,169.80971384193163,0.005888944615564548,
main,35,0.004,60,2,SGA,emp,-1.0605921223086578,1.715343934463598e-07,0.016219165649402595,115.54087333619492,61.65545266730988,
main,35,0.004,60,2,ASGA,emp,-2.140689098261541,2.281211934629379e-09,0.016219165649402595,115.54087333619492,61.65545266730988,
main,35,0.004,60,2,SGA,cert,-0.04453001293667018,0.012672072810523113,0.016219165649402595,115.54087333619492,0.00865494583107617,
main,35,0.004,60,2,ASGA,cert,-2.3973978310918502,6.015081704385111e-05,0.016219165649402595,115.54087333619492,0.00865494583107617,
main,36,0.004,60,2,SGA,emp,-0.9973914049308322,2.3256183971642752e-07,0.016134781458076942,152.35493594603992,61.97790794987236,
main,36,0.004,60,2,ASGA,emp,-2.0408991794248594,3.817970904707035e-09,0.016134781458076942,152.35493594603992,61.97790794987236,
main,36,0.004,60,2,SGA,cert,-0.03463594069735818,0.018646116630053194,0.016134781458076942,152.35493594603992,0.006563620625682738,
main,36,0.004,60,2,ASGA,cert,-1.8075119712532164,0.0002539730162996606,0.016134781458076942,152.35493594603992,0.006563620625682738,
main,37,0.004,60,2,SGA,emp,-1.011378756228969,3.4559128109235004e-07,0.01617342491141724,191.48849118360212,61.82982302617142,
main,37,0.004,60,2,ASGA,emp,-2.0504104654101156,5.452990343990383e-09,0.01617342491141724,191.48849118360212,61.82982302617142,
main,37,0.004,60,2,SGA,cert,-0.026099314935769422,0.011237982592478608,0.01617342491141724,191.48849118360212,0.005222245962767468,
main,37,0.004,60,2,ASGA,cert,-1.2484837279379617,0.0006442733378573678,0.01617342491141724,191.48849118360212,0.005222245962767468,
main,38,0.004,60,2,SGA,emp,-1.055482865933366,2.458772379483609e-07,0.016182338435236077,133.95977174278042,61.79576604469967,
main,38,0.004,60,2,ASGA,emp,-2.2276443982227576,2.866260302020196e-09,0.016182338435236077,133.95977174278042,61.79576604469967,
main,38,0.004,60,2,SGA,cert,-0.03694593615754208,0.009789331531980347,0.016182338435236077,133.95977174278042,0.0074649276196149805,
main,38,0.004,60,2,ASGA,cert,-1.8726289730117451,0.00013403856820804957,0.016182338435236077,133.95977174278042,0.0074649276196149805,
main,39,0.004,60,2,SGA,emp,-1.016041822575992,3.7551927516144e-07,0.016038406780753262,180.728002983236,62.35033277744523,
main,39,0.004,60,2,ASGA,emp,-2.099086603603296,5.438059794138361e-09,0.016038406780753262,180.728002983236,62.35033277744523,
main,39,0.004,60,2,SGA,cert,-0.02627050576901067,0.008202475879668616,0.016038406780753262,180.728002983236,0.005533176837530586,
main,39,0.004,60,2,ASGA,cert,-1.2447086286496656,0.0004837063202332986,0.016038406780753262,180.728002983236,0.005533176837530586,
main,40,0.004,60,2,SGA,emp,-1.0063823091780226,2.9910988975229147e-07,0.01621136717367616,190.51111573296694,61.68511201348822,
main,40,0.004,60,2,ASGA,emp,-2.030784778726461,5.126242659525548e-09,0.01621136717367616,190.51111573296694,61.68511201348822,
main,40,0.004,60,2,SGA,cert,-0.026815307808292572,0.013111815557943128,0.01621136717367616,190.51111573296694,0.005249037549082787,
main,40,0.004,60,2,ASGA,cert,-1.3010442533080193,0.0006514247519434982,0.01621136717367616,190.51111573296694,0.005249037549082787,
main,41,0.004,60,2,SGA,emp,-0.964576890774903,2.4451619169696404e-07,0.015919769690555082,183.07853009854745,62.81497907556303,
main,41,0.004,60,2,ASGA,emp,-1.9623828653596547,4.66418431654958e-09,0.015919769690555082,183.07853009854745,62.81497907556303,
main,41,0.004,60,2,SGA,cert,-0.029189525505627527,0.026144594620763996,0.015919769690555082,183.07853009854745,0.005462136928135267,
main,41,0.004,60,2,ASGA,cert,-1.4736034012733163,0.0008062065111781314,0.015919769690555082,183.07853009854745,0.005462136928135267,
main,42,0.004,60,2,SGA,emp,-1.0509998187304455,2.439678302296189e-07,0.016179518958496824,129.72874642816333,61.80653470385414,
main,42,0.004,60,2,ASGA,emp,-2.2043475095566496,2.9547081344116766e-09,0.016179518958496824,129.72874642816333,61.80653470385414,
main,42,0.004,60,2,SGA,cert,-0.038455728574005525,0.010358583697087208,0.016179518958496824,129.72874642816333,0.007708391759984709,
main,42,0.004,60,2,ASGA,cert,-1.967287887340737,0.00011569032753250275,0.016179518958496824,129.72874642816333,0.007708391759984709,
main,43,0.004,60,2,SGA,emp,-1.0051918049129296,3.6108242911642163e-07,0.016204132146700245,198.4312772471454,61.7126539667005,
main,43,0.004,60,2,ASGA,emp,-2.0375751297137827,5.855359974660246e-09,0.016204132146700245,198.4312772471454,61.7126539667005,
main,43,0.004,60,2,SGA,cert,-0.026007101639587814,0.015264145059495332,0.016204132146700245,198.4312772471454,0.005039528112065235,
main,43,0.004,60,2,ASGA,cert,-1.2583091406840599,0.0008375328211753449,0.016204132146700245,198.4312772471454,0.005039528112065235,
main,44,0.004,60,2,SGA,emp,-0.9635204992594595,2.197023197259007e-07,0.016116465378800716,152.55521155721996,62.04834475153469,
main,44,0.004,60,2,ASGA,emp,-1.9592000596565111,4.035323686313319e-09,0.016116465378800716,152.55521155721996,62.04834475153469,
main,44,0.004,60,2,SGA,cert,-0.035042640699549404,0.024414266509724634,0.016116465378800716,152.55521155721996,0.006555003855931352,
main,44,0.004,60,2,ASGA,cert,-1.8563998656456653,0.00027983087514747707,0.016116465378800716,152.55521155721996,0.006555003855931352,
main,45,0.004,60,2,SGA,emp,-1.064677669103583,2.2633266844734878e-07,0.016191146506328566,124.8227289164588,61.76214881442362,
main,45,0.004,60,2,ASGA,emp,-2.2437433095623245,2.5432166650407595e-09,0.016191146506328566,124.8227289164588,61.76214881442362,
main,45,0.004,60,2,SGA,cert,-0.03987070822752757,0.01000223002526823,0.016191146506328566,124.8227289164588,0.008011361461815811,
main,45,0.004,60,2,ASGA,cert,-2.0499383150593284,9.552793519179703e-05,0.016191146506328566,124.8227289164588,0.008011361461815811,
main,46,0.004,60,2,SGA,emp,-0.9612185474002153,2.439008694038458e-07,0.01607772225493165,165.53763422167884,62.19786510450893,
main,46,0.004,60,2,ASGA,emp,-1.9516236227491817,4.6284901189519445e-09,0.01607772225493165,165.53763422167884,62.19786510450893,
main,46,0.004,60,2,SGA,cert,-0.03232646109128294,0.02634392742988416,0.01607772225493165,165.53763422167884,0.006040922384216603,
main,46,0.004,60,2,ASGA,cert,-1.674771178914208,0.000483112280589143,0.01607772225493165,165.53763422167884,0.006040922384216603,
main,47,0.004,60,2,SGA,emp,-1.0061335043190844,2.8627684880294657e-07,0.01598361451882672,186.6156887985557,62.56407140087892,
main,47,0.004,60,2,ASGA,emp,-2.0151227658403377,4.980078099903196e-09,0.01598361451882672,186.6156887985557,62.56407140087892,
main,47,0.004,60,2,SGA,cert,-0.027553471108515738,0.014494195968278563,0.01598361451882672,186.6156887985557,0.005358606269591088,
main,47,0.004,60,2,ASGA,cert,-1.3457643185622317,0.0006439826202075463,0.01598361451882672,186.6156887985557,0.005358606269591088,
main,48,0.004,60,2,SGA,emp,-1.0498350465674864,2.441199882033396e-07,0.016149167451431322,143.1535810053782,61.922696820594844,
main,48,0.004,60,2,ASGA,emp,-2.1752132897500887,3.0411918955364214e-09,0.016149167451431322,143.1535810053782,61.922696820594844,
main,48,0.004,60,2,SGA,cert,-0.0348828403384666,0.010573994516659354,0.016149167451431322,143.1535810053782,0.006985504609643196,
main,48,0.004,60,2,ASGA,cert,-1.7594538284117407,0.00018208393639936732,0.016149167451431322,143.1535810053782,0.006985504609643196,
main,49,0.004,60,2,SGA,emp,-1.0259017201345242,3.019355958450154e-07,0.01616367983041725,153.7236974101629,61.86710022046917,
main,49,0.004,60,2,ASGA,emp,-2.0890118581464305,4.441564775692353e-09,0.01616367983041725,153.7236974101629,61.86710022046917,
main,49,0.004,60,2,SGA,cert,-0.03236877848479656,0.010756740128481414,0.01616367983041725,153.7236974101629,0.006505177905861952,
main,49,0.004,60,2,ASGA,cert,-1.601155290076185,0.00027080117290594063,0.01616367983041725,153.7236974101629,0.006505177905861952,
main,0,0.004,60,4,SGA,emp,-1.0039418926982842,1.8641042180689293e-07,0.016196108546534832,136.11587233983067,61.743226598339305,
main,0,0.004,60,4,ASGA,emp,-2.02376346542794,3.0989315835672215e-09,0.016196108546534832,136.11587233983067,61.743226598339305,
main,0,0.004,60,4,SGA,cert,-0.03908246047383949,0.021166409118151118,0.016196108546534832,136.11587233983067,0.007346681785232013,
main,0,0.004,60,4,ASGA,cert,-2.134424323155192,0.00012385977106574297,0.016196108546534832,136.11587233983067,0.007346681785232013,
main,1,0.004,60,4,SGA,emp,-0.9844824858089134,2.440854763585687e-07,0.016122332444222093,161.75360195669438,62.02576478680534,
main,1,0.004,60,4,ASGA,emp,-2.0042714556415144,4.190392297043211e-09,0.016122332444222093,161.75360195669438,62.02576478680534,
main,1,0.004,60,4,SGA,cert,-0.03306891918225124,0.02536313068148925,0.016122332444222093,161.75360195669438,0.006182242546090107,
main,1,0.004,60,4,ASGA,cert,-1.7247083795276337,0.00040890491263838313,0.016122332444222093,161.75360195669438,0.006182242546090107,
main,2,0.004,60,4,SGA,emp,-0.9955446328304096,2.4914719272406405e-07,0.01605479565208947,192.29535503208317,62.28668502983119,
main,2,0.004,60,4,ASGA,emp,-1.9821669444339125,4.450939984634861e-09,0.01605479565208947,192.29535503208317,62.28668502983119,
main,2,0.004,60,4,SGA,cert,-0.027217116945676405,0.01784559465791219,0.01605479565208947,192.29535503208317,0.005200333621335559,
main,2,0.004,60,4,ASGA,cert,-1.339363800760351,0.000789263878205132,0.01605479565208947,192.29535503208317,0.005200333621335559,
main,3,0.004,60,4,SGA,emp,-1.0036312040292614,3.497675460026328e-07,0.016049191296958948,186.561542237787,62.30843545303639,
main,3,0.004,60,4,ASGA,emp,-2.0448014110854755,5.510904184380383e-09,0.016049191296958948,186.561542237787,62.30843545303639,
main,3,0.004,60,4,SGA,cert,-0.02711036562444627,0.012714949111718471,0.016049191296958948,186.561542237787,0.005360161520992485,
main,3,0.004,60,4,ASGA,cert,-1.310717629607016,0.0006236522284027782,0.016049191296958948,186.561542237787,0.005360161520992485,
main,4,0.004,60,4,SGA,emp,-0.99245378397034,2.6435806397412387e-07,0.01611938043403094,177.07999318828558,62.037123826969086,
main,4,0.004,60,4,ASGA,emp,-2.025862816321627,4.394450171807396e-09,0.01611938043403094,177.07999318828558,62.037123826969086,
main,4,0.004,60,4,SGA,cert,-0.03010543256113012,0.02464637828861587,0.01611938043403094,177.07999318828558,0.0056471653403370094,
main,4,0.004,60,4,ASGA,cert,-1.5296219768520902,0.0006611578146713953,0.01611938043403094,177.07999318828558,0.0056471653403370094,
main,5,0.004,60,4,SGA,emp,-1.008272278160745,3.128219368750407e-07,0.0160813839677156,193.79376345877256,62.18370272157941,
main,5,0.004,60,4,ASGA,emp,-2.042955292132366,5.068144709463596e-09,0.0160813839677156,193.79376345877256,62.18370272157941,
main,5,0.004,60,4,SGA,cert,-0.026241794171295355,0.01309522165743602,0.0160813839677156,193.79376345877256,0.005160124774669226,
main,5,0.004,60,4,ASGA,cert,-1.2672275906504367,0.000707284670660932,0.0160813839677156,193.79376345877256,0.005160124774669226,
main,6,0.004,60,4,SGA,emp,-1.0316086891348086,2.9368318195388543e-07,0.016173881564119523,159.32232170360706,61.82807732550861,
main,6,0.004,60,4,ASGA,emp,-2.1079259939666533,4.186201975342474e-09,0.016173881564119523,159.32232170360706,61.82807732550861,
main,6,0.004,60,4,SGA,cert,-0.031129291532991436,0.010382987980173432,0.016173881564119523,159.32232170360706,0.006276584406423196,
main,6,0.004,60,4,ASGA,cert,-1.53050176953266,0.00030732451305745534,0.016173881564119523,159.32232170360706,0.006276584406423196,
main,7,0.004,60,4,SGA,emp,-1.0011426820551264,2.8207107850841684e-07,0.016155713607469382,201.10933302981948,61.89760627705502,
main,7,0.004,60,4,ASGA,emp,-2.0226732779215877,4.7852988932506335e-09,0.016155713607469382,201.10933302981948,61.89760627705502,
main,7,0.004,60,4,SGA,cert,-0.025962353872205413,0.01704581301865296,0.016155713607469382,201.10933302981948,0.0049724196532028924,
main,7,0.004,60,4,ASGA,cert,-1.265435341097203,0.0009058722206673683,0.016155713607469382,201.10933302981948,0.0049724196532028924,
main,8,0.004,60,4,SGA,emp,-0.9921826945465836,2.3924473400993573e-07,0.016192343782270337,154.76190639675875,61.757582067578205,
main,8,0.004,60,4,ASGA,emp,-1.9921588455401793,4.259332997413878e-09,0.016192343782270337,154.76190639675875,61.757582067578205,
main,8,0.004,60,4,SGA,cert,-0.03448097692005778,0.025410275562563187,0.016192343782270337,154.76190639675875,0.00646153839328089,
main,8,0.004,60,4,ASGA,cert,-1.8162192209629973,0.0003263286590433623,0.016192343782270337,154.76190639675875,0.00646153839328089,
main,9,0.004,60,4,SGA,emp,-1.06432229712334,1.9174428209783878e-07,0.016210665776579845,128.46214815536072,61.68778098211965,
main,9,0.004,60,4,ASGA,emp,-2.1936076764834813,2.312174798846378e-09,0.016210665776579845,128.46214815536072,61.68778098211965,
main,9,0.004,60,4,SGA,cert,-0.03971433831494287,0.012018778573617099,0.016210665776579845,128.46214815536072,0.0077843941920589,
main,9,0.004,60,4,ASGA,cert,-2.08469836250497,9.745498796297908e-05,0.016210665776579845,128.46214815536072,0.0077843941920589,
main,10,0.004,60,4,SGA,emp,-0.9771331913239926,2.2752816693227818e-07,0.016169928254902478,180.73692902971692,61.843193379464445,
main,10,0.004,60,4,ASGA,emp,-1.9717109898052034,4.1616309148784225e-09,0.016169928254902478,180.73692902971692,61.843193379464445,
main,10,0.004,60,4,SGA,cert,-0.029649261598999634,0.026177263314328847,0.016169928254902478,180.73692902971692,0.005532903570778162,
main,10,0.004,60,4,ASGA,cert,-1.5063149209086473,0.0007374614557116022,0.016169928254902478,180.73692902971692,0.005532903570778162,
main,11,0.004,60,4,SGA,emp,-1.0119793838080116,2.6395851931287906e-07,0.0160269244983972,190.39481021652398,62.39500286533494,
main,11,0.004,60,4,ASGA,emp,-2.058908863501993,4.112147164447855e-09,0.0160269244983972,190.39481021652398,62.39500286533494,
main,11,0.004,60,4,SGA,cert,-0.027531518527731426,0.0187274836581686,0.0160269244983972,190.39481021652398,0.005252244002148815,
main,11,0.004,60,4,ASGA,cert,-1.359672115464639,0.0007864878915382137,0.0160269244983972,190.39481021652398,0.005252244002148815,
main,12,0.004,60,4,SGA,emp,-1.000163186095764,2.566325912750633e-07,0.016059811080003244,184.4908382985967,62.267233096231294,
main,12,0.004,60,4,ASGA,emp,-1.9962836563752147,4.462154375162175e-09,0.016059811080003244,184.4908382985967,62.267233096231294,
main,12,0.004,60,4,SGA,cert,-0.028406000834688895,0.018536671296677333,0.016059811080003244,184.4908382985967,0.005420323357095431,
main,12,0.004,60,4,ASGA,cert,-1.4102640129246289,0.0006878919756710539,0.016059811080003244,184.4908382985967,0.005420323357095431,
main,13,0.004,60,4,SGA,emp,-0.9871500266644614,2.6344847079556866e-07,0.01608705483130416,200.2552500235996,62.16178228311111,
main,13,0.004,60,4,ASGA,emp,-1.9957737276833913,4.643914641722091e-09,0.01608705483130416,200.2552500235996,62.16178228311111,
main,13,0.004,60,4,SGA,cert,-0.026428963197404662,0.020313676741481164,0.01608705483130416,200.2552500235996,0.004993626883101204,
main,13,0.004,60,4,ASGA,cert,-1.2995331386357876,0.0009818063848552536,0.01608705483130416,200.2552500235996,0.004993626883101204,
main,14,0.004,60,4,SGA,emp,-1.007433283660531,2.0166503034851901e-07,0.016168538535993527,140.24960661626554,61.84850892824073,
main,14,0.004,60,4,ASGA,emp,-2.0165440797578107,3.379940570480411e-09,0.016168538535993527,140.24960661626554,61.84850892824073,
main,14,0.004,60,4,SGA,cert,-0.03748760581674153,0.017607818763298467,0.016168538535993527,140.24960661626554,0.007130144776349229,
main,14,0.004,60,4,ASGA,cert,-1.9927522115944711,0.000154277287645381,0.016168538535993527,140.24960661626554,0.007130144776349229,
main,15,0.004,60,4,SGA,emp,-0.9786300557066534,2.3583976777041826e-07,0.016035308685900123,179.2075810106533,62.36237914642091,
main,15,0.004,60,4,ASGA,emp,-1.9739030917624614,4.313969251268368e-09,0.016035308685900123,179.2075810106533,62.36237914642091,
main,15,0.004,60,4,SGA,cert,-0.029921820410387226,0.028270955204439667,0.016035308685900123,179.2075810106533,0.005580121077247023,
main,15,0.004,60,4,ASGA,cert,-1.5248587391374324,0.0007579826588701155,0.016035308685900123,179.2075810106533,0.005580121077247023,
main,16,0.004,60,4,SGA,emp,-1.0275841071912388,2.3633906719860986e-07,0.01614768320719008,197.2385422948681,61.928388560083334,
main,16,0.004,60,4,ASGA,emp,-2.080477326127813,3.5570621656488832e-09,0.01614768320719008,197.2385422948681,61.928388560083334,
main,16,0.004,60,4,SGA,cert,-0.026368610469343193,0.015650422342473345,0.01614768320719008,197.2385422948681,0.005070002994166413,
main,16,0.004,60,4,ASGA,cert,-1.2899201389696213,0.0007822190621345412,0.01614768320719008,197.2385422948681,0.005070002994166413,
main,17,0.004,60,4,SGA,emp,-1.006278896953896,2.6224856879142333e-07,0.01611921954899789,172.008499035993,62.03774301604873,
main,17,0.004,60,4,ASGA,emp,-2.0285528844977816,4.340337901587166e-09,0.01611921954899789,172.008499035993,62.03774301604873,
main,17,0.004,60,4,SGA,cert,-0.03018209960196128,0.016107315996810423,0.01611921954899789,172.008499035993,0.005813666217683516,
main,17,0.004,60,4,ASGA,cert,-1.508232126404299,0.00047575195158821443,0.01611921954899789,172.008499035993,0.005813666217683516,
main,18,0.004,60,4,SGA,emp,-1.0184511129267433,1.985066773110833e-07,0.01617551098314225,138.404275893819,61.82184915469919,
main,18,0.004,60,4,ASGA,emp,-2.0364518626995753,3.2318650325380283e-09,0.01617551098314225,138.404275893819,61.82184915469919,
main,18,0.004,60,4,SGA,cert,-0.03825768364952133,0.01990651488331814,0.01617551098314225,138.404275893819,0.0072252103017913984,
main,18,0.004,60,4,ASGA,cert,-2.0607936682469075,0.00014369814062942937,0.01617551098314225,138.404275893819,0.0072252103017913984,
main,19,0.004,60,4,SGA,emp,-0.9957252148649616,1.9914601875198334e-07,0.0161543330780201,161.6208366873359,61.90289597040805,
main,19,0.004,60,4,ASGA,emp,-1.9925392024170387,3.5387366162376033e-09,0.0161543330780201,161.6208366873359,61.90289597040805,
main,19,0.004,60,4,SGA,cert,-0.03294041954031974,0.022070561304735704,0.0161543330780201,161.6208366873359,0.006187321019346987,
main,19,0.004,60,4,ASGA,cert,-1.7126387518769965,0.0003693173699495858,0.0161543330780201,161.6208366873359,0.006187321019346987,
main,20,0.004,60,4,SGA,emp,-1.0185645144031763,2.804506263956452e-07,0.016061443217649757,191.04378285014135,62.26090560162801,
main,20,0.004,60,4,ASGA,emp,-2.068410961128104,4.327376394719362e-09,0.016061443217649757,191.04378285014135,62.26090560162801,
main,20,0.004,60,4,SGA,cert,-0.026750002159097497,0.0135325424736794,0.016061443217649757,191.04378285014135,0.005234402214409775,
main,20,0.004,60,4,ASGA,cert,-1.2995929512265214,0.0006725079013127147,0.016061443217649757,191.04378285014135,0.005234402214409775,
main,21,0.004,60,4,SGA,emp,-1.000792628480434,2.1183796943685662e-07,0.016161222622536553,183.46360677023682,61.876506707204,
main,21,0.004,60,4,ASGA,emp,-2.0092275065288043,3.5752260318933082e-09,0.016161222622536553,183.46360677023682,61.876506707204,
main,21,0.004,60,4,SGA,cert,-0.028689150421189722,0.018634960100072408,0.016161222622536553,183.46360677023682,0.0054506723028309575,
main,21,0.004,60,4,ASGA,cert,-1.4332150108855968,0.0006463981965323939,0.016161222622536553,183.46360677023682,0.0054506723028309575,
main,22,0.004,60,4,SGA,emp,-0.972338600410108,1.8437830442974423e-07,0.016163281333258523,147.79419069557628,61.86862552112738,
main,22,0.004,60,4,ASGA,emp,-1.9703181066171624,3.387654129438644e-09,0.016163281333258523,147.79419069557628,61.86862552112738,
main,22,0.004,60,4,SGA,cert,-0.036620850631538575,0.030233480196230518,0.016163281333258523,147.79419069557628,0.0067661658099930425,
main,22,0.004,60,4,ASGA,cert,-1.999641381504685,0.00022118875622868794,0.016163281333258523,147.79419069557628,0.0067661658099930425,
main,23,0.004,60,4,SGA,emp,-1.0061411311252582,2.2387713541349719e-07,0.01605301703947279,173.82092927811863,62.293586155244114,
main,23,0.004,60,4,ASGA,emp,-2.019902073513001,3.787900736129668e-09,0.01605301703947279,173.82092927811863,62.293586155244114,
main,23,0.004,60,4,SGA,cert,-0.03014887545814505,0.017748345761030494,0.01605301703947279,173.82092927811863,0.00575304713968,
main,23,0.004,60,4,ASGA,cert,-1.5168355446693957,0.000503936860710083,0.01605301703947279,173.82092927811863,0.00575304713968,
main,24,0.004,60,4,SGA,emp,-1.0405888148409201,2.6759784821361876e-07,0.016062801636662252,188.50868739897203,62.25564024382695,
main,24,0.004,60,4,ASGA,emp,-2.143829870983317,3.5689940933170128e-09,0.016062801636662252,188.50868739897203,62.25564024382695,
main,24,0.004,60,4,SGA,cert,-0.026366119152423796,0.01045478300157517,0.016062801636662252,188.50868739897203,0.005304795305712012,
main,24,0.004,60,4,ASGA,cert,-1.2705977156411026,0.0005633939785385372,0.016062801636662252,188.50868739897203,0.005304795305712012,
main,25,0.004,60,4,SGA,emp,-1.0189052880518732,2.0117094592236873e-07,0.01605226323565369,199.0485791928619,62.29651142144862,
main,25,0.004,60,4,ASGA,emp,-2.069769984735152,3.063967288219338e-09,0.01605226323565369,199.0485791928619,62.29651142144862,
main,25,0.004,60,4,SGA,cert,-0.026418974761644124,0.018192518606138804,0.01605226323565369,199.0485791928619,0.005023899211212561,
main,25,0.004,60,4,ASGA,cert,-1.3005460291925177,0.0008758138330570292,0.01605226323565369,199.0485791928619,0.005023899211212561,
main,26,0.004,60,4,SGA,emp,-1.0002878288601913,2.1284697870188607e-07,0.01615620197276952,177.3401526709601,61.89573525296667,
main,26,0.004,60,4,ASGA,emp,-2.018425615137221,3.588848107582976e-09,0.01615620197276952,177.3401526709601,61.89573525296667,
main,26,0.004,60,4,SGA,cert,-0.03016943257639972,0.025085367390286523,0.01615620197276952,177.3401526709601,0.0056388809016952686,
main,26,0.004,60,4,ASGA,cert,-1.5390228800834376,0.0006499669055542584,0.01615620197276952,177.3401526709601,0.0056388809016952686,
main,27,0.004,60,4,SGA,emp,-1.0284406239707098,2.051552254050959e-07,0.016183586953560366,200.26280155453952,61.790998674740734,
main,27,0.004,60,4,ASGA,emp,-2.0478913934547442,3.263321682323017e-09,0.016183586953560366,200.26280155453952,61.790998674740734,
main,27,0.004,60,4,SGA,cert,-0.02585201237286089,0.014746644146467619,0.016183586953560366,200.26280155453952,0.004993438582889595,
main,27,0.004,60,4,ASGA,cert,-1.2599327945715946,0.0007935049145966558,0.016183586953560366,200.26280155453952,0.004993438582889595,
main,28,0.004,60,4,SGA,emp,-0.9652136544717486,2.0273843240325995e-07,0.016105162524737624,194.29362957168695,62.091891246921236,
main,28,0.004,60,4,ASGA,emp,-1.9555216821006054,3.776642096275928e-09,0.016105162524737624,194.29362957168695,62.091891246921236,
main,28,0.004,60,4,SGA,cert,-0.027905888825324878,0.034743271232423475,0.016105162524737624,194.29362957168695,0.005146849138617991,
main,28,0.004,60,4,ASGA,cert,-1.4091978282927458,0.0012322961553194595,0.016105162524737624,194.29362957168695,0.005146849138617991,
main,29,0.004,60,4,SGA,emp,-1.0170465755813949,3.2327231440365534e-07,0.01612173998075773,198.17953655993122,62.02804419334143,
main,29,0.004,60,4,ASGA,emp,-2.076886460858162,4.96214042772225e-09,0.01612173998075773,198.17953655993122,62.02804419334143,
main,29,0.004,60,4,SGA,cert,-0.025191810242095915,0.011259059041412174,0.01612173998075773,198.17953655993122,0.005045929652265542,
main,29,0.004,60,4,ASGA,cert,-1.2041970697582434,0.0007120265583701046,0.01612173998075773,198.17953655993122,0.005045929652265542,
main,30,0.004,60,4,SGA,emp,-1.0168403568985396,2.68724131079201e-07,0.016071625813023637,184.86918587873785,62.22145859006065,
main,30,0.004,60,4,ASGA,emp,-2.0782370256275398,4.033225954602759e-09,0.016071625813023637,184.86918587873785,62.22145859006065,
main,30,0.004,60,4,SGA,cert,-0.02779069358519149,0.013916592528390365,0.016071625813023637,184.86918587873785,0.005409230290308818,
main,30,0.004,60,4,ASGA,cert,-1.3628591596407507,0.0005903562721623137,0.016071625813023637,184.86918587873785,0.005409230290308818,
main,31,0.004,60,4,SGA,emp,-0.9907849795978433,2.814421984076443e-07,0.016060534176992023,194.57038026582038,62.264429624799064,
main,31,0.004,60,4,ASGA,emp,-2.0135096957695695,4.907876181847737e-09,0.016060534176992023,194.57038026582038,62.264429624799064,
main,31,0.004,60,4,SGA,cert,-0.027267512566640065,0.021947341145063262,0.016060534176992023,194.57038026582038,0.00513952842479831,
main,31,0.004,60,4,ASGA,cert,-1.3508123328545003,0.0009317691485659849,0.016060534176992023,194.57038026582038,0.00513952842479831,
main,32,0.004,60,4,SGA,emp,-1.0677930468737202,1.7671845523731244e-07,0.01619344708248596,131.37883566141693,61.75337436842284,
main,32,0.004,60,4,ASGA,emp,-2.1965419863797746,2.1070501454723e-09,0.01619344708248596,131.37883566141693,61.75337436842284,
main,32,0.004,60,4,SGA,cert,-0.03930612704874566,0.013480357980888608,0.01619344708248596,131.37883566141693,0.007611576057631922,
main,32,0.004,60,4,ASGA,cert,-2.083679824957236,0.00010335368702208553,0.01619344708248596,131.37883566141693,0.007611576057631922,
main,33,0.004,60,4,SGA,emp,-1.0165435402813163,2.999872784417712e-07,0.016136267299402502,156.4135171650636,61.97220097097848,
main,33,0.004,60,4,ASGA,emp,-2.089306839693684,4.459423989799927e-09,0.016136267299402502,156.4135171650636,61.97220097097848,
main,33,0.004,60,4,SGA,cert,-0.03282857422485674,0.014186592022852874,0.016136267299402502,156.4135171650636,0.006393309338761926,
main,33,0.004,60,4,ASGA,cert,-1.6552846734926823,0.0003012637425801948,0.016136267299402502,156.4135171650636,0.006393309338761926,
main,34,0.004,60,4,SGA,emp,-0.9941076867754628,1.8604216463213863e-07,0.016185783616086167,147.1376115626404,61.78261267536992,
main,34,0.004,60,4,ASGA,emp,-2.0033591066638126,3.219892144579184e-09,0.016185783616086167,147.1376115626404,61.78261267536992,
main,34,0.004,60,4,SGA,cert,-0.03629030161262266,0.022973459696398933,0.016185783616086167,147.1376115626404,0.006796358792152022,
main,34,0.004,60,4,ASGA,cert,-1.9473166414172984,0.00020715475838116448,0.016185783616086167,147.1376115626404,0.006796358792152022,
main,35,0.004,60,4,SGA,emp,-1.0026504339953997,3.3455078114752457e-07,0.01604952586799035,201.43178682273765,62.30713656123821,
main,35,0.004,60,4,ASGA,emp,-2.039477800777797,5.4904738117089735e-09,0.01604952586799035,201.43178682273765,62.30713656123821,
main,35,0.004,60,4,SGA,cert,-0.02573002217201085,0.01625995844700391,0.01604952586799035,201.43178682273765,0.004964459759670463,
main,35,0.004,60,4,ASGA,cert,-1.246848712666498,0.0009116252980880743,0.01604952586799035,201.43178682273765,0.004964459759670463,
main,36,0.004,60,4,SGA,emp,-0.9848297891988321,2.038199847717581e-07,0.01613172566527209,143.08721010026946,61.98964827134216,
main,36,0.004,60,4,ASGA,emp,-1.9990500689353696,3.580094047606064e-09,0.01613172566527209,143.08721010026946,61.98964827134216,
main,36,0.004,60,4,SGA,cert,-0.03730584832991424,0.022957218089115328,0.01613172566527209,143.08721010026946,0.006988744831206383,
main,36,0.004,60,4,ASGA,cert,-2.013075820342145,0.00017709970676110104,0.01613172566527209,143.08721010026946,0.006988744831206383,
main,37,0.004,60,4,SGA,emp,-0.9962174579632984,2.5120718076532267e-07,0.016069025129176972,192.0452509500444,62.231528792886905,
main,37,0.004,60,4,ASGA,emp,-2.0158971811435076,4.283930585269324e-09,0.016069025129176972,192.0452509500444,62.231528792886905,
main,37,0.004,60,4,SGA,cert,-0.02783597498043785,0.024518352882946647,0.016069025129176972,192.0452509500444,0.005207106111986722,
main,37,0.004,60,4,ASGA,cert,-1.3911057719392927,0.0009317718911122166,0.016069025129176972,192.0452509500444,0.005207106111986722,
main,38,0.004,60,4,SGA,emp,-1.0442503134211059,2.5192382660521595e-07,0.0161947657974778,195.62718844142222,61.748345885665216,
main,38,0.004,60,4,ASGA,emp,-2.1456181017308027,3.282513386104746e-09,0.0161947657974778,195.62718844142222,61.748345885665216,
main,38,0.004,60,4,SGA,cert,-0.025751384673693794,0.011427606176393743,0.0161947657974778,195.62718844142222,0.005111763901363004,
main,38,0.004,60,4,ASGA,cert,-1.2403065704157261,0.0006577229518128849,0.0161947657974778,195.62718844142222,0.005111763901363004,
main,39,0.004,60,4,SGA,emp,-1.0205048537518697,2.813501966333898e-07,0.016050871769857616,178.56586978902547,62.301911967045186,
main,39,0.004,60,4,ASGA,emp,-2.0906381550533406,4.122017456531513e-09,0.016050871769857616,178.56586978902547,62.301911967045186,
main,39,0.004,60,4,SGA,cert,-0.02846503050165411,0.012907976146469213,0.016050871769857616,178.56586978902547,0.005600174328842875,
main,39,0.004,60,4,ASGA,cert,-1.3944321531256147,0.0005129472213754802,0.016050871769857616,178.56586978902547,0.005600174328842875,
main,40,0.004,60,4,SGA,emp,-1.0161060803946549,1.7874129240591508e-07,0.016077542711808022,158.6188282351428,62.198559688201485,
main,40,0.004,60,4,ASGA,emp,-2.0270191261623487,2.969428841703703e-09,0.016077542711808022,158.6188282351428,62.198559688201485,
main,40,0.004,60,4,SGA,cert,-0.03308454119469687,0.016873095506686815,0.016077542711808022,158.6188282351428,0.006304421808724754,
main,40,0.004,60,4,ASGA,cert,-1.7064258604374813,0.00029529176617354436,0.016077542711808022,158.6188282351428,0.006304421808724754,
main,41,0.004,60,4,SGA,emp,-0.9673024263604003,2.1093693221285736e-07,0.016182036139672493,156.87534015880462,61.79692044738191,
main,41,0.004,60,4,ASGA,emp,-1.9586993417237315,3.920695740289304e-09,0.016182036139672493,156.87534015880462,61.79692044738191,
main,41,0.004,60,4,SGA,cert,-0.034231694654086084,0.026593757877814414,0.016182036139672493,156.87534015880462,0.006374488169955213,
main,41,0.004,60,4,ASGA,cert,-1.8102401213025807,0.00033733472875620285,0.016182036139672493,156.87534015880462,0.006374488169955213,
main,42,0.004,60,4,SGA,emp,-1.0597030509286909,1.8639683637550197e-07,0.016199936498360885,187.62483746918062,61.72863702898961,
main,42,0.004,60,4,ASGA,emp,-2.152779065959322,2.4797041295321343e-09,0.016199936498360885,187.62483746918062,61.72863702898961,
main,42,0.004,60,4,SGA,cert,-0.02741050969585052,0.013367837809859763,0.016199936498360885,187.62483746918062,0.005329784763513843,
main,42,0.004,60,4,ASGA,cert,-1.3474956667297147,0.0005824846686036875,0.016199936498360885,187.62483746918062,0.005329784763513843,
main,43,0.004,60,4,SGA,emp,-0.9863865201246874,2.379046937714402e-07,0.016086516557131045,170.59590712553273,62.163862291038186,
main,43,0.004,60,4,ASGA,emp,-1.982833096868176,4.306412747234756e-09,0.016086516557131045,170.59590712553273,62.163862291038186,
main,43,0.004,60,4,SGA,cert,-0.031202137089192873,0.023531818227638154,0.016086516557131045,170.59590712553273,0.005861805343689468,
main,43,0.004,60,4,ASGA,cert,-1.5964461661203302,0.0005342326893446603,0.016086516557131045,170.59590712553273,0.005861805343689468,
main,44,0.004,60,4,SGA,emp,-0.9922540961514171,2.794802224093118e-07,0.016026038494265687,178.81736298033687,62.3984523909519,
main,44,0.004,60,4,ASGA,emp,-2.0113762739491037,4.79305788808615e-09,0.016026038494265687,178.81736298033687,62.3984523909519,
main,44,0.004,60,4,SGA,cert,-0.029221949540228394,0.017552851235796793,0.016026038494265687,178.81736298033687,0.005592298104239252,
main,44,0.004,60,4,ASGA,cert,-1.4554201336890789,0.0005859650221656867,0.016026038494265687,178.81736298033687,0.005592298104239252,
main,45,0.004,60,4,SGA,emp,-0.9955725431318873,2.151965467558914e-07,0.0161576332053509,142.56916378915713,61.890252569221055,
main,45,0.004,60,4,ASGA,emp,-2.0254316051520287,3.5923037114415912e-09,0.0161576332053509,142.56916378915713,61.890252569221055,
main,45,0.004,60,4,SGA,cert,-0.03697924275068839,0.018600471954648104,0.0161576332053509,142.56916378915713,0.0070141394774460575,
main,45,0.004,60,4,ASGA,cert,-1.9622118298646116,0.0001736944940794738,0.0161576332053509,142.56916378915713,0.0070141394774460575,
main,46,0.004,60,4,SGA,emp,-0.9852782452992362,2.305545946726384e-07,0.016094316882733235,189.23708413985807,62.133733745036956,
main,46,0.004,60,4,ASGA,emp,-1.981088518743904,4.183209993680048e-09,0.016094316882733235,189.23708413985807,62.133733745036956,
main,46,0.004,60,4,SGA,cert,-0.028072051454428305,0.022328873404917633,0.016094316882733235,189.23708413985807,0.00528437649811248,
main,46,0.004,60,4,ASGA,cert,-1.4011928212008602,0.0008321905975140764,0.016094316882733235,189.23708413985807,0.00528437649811248,
main,47,0.004,60,4,SGA,emp,-0.9864612343414322,2.2564657030377244e-07,0.01611038804603395,174.1613948786453,62.071751291315394,
main,47,0.004,60,4,ASGA,emp,-2.0065620016229544,3.894044954544373e-09,0.01611038804603395,174.1613948786453,62.071751291315394,
main,47,0.004,60,4,SGA,cert,-0.03079535651839199,0.025264667314475416,0.01611038804603395,174.1613948786453,0.005741800590749716,
main,47,0.004,60,4,ASGA,cert,-1.5799372214595084,0.0005878036527179678,0.01611038804603395,174.1613948786453,0.005741800590749716,
main,48,0.004,60,4,SGA,emp,-1.0509047090957917,2.3752850777936096e-07,0.016161778268946905,141.21140929213138,61.87437937577643,
main,48,0.004,60,4,ASGA,emp,-2.1738692653798948,3.014210235574577e-09,0.016161778268946905,141.21140929213138,61.87437937577643,
main,48,0.004,60,4,SGA,cert,-0.035494310254743026,0.010810532595421696,0.016161778268946905,141.21140929213138,0.007081580766121015,
main,48,0.004,60,4,ASGA,cert,-1.7993051791278114,0.00016923337892432028,0.016161778268946905,141.21140929213138,0.007081580766121015,
main,49,0.004,60,4,SGA,emp,-1.0568575935385782,2.170116774127817e-07,0.016027268557674303,198.56215344968095,62.39366342440004,
main,49,0.004,60,4,ASGA,emp,-2.1787645146677845,2.6810387937503677e-09,0.016027268557674303,198.56215344968095,62.39366342440004,
main,49,0.004,60,4,SGA,cert,-0.025391884846339943,0.011405644904011386,0.016027268557674303,198.56215344968095,0.005036206460429113,
main,49,0.004,60,4,ASGA,cert,-1.2249041059746129,0.0006772158767617761,0.016027268557674303,198.56215344968095,0.005036206460429113,
main,0,0.004,60,8,SGA,emp,-1.0153016743738097,2.6177344686351134e-07,0.01616171105981963,199.224923227908,61.87463668287857,
main,0,0.004,60,8,ASGA,emp,-2.0652245566626215,3.96909428240777e-09,0.01616171105981963,199.224923227908,61.87463668287857,
main,0,0.004,60,8,SGA,cert,-0.02615414534456202,0.01711048748726819,0.01616171105981963,199.224923227908,0.005019452304449011,
main,0,0.004,60,8,ASGA,cert,-1.2781818718467655,0.0008806015460160674,0.01616171105981963,199.224923227908,0.005019452304449011,
main,1,0.004,60,8,SGA,emp,-1.0146693065076933,2.728897373557859e-07,0.01613440875036025,197.64327049506772,61.97933965058819,
main,1,0.004,60,8,ASGA,emp,-2.0656080882899213,4.22229458341139e-09,0.01613440875036025,197.64327049506772,61.97933965058819,
main,1,0.004,60,8,SGA,cert,-0.02620151034324786,0.015833738013847545,0.01613440875036025,197.64327049506772,0.005059620787973934,
main,1,0.004,60,8,ASGA,cert,-1.2767631051849306,0.0008219284027987106,0.01613440875036025,197.64327049506772,0.005059620787973934,
main,2,0.004,60,8,SGA,emp,-1.0030010372179978,2.2742448511914315e-07,0.016161159485011102,179.4181505833897,61.87674844292356,
main,2,0.004,60,8,ASGA,emp,-2.0013706504338105,3.955586504178488e-09,0.016161159485011102,179.4181505833897,61.87674844292356,
main,2,0.004,60,8,SGA,cert,-0.029423837514911032,0.01989835761731857,0.016161159485011102,179.4181505833897,0.005573572109334733,
main,2,0.004,60,8,ASGA,cert,-1.4791548294758088,0.000614471521256342,0.016161159485011102,179.4181505833897,0.005573572109334733,
main,3,0.004,60,8,SGA,emp,-1.011320829159479,2.455279923957443e-07,0.01613635910844555,184.04094110605996,61.97184837542526,
main,3,0.004,60,8,ASGA,emp,-2.0626270005024003,3.792102992727919e-09,0.01613635910844555,184.04094110605996,61.97184837542526,
main,3,0.004,60,8,SGA,cert,-0.028550291807489116,0.01824655788089445,0.01613635910844555,184.04094110605996,0.0054335736059060655,
main,3,0.004,60,8,ASGA,cert,-1.4221570297152009,0.0006538421286089932,0.01613635910844555,184.04094110605996,0.0054335736059060655,
main,4,0.004,60,8,SGA,emp,-1.0294014729516052,2.392899398559467e-07,0.01616411008107388,155.95592838252787,61.86545346352677,
main,4,0.004,60,8,ASGA,emp,-2.1085285901212076,3.4264687545637607e-09,0.01616411008107388,155.95592838252787,61.86545346352677,
main,4,0.004,60,8,SGA,cert,-0.03331289330337286,0.015629921579514428,0.01616411008107388,155.95592838252787,0.006412067885917138,
main,4,0.004,60,8,ASGA,cert,-1.703811773364595,0.00028528794422853776,0.01616411008107388,155.95592838252787,0.006412067885917138,
main,5,0.004,60,8,SGA,emp,-1.0217627294976728,2.1476812799015033e-07,0.0161698060821967,194.42245357333812,61.84366064235126,
main,5,0.004,60,8,ASGA,emp,-2.0758209942833536,3.219027121248441e-09,0.0161698060821967,194.42245357333812,61.84366064235126,
main,5,0.004,60,8,SGA,cert,-0.026962777001410466,0.017143827299638384,0.0161698060821967,194.42245357333812,0.005143438844746344,
main,5,0.004,60,8,ASGA,cert,-1.3289121462729112,0.0007728074866982515,0.0161698060821967,194.42245357333812,0.005143438844746344,
main,6,0.004,60,8,SGA,emp,-1.046388670914026,2.1042358974709963e-07,0.01618023856066122,199.22474880500934,61.80378591149364,
main,6,0.004,60,8,ASGA,emp,-2.1153028260900912,2.9315344041158653e-09,0.01618023856066122,199.22474880500934,61.80378591149364,
main,6,0.004,60,8,SGA,cert,-0.025777497966135737,0.013568008114675054,0.01618023856066122,199.22474880500934,0.005019456699020598,
main,6,0.004,60,8,ASGA,cert,-1.252904779236878,0.0007461940159039851,0.01618023856066122,199.22474880500934,0.005019456699020598,
main,7,0.004,60,8,SGA,emp,-1.0139527353861206,2.189760843554489e-07,0.016139572439191216,167.47202309958865,61.9595100036065,
main,7,0.004,60,8,ASGA,emp,-2.0438382316894064,3.5219389002416612e-09,0.016139572439191216,167.47202309958865,61.9595100036065,
main,7,0.004,60,8,SGA,cert,-0.03154453699443968,0.02018204129506765,0.016139572439191216,167.47202309958865,0.005971146592080884,
main,7,0.004,60,8,ASGA,cert,-1.6129139717941656,0.0004439644785271535,0.016139572439191216,167.47202309958865,0.005971146592080884,
main,8,0.004,60,8,SGA,emp,-1.0047848331768254,2.7022952713007253e-07,0.016087627697741542,185.04297001188914,62.15956875608109,
main,8,0.004,60,8,ASGA,emp,-2.0218286213314935,4.599201387789353e-09,0.016087627697741542,185.04297001188914,62.15956875608109,
main,8,0.004,60,8,SGA,cert,-0.028114509297062162,0.01672206359461101,0.016087627697741542,185.04297001188914,0.005404150181634835,
main,8,0.004,60,8,ASGA,cert,-1.3874212181380317,0.0006622266728527337,0.016087627697741542,185.04297001188914,0.005404150181634835,
main,9,0.004,60,8,SGA,emp,-1.0001350193866108,2.427086999018391e-07,0.01609706434733053,199.15296543487023,62.12312869121604,
main,9,0.004,60,8,ASGA,emp,-2.0154285361864828,4.060589614551802e-09,0.01609706434733053,199.15296543487023,62.12312869121604,
main,9,0.004,60,8,SGA,cert,-0.02664912360660294,0.021558609755742593,0.01609706434733053,199.15296543487023,0.005021265929012912,
main,9,0.004,60,8,ASGA,cert,-1.3160655891397073,0.0009950969930869885,0.01609706434733053,199.15296543487023,0.005021265929012912,
main,10,0.004,60,8,SGA,emp,-0.9824532121158683,2.0192771946897503e-07,0.016199019180494555,159.0686091909422,61.73213259751632,
main,10,0.004,60,8,ASGA,emp,-2.000962643333773,3.5278669985316924e-09,0.016199019180494555,159.0686091909422,61.73213259751632,
main,10,0.004,60,8,SGA,cert,-0.03365673969536027,0.023830176085340507,0.016199019180494555,159.0686091909422,0.006286595482831082,
main,10,0.004,60,8,ASGA,cert,-1.7678726795772952,0.0003399490960425272,0.016199019180494555,159.0686091909422,0.006286595482831082,
main,11,0.004,60,8,SGA,emp,-1.0046477800630724,2.520173965833705e-07,0.01613689601029496,181.5376139753786,61.96978646711384,
main,11,0.004,60,8,ASGA,emp,-2.0566769102738856,3.9446058433534326e-09,0.01613689601029496,181.5376139753786,61.96978646711384,
main,11,0.004,60,8,SGA,cert,-0.029113701200284194,0.020541695789825287,0.01613689601029496,181.5376139753786,0.005508500294245505,
main,11,0.004,60,8,ASGA,cert,-1.4614209944447152,0.0006620641591904633,0.01613689601029496,181.5376139753786,0.005508500294245505,
main,12,0.004,60,8,SGA,emp,-0.9917946372026647,2.401041591243436e-07,0.0160629403829594,200.39026975958288,62.25510250046524,
main,12,0.004,60,8,ASGA,emp,-2.0032781399500483,4.159671378178853e-09,0.0160629403829594,200.39026975958288,62.25510250046524,
main,12,0.004,60,8,SGA,cert,-0.026479122121899908,0.02174529792726082,0.0160629403829594,200.39026975958288,0.004990262257742077,
main,12,0.004,60,8,ASGA,cert,-1.3062200907954307,0.0010283997305376644,0.0160629403829594,200.39026975958288,0.004990262257742077,
main,13,0.004,60,8,SGA,emp,-0.9829976543490768,2.2632403970379578e-07,0.016128837915590978,189.59826689710587,62.000747061469795,
main,13,0.004,60,8,ASGA,emp,-1.9719214650011836,4.1457683952472735e-09,0.016128837915590978,189.59826689710587,62.000747061469795,
main,13,0.004,60,8,SGA,cert,-0.028165854017071834,0.024693022194498822,0.016128837915590978,189.59826689710587,0.005274309814987367,
main,13,0.004,60,8,ASGA,cert,-1.411857472047957,0.0008891543093982254,0.016128837915590978,189.59826689710587,0.005274309814987367,
main,14,0.004,60,8,SGA,emp,-1.0334609475341476,2.2570964769430546e-07,0.0161225306812235,190.94011877916915,62.025002139683465,
main,14,0.004,60,8,ASGA,emp,-2.095638995176832,3.283841636114726e-09,0.0161225306812235,190.94011877916915,62.025002139683465,
main,14,0.004,60,8,SGA,cert,-0.026879444924648464,0.013686280537300262,0.0161225306812235,190.94011877916915,0.005237244044854424,
main,14,0.004,60,8,ASGA,cert,-1.31377156321656,0.0006507981808640401,0.0161225306812235,190.94011877916915,0.005237244044854424,
main,15,0.004,60,8,SGA,emp,-1.0004420106930527,2.11126033149156e-07,0.01616889710703212,196.79986351951553,61.84713733907574,
main,15,0.004,60,8,ASGA,emp,-2.0269462065175228,3.4874358192937827e-09,0.01616889710703212,196.79986351951553,61.84713733907574,
main,15,0.004,60,8,SGA,cert,-0.02717386681765446,0.023999061675851138,0.01616889710703212,196.79986351951553,0.005081304336884541,
main,15,0.004,60,8,ASGA,cert,-1.354022099747356,0.0009966275092232468,0.01616889710703212,196.79986351951553,0.005081304336884541,
main,16,0.004,60,8,SGA,emp,-1.0031648111377771,3.0520985462578754e-07,0.01612678335774371,194.46257224166033,62.008645978357684,
main,16,0.004,60,8,ASGA,emp,-2.0421353142679513,5.010790893322792e-09,0.01612678335774371,194.46257224166033,62.008645978357684,
main,16,0.004,60,8,SGA,cert,-0.02692585173360141,0.018303572198994304,0.01612678335774371,194.46257224166033,0.005142377725813949,
main,16,0.004,60,8,ASGA,cert,-1.32237840330831,0.0008450926957786625,0.01612678335774371,194.46257224166033,0.005142377725813949,
main,17,0.004,60,8,SGA,emp,-1.026612498495639,2.6280147695512124e-07,0.01613073762715731,196.90475609899144,61.99344525425946,
main,17,0.004,60,8,ASGA,emp,-2.0929428919908357,3.81072208510691e-09,0.01613073762715731,196.90475609899144,61.99344525425946,
main,17,0.004,60,8,SGA,cert,-0.02600510275436248,0.01340928087574339,0.01613073762715731,196.90475609899144,0.0050785974895256585,
main,17,0.004,60,8,ASGA,cert,-1.260318047345222,0.0007294769446527516,0.01613073762715731,196.90475609899144,0.0050785974895256585,
main,18,0.004,60,8,SGA,emp,-1.017545951667371,2.5232460172663895e-07,0.016159953767080383,196.92810510460671,61.88136515817953,
main,18,0.004,60,8,ASGA,emp,-2.0617658889332215,3.8771646934665505e-09,0.016159953767080383,196.92810510460671,61.88136515817953,
main,18,0.004,60,8,SGA,cert,-0.026597946429896484,0.01778536887189301,0.016159953767080383,196.92810510460671,0.005077995339816059,
main,18,0.004,60,8,ASGA,cert,-1.3057700016367662,0.000851801090167352,0.016159953767080383,196.92810510460671,0.005077995339816059,
main,19,0.004,60,8,SGA,emp,-0.9947367311208116,2.2229392407369097e-07,0.016161731150007647,161.50510521509273,61.87455976827871,
main,19,0.004,60,8,ASGA,emp,-2.016891956043937,3.76686616621047e-09,0.016161731150007647,161.50510521509273,61.87455976827871,
main,19,0.004,60,8,SGA,cert,-0.033091197498686886,0.024183008059561917,0.016161731150007647,161.50510521509273,0.006191754735357737,
main,19,0.004,60,8,ASGA,cert,-1.726127364125691,0.00038847330883232806,0.016161731150007647,161.50510521509273,0.006191754735357737,
main,20,0.004,60,8,SGA,emp,-0.9974198572367503,2.5151871792250535e-07,0.016064263141011507,193.90824111969388,62.24997631214311,
main,20,0.004,60,8,ASGA,emp,-2.009760148595887,4.2272005271182245e-09,0.016064263141011507,193.90824111969388,62.24997631214311,
main,20,0.004,60,8,SGA,cert,-0.02708774187832366,0.018848568878574334,0.016064263141011507,193.90824111969388,0.005157078390405951,
main,20,0.004,60,8,ASGA,cert,-1.335256775151181,0.0008379986315670898,0.016064263141011507,193.90824111969388,0.005157078390405951,
main,21,0.004,60,8,SGA,emp,-1.0277712204073304,2.256745354131673e-07,0.01618707282412761,174.36465223965394,61.77769204259413,
main,21,0.004,60,8,ASGA,emp,-2.0875922745163913,3.2997349574959145e-09,0.01618707282412761,174.36465223965394,61.77769204259413,
main,21,0.004,60,8,SGA,cert,-0.03000220259036972,0.017265066037386173,0.01618707282412761,174.36465223965394,0.005735107357800702,
main,21,0.004,60,8,ASGA,cert,-1.5078754598387651,0.0005018442532361625,0.01618707282412761,174.36465223965394,0.005735107357800702,
main,22,0.004,60,8,SGA,emp,-0.9989761871849288,3.186304572341814e-07,0.016045587996673636,194.11429007786307,62.32242783544655,
main,22,0.004,60,8,ASGA,emp,-2.0304591222094723,5.193875864117903e-09,0.016045587996673636,194.11429007786307,62.32242783544655,
main,22,0.004,60,8,SGA,cert,-0.026900663573149405,0.01773911136928296,0.016045587996673636,194.11429007786307,0.005151604240980302,
main,22,0.004,60,8,ASGA,cert,-1.3180249278545368,0.0008314040078489654,0.016045587996673636,194.11429007786307,0.005151604240980302,
main,23,0.004,60,8,SGA,emp,-0.993681165890789,2.2810281413709887e-07,0.016049840773843357,192.00595449787167,62.305914064251255,
main,23,0.004,60,8,ASGA,emp,-1.9903821149982188,4.048288509972409e-09,0.016049840773843357,192.00595449787167,62.305914064251255,
main,23,0.004,60,8,SGA,cert,-0.02744741068771837,0.019444726881711373,0.016049840773843357,192.00595449787167,0.005208171812250149,
main,23,0.004,60,8,ASGA,cert,-1.3591897756307716,0.0008111433862764417,0.016049840773843357,192.00595449787167,0.005208171812250149,
main,24,0.004,60,8,SGA,emp,-1.0548480657013177,2.3785117861385707e-07,0.016137303036907608,195.6869335959831,61.96822342078482,
main,24,0.004,60,8,ASGA,emp,-2.189404930264795,2.931043671661193e-09,0.016137303036907608,195.6869335959831,61.96822342078482,
main,24,0.004,60,8,SGA,cert,-0.025726323854981352,0.011245100118631435,0.016137303036907608,195.6869335959831,0.005110203229330623,
main,24,0.004,60,8,ASGA,cert,-1.2412987377465434,0.000643805438870923,0.016137303036907608,195.6869335959831,0.005110203229330623,
main,25,0.004,60,8,SGA,emp,-0.9785293247040199,2.4055058389649275e-07,0.016110138054268624,182.15063555065737,62.07271450011162,
main,25,0.004,60,8,ASGA,emp,-1.9697412757776323,4.4111756331011165e-09,0.016110138054268624,182.15063555065737,62.07271450011162,
main,25,0.004,60,8,SGA,cert,-0.029412043313780858,0.028407419358859543,0.016110138054268624,182.15063555065737,0.005489961629707808,
main,25,0.004,60,8,ASGA,cert,-1.4921015215558566,0.0008305388712404882,0.016110138054268624,182.15063555065737,0.005489961629707808,
main,26,0.004,60,8,SGA,emp,-1.009569958958482,2.771051363925636e-07,0.01612747615233961,175.47055785506686,62.005982247565136,
main,26,0.004,60,8,ASGA,emp,-2.0592720705195573,4.3924427498009955e-09,0.01612747615233961,175.47055785506686,62.005982247565136,
main,26,0.004,60,8,SGA,cert,-0.029683021079027223,0.016768109647277096,0.01612747615233961,175.47055785506686,0.005698961764434398,
main,26,0.004,60,8,ASGA,cert,-1.481498336168993,0.0005265888415072958,0.01612747615233961,175.47055785506686,0.005698961764434398,
main,27,0.004,60,8,SGA,emp,-1.0032804080830129,2.406140104452281e-07,0.016118714704996276,176.08788624182796,62.039686060702635,
main,27,0.004,60,8,ASGA,emp,-2.0207165142397496,4.0917366231352226e-09,0.016118714704996276,176.08788624182796,62.039686060702635,
main,27,0.004,60,8,SGA,cert,-0.029868191334707868,0.0189501875997322,0.016118714704996276,176.08788624182796,0.005678982361266256,
main,27,0.004,60,8,ASGA,cert,-1.5028070835475928,0.0005550992230679633,0.016118714704996276,176.08788624182796,0.005678982361266256,
main,28,0.004,60,8,SGA,emp,-0.988661847238202,2.3732725133035482e-07,0.016183371973716363,188.97830826630187,61.79181950610254,
main,28,0.004,60,8,ASGA,emp,-1.983782169016669,4.238711541482143e-09,0.016183371973716363,188.97830826630187,61.79181950610254,
main,28,0.004,60,8,SGA,cert,-0.028236496206484097,0.023961090251211382,0.016183371973716363,188.97830826630187,0.005291612615088255,
main,28,0.004,60,8,ASGA,cert,-1.4148338524116748,0.0008581438436979227,0.016183371973716363,188.97830826630187,0.005291612615088255,
main,29,0.004,60,8,SGA,emp,-1.0051053800277818,2.386957042577187e-07,0.01618941731469927,198.32219655934458,61.76874562940844,
main,29,0.004,60,8,ASGA,emp,-2.0266285649242506,3.978490238643051e-09,0.01618941731469927,198.32219655934458,61.76874562940844,
main,29,0.004,60,8,SGA,cert,-0.02667653578526487,0.020702428245111794,0.01618941731469927,198.32219655934458,0.005042299940948702,
main,29,0.004,60,8,ASGA,cert,-1.3169021643935188,0.0009552987510777419,0.01618941731469927,198.32219655934458,0.005042299940948702,
main,30,0.004,60,8,SGA,emp,-1.017258760239209,2.382549492557784e-07,0.016120052955368825,167.64796184864758,62.034535666146645,
main,30,0.004,60,8,ASGA,emp,-2.0783064829577373,3.6227092228835467e-09,0.016120052955368825,167.64796184864758,62.034535666146645,
main,30,0.004,60,8,SGA,cert,-0.03120754472077965,0.01733744572524971,0.016120052955368825,167.64796184864758,0.00596488015107991,
main,30,0.004,60,8,ASGA,cert,-1.580622256694248,0.00042150739317416835,0.016120052955368825,167.64796184864758,0.00596488015107991,
main,31,0.004,60,8,SGA,emp,-0.9959673912018235,2.3653874668683184e-07,0.01613919149503101,186.4374109308301,61.96097247547273,
main,31,0.004,60,8,ASGA,emp,-1.9999613088881858,4.1024268704337175e-09,0.01613919149503101,186.4374109308301,61.96097247547273,
main,31,0.004,60,8,SGA,cert,-0.028536115089274644,0.02340910695021982,0.01613919149503101,186.4374109308301,0.005363730353298076,
main,31,0.004,60,8,ASGA,cert,-1.4311297394310973,0.0008072448039657121,0.01613919149503101,186.4374109308301,0.005363730353298076,
main,32,0.004,60,8,SGA,emp,-0.9892730503076784,2.0223496229043736e-07,0.016163173487752466,160.1484563280474,61.86903832701809,
main,32,0.004,60,8,ASGA,emp,-2.000730563057413,3.51318160674019e-09,0.016163173487752466,160.1484563280474,61.86903832701809,
main,32,0.004,60,8,SGA,cert,-0.03373680261203443,0.030990438748121685,0.016163173487752466,160.1484563280474,0.006244206300381718,
main,32,0.004,60,8,ASGA,cert,-1.7891910632285062,0.00040576266423122953,0.016163173487752466,160.1484563280474,0.006244206300381718,
main,33,0.004,60,8,SGA,emp,-1.0022498947780825,3.333254467857705e-07,0.0160484232606051,199.554030489932,62.3114173748615,
main,33,0.004,60,8,ASGA,emp,-2.0286503021085887,5.687527740438902e-09,0.0160484232606051,199.554030489932,62.3114173748615,
main,33,0.004,60,8,SGA,cert,-0.02560237415640836,0.01382605781638619,0.0160484232606051,199.554030489932,0.005011174154412545,
main,33,0.004,60,8,ASGA,cert,-1.2318234095649059,0.0008122216487208428,0.0160484232606051,199.554030489932,0.005011174154412545,
main,34,0.004,60,8,SGA,emp,-0.9886498298843654,2.186796943040581e-07,0.016143570616764413,175.48270357874753,61.94416487772181,
main,34,0.004,60,8,ASGA,emp,-1.9920400352455818,3.842933089803768e-09,0.016143570616764413,175.48270357874753,61.94416487772181,
main,34,0.004,60,8,SGA,cert,-0.030528826613649807,0.026119168263336552,0.016143570616764413,175.48270357874753,0.005698567320916913,
main,34,0.004,60,8,ASGA,cert,-1.563193426765706,0.0006349113345059942,0.016143570616764413,175.48270357874753,0.005698567320916913,
main,35,0.004,60,8,SGA,emp,-0.9927051285436189,2.428769042758794e-07,0.016129701425895225,199.81811768523514,61.99742782557417,
main,35,0.004,60,8,ASGA,emp,-2.014944368617968,4.068943154633686e-09,0.016129701425895225,199.81811768523514,61.99742782557417,
main,35,0.004,60,8,SGA,cert,-0.02683272005966988,0.026096907540265946,0.016129701425895225,199.81811768523514,0.005004551196780148,
main,35,0.004,60,8,ASGA,cert,-1.3337122916617206,0.0011403861259349848,0.016129701425895225,199.81811768523514,0.005004551196780148,
main,36,0.004,60,8,SGA,emp,-1.0332745152853235,2.3116475027229466e-07,0.016108274110568487,180.72928935587947,62.079897147013995,
main,36,0.004,60,8,ASGA,emp,-2.093484422613064,3.3573290952881862e-09,0.016108274110568487,180.72928935587947,62.079897147013995,
main,36,0.004,60,8,SGA,cert,-0.028437688521991977,0.013904802366020926,0.016108274110568487,180.72928935587947,0.005533137454166988,
main,36,0.004,60,8,ASGA,cert,-1.4029182711168315,0.0005330469665097426,0.016108274110568487,180.72928935587947,0.005533137454166988,
main,37,0.004,60,8,SGA,emp,-1.0084668452515413,3.0280612237088e-07,0.016083858859625943,185.70621938138518,62.174134250221634,
main,37,0.004,60,8,ASGA,emp,-2.044332991385299,4.874122855325069e-09,0.016083858859625943,185.70621938138518,62.174134250221634,
main,37,0.004,60,8,SGA,cert,-0.02800364281202418,0.016816991294946397,0.016083858859625943,185.70621938138518,0.0053848492706983515,
main,37,0.004,60,8,ASGA,cert,-1.380259176858598,0.0006793462738392958,0.016083858859625943,185.70621938138518,0.0053848492706983515,
main,38,0.004,60,8,SGA,emp,-1.0048343327117473,2.878994995250683e-07,0.016107254729296503,190.83623996786307,62.08382600302217,
main,38,0.004,60,8,ASGA,emp,-2.0479460451969933,4.564039042531665e-09,0.016107254729296503,190.83623996786307,62.08382600302217,
main,38,0.004,60,8,SGA,cert,-0.02748479337246456,0.018575715188708597,0.016107254729296503,190.83623996786307,0.005240094859175598,
main,38,0.004,60,8,ASGA,cert,-1.3565608978721686,0.0007865585364299973,0.016107254729296503,190.83623996786307,0.005240094859175598,
main,39,0.004,60,8,SGA,emp,-1.0296703258783155,2.389749545264608e-07,0.016119322460217408,172.4188769559417,62.037346946064666,
main,39,0.004,60,8,ASGA,emp,-2.1135475405272834,3.3595900020277902e-09,0.016119322460217408,172.4188769559417,62.037346946064666,
main,39,0.004,60,8,SGA,cert,-0.02997825905938882,0.014775579111696715,0.016119322460217408,172.4188769559417,0.005799828984244751,
main,39,0.004,60,8,ASGA,cert,-1.4962607503908238,0.0004492853554647694,0.016119322460217408,172.4188769559417,0.005799828984244751,
main,40,0.004,60,8,SGA,emp,-1.0006463824435972,2.474533982721461e-07,0.01606641735958656,195.45846413016918,62.24162970615952,
main,40,0.004,60,8,ASGA,emp,-2.010083845170245,4.203695051774314e-09,0.01606641735958656,195.45846413016918,62.24162970615952,
main,40,0.004,60,8,SGA,cert,-0.026797329717534,0.018103202197770486,0.01606641735958656,195.45846413016918,0.005116176495350089,
main,40,0.004,60,8,ASGA,cert,-1.3166263420000097,0.0008447990169912004,0.01606641735958656,195.45846413016918,0.005116176495350089,
main,41,0.004,60,8,SGA,emp,-1.014073265478836,2.544752335797984e-07,0.016128793277077103,159.06956489695696,62.00091865652718,
main,41,0.004,60,8,ASGA,emp,-2.0799915585944215,3.883083569966583e-09,0.016128793277077103,159.06956489695696,62.00091865652718,
main,41,0.004,60,8,SGA,cert,-0.03294874162557087,0.018215342784232667,0.016128793277077103,159.06956489695696,0.006286557712330363,
main,41,0.004,60,8,ASGA,cert,-1.690305964575789,0.00033749323960254735,0.016128793277077103,159.06956489695696,0.006286557712330363,
main,42,0.004,60,8,SGA,emp,-0.9925313504457717,2.325448390239071e-07,0.016080772145232958,183.01978349480336,62.18606861464943,
main,42,0.004,60,8,ASGA,emp,-1.9916046796566298,4.10826690028232e-09,0.016080772145232958,183.01978349480336,62.18606861464943,
main,42,0.004,60,8,SGA,cert,-0.028953536779989797,0.021200278533417584,0.016080772145232958,183.01978349480336,0.005463890192113542,
main,42,0.004,60,8,ASGA,cert,-1.4528628569425877,0.000696310984908681,0.016080772145232958,183.01978349480336,0.005463890192113542,
main,43,0.004,60,8,SGA,emp,-1.0064697177999908,2.803516058053068e-07,0.01614339283336166,200.67641907486953,61.944847054295614,
main,43,0.004,60,8,ASGA,emp,-2.039547304555665,4.498830107058094e-09,0.01614339283336166,200.67641907486953,61.944847054295614,
main,43,0.004,60,8,SGA,cert,-0.026090083206317623,0.018153167144225553,0.01614339283336166,200.67641907486953,0.004983146523194208,
main,43,0.004,60,8,ASGA,cert,-1.2756536126343403,0.0009375868484507166,0.01614339283336166,200.67641907486953,0.004983146523194208,
main,44,0.004,60,8,SGA,emp,-0.9958578844192912,1.9014344558587748e-07,0.01611384001774875,198.59904124248123,62.058454030730104,
main,44,0.004,60,8,ASGA,emp,-2.0121034668619737,3.2291507523485308e-09,0.01611384001774875,198.59904124248123,62.058454030730104,
main,44,0.004,60,8,SGA,cert,-0.026952085011165278,0.023868253922873263,0.01611384001774875,198.59904124248123,0.005035271035266687,
main,44,0.004,60,8,ASGA,cert,-1.341738542473116,0.001020208727882825,0.01611384001774875,198.59904124248123,0.005035271035266687,
main,45,0.004,60,8,SGA,emp,-1.0141309199212443,2.6343033502490565e-07,0.01617739266276025,151.17953966980514,61.81465832265803,
main,45,0.004,60,8,ASGA,emp,-2.0831735234188513,4.022838222261793e-09,0.01617739266276025,151.17953966980514,61.81465832265803,
main,45,0.004,60,8,SGA,cert,-0.034092723251561985,0.014164654683107555,0.01617739266276025,151.17953966980514,0.006614651706071628,
main,45,0.004,60,8,ASGA,cert,-1.7395152167165993,0.00024296174638583495,0.01617739266276025,151.17953966980514,0.006614651706071628,
main,46,0.004,60,8,SGA,emp,-0.9724200152480966,2.487877265311411e-07,0.01613122306740835,192.26055624264097,61.99157967261688,
main,46,0.004,60,8,ASGA,emp,-1.9709166644889997,4.668034583876768e-09,0.01613122306740835,192.26055624264097,61.99157967261688,
main,46,0.004,60,8,SGA,cert,-0.027758383871187255,0.024826018392065906,0.01613122306740835,192.26055624264097,0.005201274871679647,
main,46,0.004,60,8,ASGA,cert,-1.38455813196531,0.0009610616948415446,0.01613122306740835,192.26055624264097,0.005201274871679647,
main,47,0.004,60,8,SGA,emp,-1.006574231472669,2.387485577640125e-07,0.016138850791009195,176.75619325754397,61.962280521057345,
main,47,0.004,60,8,ASGA,emp,-2.0318946690605966,3.912797086336184e-09,0.016138850791009195,176.75619325754397,61.962280521057345,
main,47,0.004,60,8,SGA,cert,-0.029897859098796498,0.020393492397445118,0.016138850791009195,176.75619325754397,0.005657510390840689,
main,47,0.004,60,8,ASGA,cert,-1.5085972966112622,0.0005847395378646841,0.016138850791009195,176.75619325754397,0.005657510390840689,
main,48,0.004,60,8,SGA,emp,-1.0120676054053814,3.3795471426900647e-07,0.016109027703834454,187.09600910589148,62.07699299951968,
main,48,0.004,60,8,ASGA,emp,-2.0661931878060598,5.269363702320451e-09,0.016109027703834454,187.09600910589148,62.07699299951968,
main,48,0.004,60,8,SGA,cert,-0.026787047850161033,0.011550160815039193,0.016109027703834454,187.09600910589148,0.005344849442694558,
main,48,0.004,60,8,ASGA,cert,-1.2902977742181703,0.0005968904404390699,0.016109027703834454,187.09600910589148,0.005344849442694558,
main,49,0.004,60,8,SGA,emp,-1.021359417514269,2.3211797352262753e-07,0.016088499202419674,184.43627220938828,62.15620160826451,
main,49,0.004,60,8,ASGA,emp,-2.073720227210876,3.5073409801467115e-09,0.016088499202419674,184.43627220938828,62.15620160826451,
main,49,0.004,60,8,SGA,cert,-0.028677534380493648,0.020872036321088885,0.016088499202419674,184.43627220938828,0.005421926977924993,
main,49,0.004,60,8,ASGA,cert,-1.437299217891084,0.0007125938245125807,0.016088499202419674,184.43627220938828,0.005421926977924993,
main,0,0.004,120,2,SGA,emp,-1.005830384161492,3.687939232402404e-07,0.007963717379298052,199.1826194254311,125.56949881214183,
main,0,0.004,120,2,ASGA,emp,-2.034517946848091,6.074058582494768e-09,0.007963717379298052,199.1826194254311,125.56949881214183,
main,0,0.004,120,2,SGA,cert,-0.012435575225198676,0.010955801504756932,0.007963717379298052,199.1826194254311,0.005020518370953418,
main,0,0.004,120,2,ASGA,cert,-0.5560114999234418,0.0031377565526396825,0.007963717379298052,199.1826194254311,0.005020518370953418,
main,1,0.004,120,2,SGA,emp,-1.0089605507150505,3.5843613185870815e-07,0.008101085319962991,180.72541674422598,123.4402503496369,
main,1,0.004,120,2,ASGA,emp,-2.0638389809384066,5.60479360839361e-09,0.008101085319962991,180.72541674422598,123.4402503496369,
main,1,0.004,120,2,SGA,cert,-0.014246984647886872,0.015569047013229927,0.008101085319962991,180.72541674422598,0.005533256019075962,
main,1,0.004,120,2,ASGA,cert,-0.6465065143938632,0.0036090802319517154,0.008101085319962991,180.72541674422598,0.005533256019075962,
main,2,0.004,120,2,SGA,emp,-1.0044824307372728,2.7217460604050947e-07,0.008020050168695244,188.0748145112116,124.68749932554184,
main,2,0.004,120,2,ASGA,emp,-2.025992260379223,4.55482258160389e-09,0.008020050168695244,188.0748145112116,124.68749932554184,
main,2,0.004,120,2,SGA,cert,-0.013673994903018547,0.014581081464655195,0.008020050168695244,188.0748145112116,0.005317033025388881,
main,2,0.004,120,2,ASGA,cert,-0.6187851966015147,0.003602944728270753,0.008020050168695244,188.0748145112116,0.005317033025388881,
main,3,0.004,120,2,SGA,emp,-0.9805200796222746,1.9872696757627928e-07,0.008076942932599833,137.72623340117883,123.8092194466102,
main,3,0.004,120,2,ASGA,emp,-1.9647660441192443,3.682500387958143e-09,0.008076942932599833,137.72623340117883,123.8092194466102,
main,3,0.004,120,2,SGA,cert,-0.01951341429171968,0.027743429253177423,0.008076942932599833,137.72623340117883,0.0072607808643624806,
main,3,0.004,120,2,ASGA,cert,-0.9223851457129768,0.00332840157463183,0.008076942932599833,137.72623340117883,0.0072607808643624806,
main,4,0.004,120,2,SGA,emp,-0.9981989955512898,2.916409276645937e-07,0.008046047905994514,189.36558131577175,124.28461919235828,
main,4,0.004,120,2,ASGA,emp,-2.0327979157322758,4.8152355783259715e-09,0.008046047905994514,189.36558131577175,124.28461919235828,
main,4,0.004,120,2,SGA,cert,-0.014091925912532234,0.025148475557513116,0.008046047905994514,189.36558131577175,0.005280790696237853,
main,4,0.004,120,2,ASGA,cert,-0.6424032399606856,0.005863366703339118,0.008046047905994514,189.36558131577175,0.005280790696237853,
main,5,0.004,120,2,SGA,emp,-0.9880476640760483,2.508335007825324e-07,0.008039464316768517,164.46088489183384,124.38639697849328,
main,5,0.004,120,2,ASGA,emp,-1.9689999425051832,4.6036450554454156e-09,0.008039464316768517,164.46088489183384,124.38639697849328,
main,5,0.004,120,2,SGA,cert,-0.015952636649070047,0.019228746467206147,0.008039464316768517,164.46088489183384,0.006080473181557435,
main,5,0.004,120,2,ASGA,cert,-0.7331230629128458,0.0036347870903565074,0.008039464316768517,164.46088489183384,0.006080473181557435,
main,6,0.004,120,2,SGA,emp,-1.0246293949043226,3.12524493319144e-07,0.008041947276380088,155.90101510971323,124.34799254865655,
main,6,0.004,120,2,ASGA,emp,-2.095108954771764,4.607430319214512e-09,0.008041947276380088,155.90101510971323,124.34799254865655,
main,6,0.004,120,2,SGA,cert,-0.01582759525825303,0.010608623507922969,0.008041947276380088,155.90101510971323,0.0064143264192107,
main,6,0.004,120,2,ASGA,cert,-0.7212458604364136,0.0020757049043625686,0.008041947276380088,155.90101510971323,0.0064143264192107,
main,7,0.004,120,2,SGA,emp,-0.9666636943886414,2.536946976244847e-07,0.008023924636911574,170.96871167918778,124.62729216072276,
main,7,0.004,120,2,ASGA,emp,-1.9634741235079107,4.6904103656597584e-09,0.008023924636911574,170.96871167918778,124.62729216072276,
main,7,0.004,120,2,SGA,cert,-0.015548743395501555,0.024517679933529303,0.008023924636911574,170.96871167918778,0.005849023427610768,
main,7,0.004,120,2,ASGA,cert,-0.7146069742607811,0.004830566407693804,0.008023924636911574,170.96871167918778,0.005849023427610768,
main,8,0.004,120,2,SGA,emp,-1.011279944101642,2.720242181508681e-07,0.008045220987738215,161.0341943490536,124.29739363581285,
main,8,0.004,120,2,ASGA,emp,-2.038868673878706,4.4425347914267554e-09,0.008045220987738215,161.0341943490536,124.29739363581285,
main,8,0.004,120,2,SGA,cert,-0.01634075493369487,0.020597643745963276,0.008045220987738215,161.0341943490536,0.006209861228804769,
main,8,0.004,120,2,ASGA,cert,-0.7536679073644033,0.0037075887487497197,0.008045220987738215,161.0341943490536,0.006209861228804769,
main,9,0.004,120,2,SGA,emp,-0.9951752952831218,1.9662347779808576e-07,0.008074077475382352,136.28837850051968,123.85315883442702,
main,9,0.004,120,2,ASGA,emp,-1.992822116258391,3.469010821655072e-09,0.008074077475382352,136.28837850051968,123.85315883442702,
main,9,0.004,120,2,SGA,cert,-0.019428562596445955,0.02057807232996733,0.008074077475382352,136.28837850051968,0.007337382768819037,
main,9,0.004,120,2,ASGA,cert,-0.9147327721687076,0.0025243459392394543,0.008074077475382352,136.28837850051968,0.007337382768819037,
main,10,0.004,120,2,SGA,emp,-0.969437288404308,1.8686253736022174e-07,0.008073553767471528,180.49912176395088,123.86119282799793,
main,10,0.004,120,2,ASGA,emp,-1.9529750977203675,3.5297229999953217e-09,0.008073553767471528,180.49912176395088,123.86119282799793,
main,10,0.004,120,2,SGA,cert,-0.015070889795746757,0.04014523178839648,0.008073553767471528,180.49912176395088,0.005540193161204173,
main,10,0.004,120,2,ASGA,cert,-0.69393819681256,0.008273455371863567,0.008073553767471528,180.49912176395088,0.005540193161204173,
main,11,0.004,120,2,SGA,emp,-1.0106044874846654,4.4046453581692013e-07,0.008037240164260603,197.05679239763143,124.42081853503956,
main,11,0.004,120,2,ASGA,emp,-2.0677235320244645,6.894339543705996e-09,0.008037240164260603,197.05679239763143,124.42081853503956,
main,11,0.004,120,2,SGA,cert,-0.011766352976352862,0.007513619710687466,0.008037240164260603,197.05679239763143,0.005074679171586981,
main,11,0.004,120,2,ASGA,cert,-0.5224305261022667,0.0023289058683803043,0.008037240164260603,197.05679239763143,0.005074679171586981,
main,12,0.004,120,2,SGA,emp,-0.983646377886681,2.766036229506774e-07,0.008014720126406992,176.6694198450647,124.77042045488133,
main,12,0.004,120,2,ASGA,emp,-1.984935163401593,4.925751903583908e-09,0.008014720126406992,176.6694198450647,124.77042045488133,
main,12,0.004,120,2,SGA,cert,-0.014965897987334203,0.023067455603159044,0.008014720126406992,176.6694198450647,0.005660289148382207,
main,12,0.004,120,2,ASGA,cert,-0.6847497086717826,0.004877791792398764,0.008014720126406992,176.6694198450647,0.005660289148382207,
main,13,0.004,120,2,SGA,emp,-0.9695449795861368,2.4238688001859687e-07,0.008038952870463204,167.13348142899966,124.39431056676665,
main,13,0.004,120,2,ASGA,emp,-1.954893088444778,4.562176338096524e-09,0.008038952870463204,167.13348142899966,124.39431056676665,
main,13,0.004,120,2,SGA,cert,-0.015894536189147403,0.023360417512454303,0.008038952870463204,167.13348142899966,0.005983241606947631,
main,13,0.004,120,2,ASGA,cert,-0.7318567603742946,0.004420633660900022,0.008038952870463204,167.13348142899966,0.005983241606947631,
main,14,0.004,120,2,SGA,emp,-1.0041653644841306,1.9345218591620972e-07,0.008088196925523759,129.4011448002877,123.63695013956946,
main,14,0.004,120,2,ASGA,emp,-2.0279483637922153,3.199543394116766e-09,0.008088196925523759,129.4011448002877,123.63695013956946,
main,14,0.004,120,2,SGA,cert,-0.020439472565471233,0.01988948465276367,0.008088196925523759,129.4011448002877,0.00772790690177709,
main,14,0.004,120,2,ASGA,cert,-0.9683961843919526,0.002145728078730029,0.008088196925523759,129.4011448002877,0.00772790690177709,
main,15,0.004,120,2,SGA,emp,-1.0157764579484363,2.882158003855717e-07,0.008015229826014046,195.01282522211875,124.76248613039428,
main,15,0.004,120,2,ASGA,emp,-2.046442068364905,4.629651204068885e-09,0.008015229826014046,195.01282522211875,124.76248613039428,
main,15,0.004,120,2,SGA,cert,-0.013024642468474895,0.013457376213408982,0.008015229826014046,195.01282522211875,0.005127867866439063,
main,15,0.004,120,2,ASGA,cert,-0.5866497538935318,0.003584144977684514,0.008015229826014046,195.01282522211875,0.005127867866439063,
main,16,0.004,120,2,SGA,emp,-1.0128802924410798,4.1575147509409494e-07,0.008033524682838506,187.9481380176506,124.47836279587646,
main,16,0.004,120,2,ASGA,emp,-2.0720507433700748,6.430839923077247e-09,0.008033524682838506,187.9481380176506,124.47836279587646,
main,16,0.004,120,2,SGA,cert,-0.012405291104874813,0.007752830099798536,0.008033524682838506,187.9481380176506,0.0053206166900471655,
main,16,0.004,120,2,ASGA,cert,-0.5529128164959434,0.00224113242575847,0.008033524682838506,187.9481380176506,0.0053206166900471655,
main,17,0.004,120,2,SGA,emp,-0.9682009246319102,2.283990999246699e-07,0.008064372061405263,156.04602354747294,124.00221522340628,
main,17,0.004,120,2,ASGA,emp,-1.9561058607561768,4.298473507691192e-09,0.008064372061405263,156.04602354747294,124.00221522340628,
main,17,0.004,120,2,SGA,cert,-0.017041115005282225,0.023335510014174728,0.008064372061405263,156.04602354747294,0.006408365796618816,
main,17,0.004,120,2,ASGA,cert,-0.7905192619175758,0.003844762315349755,0.008064372061405263,156.04602354747294,0.006408365796618816,
main,18,0.004,120,2,SGA,emp,-1.017126218052569,3.4850054460994206e-07,0.008021935835670008,189.20465416195336,124.65818980419182,
main,18,0.004,120,2,ASGA,emp,-2.0757161348980637,5.3229454108350005e-09,0.008021935835670008,189.20465416195336,124.65818980419182,
main,18,0.004,120,2,SGA,cert,-0.012908326120719791,0.010026289970343931,0.008021935835670008,189.20465416195336,0.005285282248628148,
main,18,0.004,120,2,ASGA,cert,-0.5788949761517369,0.0027248849411179027,0.008021935835670008,189.20465416195336,0.005285282248628148,
main,19,0.004,120,2,SGA,emp,-0.9864911277176303,3.099939988177036e-07,0.008024920537479718,192.8489690904521,124.61182579062108,
main,19,0.004,120,2,ASGA,emp,-2.009777056648116,5.300605815383719e-09,0.008024920537479718,192.8489690904521,124.61182579062108,
main,19,0.004,120,2,SGA,cert,-0.013554419156843406,0.01945194490431136,0.008024920537479718,192.8489690904521,0.005185404955579354,
main,19,0.004,120,2,ASGA,cert,-0.6139170324149656,0.004856185996381594,0.008024920537479718,192.8489690904521,0.005185404955579354,
main,20,0.004,120,2,SGA,emp,-1.019438839903734,3.20998507802317e-07,0.008054527548694434,184.1023516601369,124.15377487436751,
main,20,0.004,120,2,ASGA,emp,-2.0767965114201483,4.887290273869471e-09,0.008054527548694434,184.1023516601369,124.15377487436751,
main,20,0.004,120,2,SGA,cert,-0.013497950582980521,0.011190604658379365,0.008054527548694434,184.1023516601369,0.005431761142552134,
main,20,0.004,120,2,ASGA,cert,-0.6079686932768446,0.002842257806806539,0.008054527548694434,184.1023516601369,0.005431761142552134,
main,21,0.004,120,2,SGA,emp,-1.0031715986622751,3.1937499629652866e-07,0.007980711540522737,188.42596507665786,125.30211058530502,
main,21,0.004,120,2,ASGA,emp,-2.0423331413638777,5.20050639357672e-09,0.007980711540522737,188.42596507665786,125.30211058530502,
main,21,0.004,120,2,SGA,cert,-0.013500712927199706,0.013349362548149071,0.007980711540522737,188.42596507665786,0.005307124204422502,
main,21,0.004,120,2,ASGA,cert,-0.6093778865068891,0.00337455711549247,0.007980711540522737,188.42596507665786,0.005307124204422502,
main,22,0.004,120,2,SGA,emp,-1.0024891810170482,3.1980695716637975e-07,0.008066596557923387,188.42293635761962,123.9680195754619,
main,22,0.004,120,2,ASGA,emp,-2.035408273445287,5.260234220427762e-09,0.008066596557923387,188.42293635761962,123.9680195754619,
main,22,0.004,120,2,SGA,cert,-0.013571216233633355,0.014100856661074745,0.008066596557923387,188.42293635761962,0.005307209511383677,
main,22,0.004,120,2,ASGA,cert,-0.6130939209744893,0.003532895590303238,0.008066596557923387,188.42293635761962,0.005307209511383677,
main,23,0.004,120,2,SGA,emp,-1.012250273517912,3.687772479679663e-07,0.007979825811794598,185.07801284191342,125.31601861809413,
main,23,0.004,120,2,ASGA,emp,-2.0563097475598644,5.85469286246143e-09,0.007979825811794598,185.07801284191342,125.31601861809413,
main,23,0.004,120,2,SGA,cert,-0.013180969279271154,0.009933014745183974,0.007979825811794598,185.07801284191342,0.0054031269551946285,
main,23,0.004,120,2,ASGA,cert,-0.5911742729505743,0.0026262048872333008,0.007979825811794598,185.07801284191342,0.0054031269551946285,
main,24,0.004,120,2,SGA,emp,-1.035469804816871,2.582386183364038e-07,0.008068527628235699,143.6723031408488,123.93834985462702,
main,24,0.004,120,2,ASGA,emp,-2.107147141030598,3.7078046188909752e-09,0.008068527628235699,143.6723031408488,123.93834985462702,
main,24,0.004,120,2,SGA,cert,-0.017517831678507147,0.011992930718908324,0.008068527628235699,143.6723031408488,0.006960283771741672,
main,24,0.004,120,2,ASGA,cert,-0.8079813688565035,0.0019125448302965975,0.008068527628235699,143.6723031408488,0.006960283771741672,
main,25,0.004,120,2,SGA,emp,-0.9708125804342618,2.3113341740543802e-07,0.008036879191206705,172.15820213777073,124.42640684385528,
main,25,0.004,120,2,ASGA,emp,-1.9546110463433113,4.317716600921173e-09,0.008036879191206705,172.15820213777073,124.42640684385528,
main,25,0.004,120,2,SGA,cert,-0.0156836884846488,0.038570721802348946,0.008036879191206705,172.15820213777073,0.005808610845039747,
main,25,0.004,120,2,ASGA,cert,-0.724521533170092,0.007402821941519477,0.008036879191206705,172.15820213777073,0.005808610845039747,
main,26,0.004,120,2,SGA,emp,-1.0040534596978474,3.288264855128009e-07,0.007941988623398451,191.63895705718556,125.91304866061249,
main,26,0.004,120,2,ASGA,emp,-2.047871160138277,5.310354343757151e-09,0.007941988623398451,191.63895705718556,125.91304866061249,
main,26,0.004,120,2,SGA,cert,-0.013178647982574494,0.012490032984213646,0.007941988623398451,191.63895705718556,0.005218145701458798,
main,26,0.004,120,2,ASGA,cert,-0.5934012482874921,0.0032772511274392277,0.007941988623398451,191.63895705718556,0.005218145701458798,
main,27,0.004,120,2,SGA,emp,-1.0123458788617397,3.349161091376063e-07,0.008003462764360656,184.24100353223758,124.94591771614039,
main,27,0.004,120,2,ASGA,emp,-2.0462970683998076,5.391639842922125e-09,0.008003462764360656,184.24100353223758,124.94591771614039,
main,27,0.004,120,2,SGA,cert,-0.013545386637293391,0.011630207469867933,0.008003462764360656,184.24100353223758,0.005427673432233693,
main,27,0.004,120,2,ASGA,cert,-0.6100394640748905,0.002940165504555975,0.008003462764360656,184.24100353223758,0.005427673432233693,
main,28,0.004,120,2,SGA,emp,-0.9718300571285416,2.732862762894195e-07,0.008049499390030886,196.5239818131163,124.23132812935874,
main,28,0.004,120,2,ASGA,emp,-1.959547228375403,5.091961088887764e-09,0.008049499390030886,196.5239818131163,124.23132812935874,
main,28,0.004,120,2,SGA,cert,-0.013451450103285219,0.02223742408547591,0.008049499390030886,196.5239818131163,0.005088437506578438,
main,28,0.004,120,2,ASGA,cert,-0.6097129457126877,0.005600305238241204,0.008049499390030886,196.5239818131163,0.005088437506578438,
main,29,0.004,120,2,SGA,emp,-0.9759312920994024,2.306665648071915e-07,0.008062719417254399,166.73105212037984,124.02763239658046,
main,29,0.004,120,2,ASGA,emp,-1.973167767007772,4.195861130762424e-09,0.008062719417254399,166.73105212037984,124.02763239658046,
main,29,0.004,120,2,SGA,cert,-0.016170284948974763,0.03306485968752239,0.008062719417254399,166.73105212037984,0.0059976830187456615,
main,29,0.004,120,2,ASGA,cert,-0.7485149649909747,0.005999992160785214,0.008062719417254399,166.73105212037984,0.0059976830187456615,
main,30,0.004,120,2,SGA,emp,-1.0212881753767658,2.9422932764505694e-07,0.008011187663387855,187.65564938953878,124.82543687874484,
main,30,0.004,120,2,ASGA,emp,-2.0802957742496853,4.436509458416449e-09,0.008011187663387855,187.65564938953878,124.82543687874484,
main,30,0.004,120,2,SGA,cert,-0.013394360539783979,0.012150347861344363,0.008011187663387855,187.65564938953878,0.005328909645156395,
main,30,0.004,120,2,ASGA,cert,-0.6038003936579447,0.0031129602540015677,0.008011187663387855,187.65564938953878,0.005328909645156395,
main,31,0.004,120,2,SGA,emp,-0.9653167021639382,2.0159988886603308e-07,0.008060531439981656,146.65430646103286,124.0612988667005,
main,31,0.004,120,2,ASGA,emp,-1.954848124136605,3.795110586901629e-09,0.008060531439981656,146.65430646103286,124.0612988667005,
main,31,0.004,120,2,SGA,cert,-0.018425092562715725,0.032155714978813754,0.008060531439981656,146.65430646103286,0.006818756462945788,
main,31,0.004,120,2,ASGA,cert,-0.865742039471163,0.00441340208918263,0.008060531439981656,146.65430646103286,0.006818756462945788,
main,32,0.004,120,2,SGA,emp,-0.9786913041933863,2.4767649641627143e-07,0.00804196831699908,160.27831791805244,124.34766721055144,
main,32,0.004,120,2,ASGA,emp,-1.9768724479925732,4.497662520197565e-09,0.00804196831699908,160.27831791805244,124.34766721055144,
main,32,0.004,120,2,SGA,cert,-0.016471880307014818,0.02102557373900571,0.00804196831699908,160.27831791805244,0.006239147084830794,
main,32,0.004,120,2,ASGA,cert,-0.7603292296927298,0.003724613047162713,0.00804196831699908,160.27831791805244,0.006239147084830794,
main,33,0.004,120,2,SGA,emp,-1.0760325120445045,2.1594028973628832e-07,0.008019673946103404,167.87727134440385,124.69334872222326,
main,33,0.004,120,2,ASGA,emp,-2.267568993977645,2.288711435649571e-09,0.008019673946103404,167.87727134440385,124.69334872222326,
main,33,0.004,120,2,SGA,cert,-0.014740406784940227,0.010023325673737676,0.008019673946103404,167.87727134440385,0.005956732510552178,
main,33,0.004,120,2,ASGA,cert,-0.6697286159096936,0.0022052191625112176,0.008019673946103404,167.87727134440385,0.005956732510552178,
main,34,0.004,120,2,SGA,emp,-0.9672785859886449,2.2507882559141823e-07,0.008078913792434302,169.90453864312295,123.77901605243946,
main,34,0.004,120,2,ASGA,emp,-1.9565412651594454,4.209277967848202e-09,0.008078913792434302,169.90453864312295,123.77901605243946,
main,34,0.004,120,2,SGA,cert,-0.015841693972129332,0.03183960323148352,0.008078913792434302,169.90453864312295,0.0058856579582047324,
main,34,0.004,120,2,ASGA,cert,-0.7315795039932567,0.006015082506390976,0.008078913792434302,169.90453864312295,0.0058856579582047324,
main,35,0.004,120,2,SGA,emp,-1.0612650580542227,1.7072753100838556e-07,0.00809420972217177,115.621662301633,123.54510623326034,
main,35,0.004,120,2,ASGA,emp,-2.1426531557318635,2.280903473039775e-09,0.00809420972217177,115.621662301633,123.54510623326034,
main,35,0.004,120,2,SGA,cert,-0.022209875061713527,0.01309428990489819,0.00809420972217177,115.621662301633,0.008648898312767783,
main,35,0.004,120,2,ASGA,cert,-1.0576887819755088,0.001149293782981186,0.00809420972217177,115.621662301633,0.008648898312767783,
main,36,0.004,120,2,SGA,emp,-0.9990557972618428,2.3491514070106412e-07,0.008094554758687722,152.79678120166366,123.53984002970888,
main,36,0.004,120,2,ASGA,emp,-2.0417118158052725,3.811705548417699e-09,0.008094554758687722,152.79678120166366,123.53984002970888,
main,36,0.004,120,2,SGA,cert,-0.017249026905616773,0.019178503451505804,0.008094554758687722,152.79678120166366,0.006544640483494111,
main,36,0.004,120,2,ASGA,cert,-0.8000916954974534,0.0030933008323447836,0.008094554758687722,152.79678120166366,0.006544640483494111,
main,37,0.004,120,2,SGA,emp,-1.011428662404732,3.4471634641902726e-07,0.008057195723772115,190.94273701692683,124.11266081691171,
main,37,0.004,120,2,ASGA,emp,-2.0418107339269667,5.5901228160348815e-09,0.008057195723772115,190.94273701692683,124.11266081691171,
main,37,0.004,120,2,SGA,cert,-0.013048989472689858,0.011404148952995557,0.008057195723772115,190.94273701692683,0.005237172230915237,
main,37,0.004,120,2,ASGA,cert,-0.585942506084235,0.0030477632164478893,0.008057195723772115,190.94273701692683,0.005237172230915237,
main,38,0.004,120,2,SGA,emp,-1.0596936217644417,2.4350300598802166e-07,0.00807901724413703,133.95093593238025,123.77743106387148,
main,38,0.004,120,2,ASGA,emp,-2.238351360533689,2.729669129619694e-09,0.00807901724413703,133.95093593238025,123.77743106387148,
main,38,0.004,120,2,SGA,cert,-0.018407664438527715,0.009976077876408859,0.00807901724413703,133.95093593238025,0.007465420028903791,
main,38,0.004,120,2,ASGA,cert,-0.8517507341563348,0.0014389554402888735,0.00807901724413703,133.95093593238025,0.007465420028903791,
main,39,0.004,120,2,SGA,emp,-1.018235982167934,3.744711170247661e-07,0.008004503910626766,182.0242137353451,124.92966599371657,
main,39,0.004,120,2,ASGA,emp,-2.0974861982966675,5.513160802883554e-09,0.008004503910626766,182.0242137353451,124.92966599371657,
main,39,0.004,120,2,SGA,cert,-0.012969056768422563,0.008259159893045938,0.008004503910626766,182.0242137353451,0.005493774588989322,
main,39,0.004,120,2,ASGA,cert,-0.5808381921552505,0.0022376703058933634,0.008004503910626766,182.0242137353451,0.005493774588989322,
main,40,0.004,120,2,SGA,emp,-1.0053093882736532,2.964060676902136e-07,0.008012515123327233,192.5266721207698,124.80475663486116,
main,40,0.004,120,2,ASGA,emp,-2.03652038466155,4.86686567435779e-09,0.008012515123327233,192.5266721207698,124.80475663486116,
main,40,0.004,120,2,SGA,cert,-0.013239211926186293,0.01332976613253575,0.008012515123327233,192.5266721207698,0.005194085520642622,
main,40,0.004,120,2,ASGA,cert,-0.5968855577916746,0.003467399537796949,0.008012515123327233,192.5266721207698,0.005194085520642622,
main,41,0.004,120,2,SGA,emp,-0.96671152735457,2.506771775295791e-07,0.008028895813097724,183.43411456112926,124.55012784805064,
main,41,0.004,120,2,ASGA,emp,-1.9633841630410307,4.628885316715348e-09,0.008028895813097724,183.43411456112926,124.55012784805064,
main,41,0.004,120,2,SGA,cert,-0.01454863023654905,0.026889460231896714,0.008028895813097724,183.43411456112926,0.0054515486521824206,
main,41,0.004,120,2,ASGA,cert,-0.6652075350059997,0.005944207546493316,0.008028895813097724,183.43411456112926,0.0054515486521824206,
main,42,0.004,120,2,SGA,emp,-1.054758410627427,2.42529047157769e-07,0.008095826095729022,129.604602898527,123.5204398137397,
main,42,0.004,120,2,ASGA,emp,-2.2093990764227445,2.871677517307658e-09,0.008095826095729022,129.604602898527,123.5204398137397,
main,42,0.004,120,2,SGA,cert,-0.019185643917086763,0.010590598240934643,0.008095826095729022,129.604602898527,0.007715775347754763,
main,42,0.004,120,2,ASGA,cert,-0.8921261563996183,0.0013884699988356182,0.008095826095729022,129.604602898527,0.007715775347754763,
main,43,0.004,120,2,SGA,emp,-1.0060439830685075,3.605770280898368e-07,0.008069917283233712,198.8244406276054,123.9170074366968,
main,43,0.004,120,2,ASGA,emp,-2.0395626004240985,5.905719253906927e-09,0.008069917283233712,198.8244406276054,123.9170074366968,
main,43,0.004,120,2,SGA,cert,-0.012952252667848848,0.015542528325371903,0.008069917283233712,198.8244406276054,0.005029562748138102,
main,43,0.004,120,2,ASGA,cert,-0.5833757607814852,0.004169304493927238,0.008069917283233712,198.8244406276054,0.005029562748138102,
main,44,0.004,120,2,SGA,emp,-0.9645924731904177,2.2449275790398238e-07,0.008102477155433234,152.59495115925574,123.41904590615667,
main,44,0.004,120,2,ASGA,emp,-1.9608011915516832,4.185491939145969e-09,0.008102477155433234,152.59495115925574,123.41904590615667,
main,44,0.004,120,2,SGA,cert,-0.017500394565087108,0.025215971672784054,0.008102477155433234,152.59495115925574,0.0065532967663939935,
main,44,0.004,120,2,ASGA,cert,-0.8149943225757958,0.0039170374070499475,0.008102477155433234,152.59495115925574,0.0065532967663939935,
main,45,0.004,120,2,SGA,emp,-1.06889600838669,2.2419292838513072e-07,0.008093222992619062,125.3465639921314,123.56016891070342,
main,45,0.004,120,2,ASGA,emp,-2.251458478941527,2.449246982311193e-09,0.008093222992619062,125.3465639921314,123.56016891070342,
main,45,0.004,120,2,SGA,cert,-0.019786456163494975,0.010233475399079095,0.008093222992619062,125.3465639921314,0.007977881229060055,
main,45,0.004,120,2,ASGA,cert,-0.9231215815852566,0.0012474482025202106,0.008093222992619062,125.3465639921314,0.007977881229060055,
main,46,0.004,120,2,SGA,emp,-0.9620286944423099,2.486586574840244e-07,0.008064193686734113,165.82004881975516,124.00495807101406,
main,46,0.004,120,2,ASGA,emp,-1.9554565078353299,4.666468753078412e-09,0.008064193686734113,165.82004881975516,124.00495807101406,
main,46,0.004,120,2,SGA,cert,-0.01611819594021575,0.027160987696836544,0.008064193686734113,165.82004881975516,0.006030633853491327,
main,46,0.004,120,2,ASGA,cert,-0.7441820400729345,0.0049878094595173506,0.008064193686734113,165.82004881975516,0.006030633853491327,
main,47,0.004,120,2,SGA,emp,-1.0055456670347809,2.8730738195481553e-07,0.007993192558468818,186.31434632194777,125.10645686128207,
main,47,0.004,120,2,ASGA,emp,-2.014814351615277,4.886903937073583e-09,0.007993192558468818,186.31434632194777,125.10645686128207,
main,47,0.004,120,2,SGA,cert,-0.01377300083789929,0.014772642302136554,0.007993192558468818,186.31434632194777,0.005367273211865383,
main,47,0.004,120,2,ASGA,cert,-0.6231443720688526,0.0036152800030456456,0.007993192558468818,186.31434632194777,0.005367273211865383,
main,48,0.004,120,2,SGA,emp,-1.052893600395457,2.4256379044934606e-07,0.008072084192503753,143.21078913394942,123.88374255668235,
main,48,0.004,120,2,ASGA,emp,-2.182001236167522,3.024899452447327e-09,0.008072084192503753,143.21078913394942,123.88374255668235,
main,48,0.004,120,2,SGA,cert,-0.017380296181325406,0.010771970882523657,0.008072084192503753,143.21078913394942,0.00698271412403621,
main,48,0.004,120,2,ASGA,cert,-0.8005719846151712,0.0017491345787372416,0.008072084192503753,143.21078913394942,0.00698271412403621,
main,49,0.004,120,2,SGA,emp,-1.0272812584638398,3.0002805489343087e-07,0.00804816078339173,153.85441158298002,124.25199084784819,
main,49,0.004,120,2,ASGA,emp,-2.0965055740619385,4.407470471923247e-09,0.00804816078339173,153.85441158298002,124.25199084784819,
main,49,0.004,120,2,SGA,cert,-0.016120295242170474,0.010955181347736879,0.00804816078339173,153.85441158298002,0.006499651129344828,
main,49,0.004,120,2,ASGA,cert,-0.7361956835849083,0.0020693574646929586,0.00804816078339173,153.85441158298002,0.006499651129344828,
main,0,0.004,120,4,SGA,emp,-1.0039243750945428,1.8768028195448316e-07,0.008084596380013548,136.9512611285825,123.692012933653,
main,0,0.004,120,4,ASGA,emp,-2.0234076039919056,3.1300805974909807e-09,0.008084596380013548,136.9512611285825,123.692012933653,
main,0,0.004,120,4,SGA,cert,-0.019402781900149654,0.021907761577934004,0.008084596380013548,136.9512611285825,0.007301867772222321,
main,0,0.004,120,4,ASGA,cert,-0.9145924811308499,0.0026847758400167093,0.008084596380013548,136.9512611285825,0.007301867772222321,
main,1,0.004,120,4,SGA,emp,-0.9849886521511575,2.4643189323880765e-07,0.008050338758337916,161.41094534168957,124.21837515399929,
main,1,0.004,120,4,ASGA,emp,-2.004025022422762,4.2589379176116715e-09,0.008050338758337916,161.41094534168957,124.21837515399929,
main,1,0.004,120,4,SGA,cert,-0.016552426522415186,0.026132726920130092,0.008050338758337916,161.41094534168957,0.006195366726110846,
main,1,0.004,120,4,ASGA,cert,-0.7665206034213147,0.004552123919979979,0.008050338758337916,161.41094534168957,0.006195366726110846,
main,2,0.004,120,4,SGA,emp,-0.9937807920138408,2.5046854879723357e-07,0.008011369416592721,192.96003854129538,124.82260497548063,
main,2,0.004,120,4,ASGA,emp,-1.9831894759738629,4.488800664503856e-09,0.008011369416592721,192.96003854129538,124.82260497548063,
main,2,0.004,120,4,SGA,cert,-0.013542113915009786,0.018222204203891444,0.008011369416592721,192.96003854129538,0.005182420192075107,
main,2,0.004,120,4,ASGA,cert,-0.6135641202762413,0.004551507297482028,0.008011369416592721,192.96003854129538,0.005182420192075107,
main,3,0.004,120,4,SGA,emp,-1.00452243154531,3.5001831489439583e-07,0.00800811172403012,187.95884024241815,124.87338269760617,
main,3,0.004,120,4,ASGA,emp,-2.0486260069086026,5.614765132000432e-09,0.00800811172403012,187.95884024241815,124.87338269760617,
main,3,0.004,120,4,SGA,cert,-0.013420375470837121,0.012943509376950227,0.00800811172403012,187.95884024241815,0.005320313738424111,
main,3,0.004,120,4,ASGA,cert,-0.6047892184088479,0.00330927080724866,0.00800811172403012,187.95884024241815,0.005320313738424111,
main,4,0.004,120,4,SGA,emp,-0.9937703369353672,2.6389872747473175e-07,0.008002210862895435,177.03006476046917,124.96546481132974,
main,4,0.004,120,4,ASGA,emp,-2.0292416197848318,4.3640665317590255e-09,0.008002210862895435,177.03006476046917,124.96546481132974,
main,4,0.004,120,4,SGA,cert,-0.015038810220945983,0.025293513371293187,0.008002210862895435,177.03006476046917,0.0056487580307506054,
main,4,0.004,120,4,ASGA,cert,-0.6896015411284231,0.005281735801965837,0.008002210862895435,177.03006476046917,0.0056487580307506054,
main,5,0.004,120,4,SGA,emp,-1.008288369168313,3.1138325633922603e-07,0.007990031847539306,194.74092726866917,125.15594669475198,
main,5,0.004,120,4,ASGA,emp,-2.0473246651197994,5.001400849025117e-09,0.007990031847539306,194.74092726866917,125.15594669475198,
main,5,0.004,120,4,SGA,cert,-0.013027157585692858,0.013305134249954133,0.007990031847539306,194.74092726866917,0.005135027413217441,
main,5,0.004,120,4,ASGA,cert,-0.58647320932869,0.0035459474365393054,0.007990031847539306,194.74092726866917,0.005135027413217441,
main,6,0.004,120,4,SGA,emp,-1.033527194387276,2.9254149355728565e-07,0.008077989122244902,159.89516061081216,123.79318477246184,
main,6,0.004,120,4,ASGA,emp,-2.113682428004706,4.1619364343770116e-09,0.008077989122244902,159.89516061081216,123.79318477246184,
main,6,0.004,120,4,SGA,cert,-0.015457300982422126,0.010548486750059212,0.008077989122244902,159.89516061081216,0.006254097973821852,
main,6,0.004,120,4,ASGA,cert,-0.7034733767330636,0.002149519377198192,0.008077989122244902,159.89516061081216,0.006254097973821852,
main,7,0.004,120,4,SGA,emp,-1.0001095702993057,2.7969399564453656e-07,0.007983553759299268,200.65122836133216,125.25750187818262,
main,7,0.004,120,4,ASGA,emp,-2.027829571536079,4.650688549545645e-09,0.007983553759299268,200.65122836133216,125.25750187818262,
main,7,0.004,120,4,SGA,cert,-0.012991034030958639,0.017357221245378897,0.007983553759299268,200.65122836133216,0.0049837721312087,
main,7,0.004,120,4,ASGA,cert,-0.586537706525923,0.0046162436040118535,0.007983553759299268,200.65122836133216,0.0049837721312087,
main,8,0.004,120,4,SGA,emp,-0.9923872226240725,2.4038872015186286e-07,0.008067743986725056,155.40198680099653,123.9503883174075,
main,8,0.004,120,4,ASGA,emp,-1.9873493130115236,4.2646612352648106e-09,0.008067743986725056,155.40198680099653,123.9503883174075,
main,8,0.004,120,4,SGA,cert,-0.017148881592138353,0.02623724781316117,0.008067743986725056,155.40198680099653,0.006434924164004237,
main,8,0.004,120,4,ASGA,cert,-0.7970821472088567,0.004253029655341044,0.008067743986725056,155.40198680099653,0.006434924164004237,
main,9,0.004,120,4,SGA,emp,-1.066851974139718,1.8999486373072472e-07,0.008084126119002713,128.52790562120092,123.69920821118556,
main,9,0.004,120,4,ASGA,emp,-2.19711528753325,2.2958739978595766e-09,0.008084126119002713,128.52790562120092,123.69920821118556,
main,9,0.004,120,4,SGA,cert,-0.019804127799079984,0.012336340007674536,0.008084126119002713,128.52790562120092,0.007780411539165765,
main,9,0.004,120,4,ASGA,cert,-0.9280310626807158,0.0014785046602570039,0.008084126119002713,128.52790562120092,0.007780411539165765,
main,10,0.004,120,4,SGA,emp,-0.9767894663069981,2.2987337656987794e-07,0.00806974710499456,182.23853075303586,123.91962065094654,
main,10,0.004,120,4,ASGA,emp,-1.9702216587292665,4.21630662328365e-09,0.00806974710499456,182.23853075303586,123.91962065094654,
main,10,0.004,120,4,SGA,cert,-0.014687945733469581,0.026880541251022308,0.00806974710499456,182.23853075303586,0.005487313774248815,
main,10,0.004,120,4,ASGA,cert,-0.672558691919424,0.005837840036485291,0.00806974710499456,182.23853075303586,0.005487313774248815,
main,11,0.004,120,4,SGA,emp,-1.0129718769212732,2.645577942550492e-07,0.008000113938171186,191.32284517027924,124.99821974143013,
main,11,0.004,120,4,ASGA,emp,-2.0640384111756025,4.090665250977565e-09,0.008000113938171186,191.32284517027924,124.99821974143013,
main,11,0.004,120,4,SGA,cert,-0.013676768973855086,0.019156307082419916,0.008000113938171186,191.32284517027924,0.005226767347673458,
main,11,0.004,120,4,ASGA,cert,-0.6205853663321501,0.004706466534446056,0.008000113938171186,191.32284517027924,0.005226767347673458,
main,12,0.004,120,4,SGA,emp,-0.9994622020426052,2.5827659620031307e-07,0.008032046944020049,184.967189755677,124.5012643687935,
main,12,0.004,120,4,ASGA,emp,-1.9978684569037743,4.506800259374e-09,0.008032046944020049,184.967189755677,124.5012643687935,
main,12,0.004,120,4,SGA,cert,-0.014146084333930553,0.018960389073111962,0.008032046944020049,184.967189755677,0.005406364238549005,
main,12,0.004,120,4,ASGA,cert,-0.6433715393975644,0.0044187908672897805,0.008032046944020049,184.967189755677,0.005406364238549005,
main,13,0.004,120,4,SGA,emp,-0.9874230949413615,2.6746798327537125e-07,0.008086722573912233,201.2909345102914,123.65949132792066,
main,13,0.004,120,4,ASGA,emp,-1.9919213380857494,4.736670104754648e-09,0.008086722573912233,201.2909345102914,123.65949132792066,
main,13,0.004,120,4,SGA,cert,-0.013130709734413036,0.020745499024266166,0.008086722573912233,201.2909345102914,0.004967933615256145,
main,13,0.004,120,4,ASGA,cert,-0.5942195351734323,0.0054148633271599925,0.008086722573912233,201.2909345102914,0.004967933615256145,
main,14,0.004,120,4,SGA,emp,-1.006766454995778,2.030500740879404e-07,0.00808394238866162,140.47286725236611,123.7020196238138,
main,14,0.004,120,4,ASGA,emp,-2.0162838877372136,3.434423641313078e-09,0.00808394238866162,140.47286725236611,123.7020196238138,
main,14,0.004,120,4,SGA,cert,-0.018692638601810054,0.018155622322096568,0.00808394238866162,140.47286725236611,0.007118812476458197,
main,14,0.004,120,4,ASGA,cert,-0.8744781635167889,0.0024563613268727205,0.00808394238866162,140.47286725236611,0.007118812476458197,
main,15,0.004,120,4,SGA,emp,-0.9794385469642073,2.40976026730233e-07,0.00806376215366769,180.86170127109952,124.01159420918236,
main,15,0.004,120,4,ASGA,emp,-1.9716492424592695,4.387850402465254e-09,0.00806376215366769,180.86170127109952,124.01159420918236,
main,15,0.004,120,4,SGA,cert,-0.014806967226172918,0.029074426560156352,0.00806376215366769,180.86170127109952,0.005529086550507823,
main,15,0.004,120,4,ASGA,cert,-0.6787500018976559,0.006222476387326217,0.00806376215366769,180.86170127109952,0.005529086550507823,
main,16,0.004,120,4,SGA,emp,-1.0286765916666865,2.3681628065486127e-07,0.00807776156794494,198.4687535198958,123.79667208404736,
main,16,0.004,120,4,ASGA,emp,-2.0788529558548556,3.5847436061220428e-09,0.00807776156794494,198.4687535198958,123.79667208404736,
main,16,0.004,120,4,SGA,cert,-0.013081385660216884,0.01590045149811435,0.00807776156794494,198.4687535198958,0.005038576512749416,
main,16,0.004,120,4,ASGA,cert,-0.5911684832099605,0.004183152536151535,0.00807776156794494,198.4687535198958,0.005038576512749416,
main,17,0.004,120,4,SGA,emp,-1.0058467942109044,2.6253392517577856e-07,0.008034492970507961,172.34711723473504,124.46336111944814,
main,17,0.004,120,4,ASGA,emp,-2.0314434438686972,4.311223121555852e-09,0.008034492970507961,172.34711723473504,124.46336111944814,
main,17,0.004,120,4,SGA,cert,-0.015036719775063535,0.016475686230782695,0.008034492970507961,172.34711723473504,0.005802243843962937,
main,17,0.004,120,4,ASGA,cert,-0.6863811858021495,0.003477757036404336,0.008034492970507961,172.34711723473504,0.005802243843962937,
main,18,0.004,120,4,SGA,emp,-1.0182504656418194,1.9948428902488713e-07,0.008080473965246433,139.13272404606897,123.75511687815984,
main,18,0.004,120,4,ASGA,emp,-2.037624274010365,3.231472457676521e-09,0.008080473965246433,139.13272404606897,123.75511687815984,
main,18,0.004,120,4,SGA,cert,-0.019008268503179302,0.020579646398827242,0.008080473965246433,139.13272404606897,0.007187381738237833,
main,18,0.004,120,4,ASGA,cert,-0.892419550186588,0.0026634164495411145,0.008080473965246433,139.13272404606897,0.007187381738237833,
main,19,0.004,120,4,SGA,emp,-0.9940077428488246,2.002731411751557e-07,0.008042162493756952,161.86219869131756,124.34466485553975,
main,19,0.004,120,4,ASGA,emp,-1.9932191147501532,3.5318818078500236e-09,0.008042162493756952,161.86219869131756,124.34466485553975,
main,19,0.004,120,4,SGA,cert,-0.016429242762365542,0.022691271033682618,0.008042162493756952,161.86219869131756,0.006178094750257714,
main,19,0.004,120,4,ASGA,cert,-0.7598573354769353,0.004017004048302651,0.008042162493756952,161.86219869131756,0.006178094750257714,
main,20,0.004,120,4,SGA,emp,-1.0197079190216831,2.820217637825029e-07,0.0080618296597612,190.98369659104742,124.04132091642595,
main,20,0.004,120,4,ASGA,emp,-2.0632976890754056,4.3796973339671474e-09,0.0080618296597612,190.98369659104742,124.04132091642595,
main,20,0.004,120,4,SGA,cert,-0.013349906232763982,0.013753428727078187,0.0080618296597612,190.98369659104742,0.005236049033762792,
main,20,0.004,120,4,ASGA,cert,-0.6025823993131422,0.003529969735136612,0.0080618296597612,190.98369659104742,0.005236049033762792,
main,21,0.004,120,4,SGA,emp,-0.9995827667508808,2.128044921320682e-07,0.008056583007672173,185.27559758585102,124.12209978445128,
main,21,0.004,120,4,ASGA,emp,-2.0083066934125595,3.6400387010138147e-09,0.008056583007672173,185.27559758585102,124.12209978445128,
main,21,0.004,120,4,SGA,cert,-0.014186312776199498,0.019048699745671437,0.008056583007672173,185.27559758585102,0.005397364860942525,
main,21,0.004,120,4,ASGA,cert,-0.646040697262238,0.004408633167497983,0.008056583007672173,185.27559758585102,0.005397364860942525,
main,22,0.004,120,4,SGA,emp,-0.9739115842971667,1.8769953080699509e-07,0.00809299318607649,147.64596028558208,123.56367749332101,
main,22,0.004,120,4,ASGA,emp,-1.9719166490233158,3.436411669111017e-09,0.00809299318607649,147.64596028558208,123.56367749332101,
main,22,0.004,120,4,SGA,cert,-0.01831563648741691,0.031291950710116825,0.00809299318607649,147.64596028558208,0.0067729587593576175,
main,22,0.004,120,4,ASGA,cert,-0.8601999768441964,0.0043509395807764875,0.00809299318607649,147.64596028558208,0.0067729587593576175,
main,23,0.004,120,4,SGA,emp,-1.0056233366711063,2.2537656847732013e-07,0.00802657512745584,173.6757199752176,124.58613843647746,
main,23,0.004,120,4,ASGA,emp,-2.018592151815393,3.782455723633227e-09,0.00802657512745584,173.6757199752176,124.58613843647746,
main,23,0.004,120,4,SGA,cert,-0.015065734820523174,0.01816230337641425,0.00802657512745584,173.6757199752176,0.005757857230375631,
main,23,0.004,120,4,ASGA,cert,-0.6890467274646245,0.003804959978038737,0.00802657512745584,173.6757199752176,0.005757857230375631,
main,24,0.004,120,4,SGA,emp,-1.0434381269101045,2.6771248697737837e-07,0.00806642324820947,189.03320280770123,123.9706830684806,
main,24,0.004,120,4,ASGA,emp,-2.148197295345336,3.5679284249301446e-09,0.00806642324820947,189.03320280770123,123.9706830684806,
main,24,0.004,120,4,SGA,cert,-0.01310211991341064,0.010548225521413053,0.00806642324820947,189.03320280770123,0.005290075950399439,
main,24,0.004,120,4,ASGA,cert,-0.5898428683658056,0.0027911243854738185,0.00806642324820947,189.03320280770123,0.005290075950399439,
main,25,0.004,120,4,SGA,emp,-1.0202662881982552,2.0224413726371848e-07,0.008037484097689397,201.6185086384833,124.41704242842339,
main,25,0.004,120,4,ASGA,emp,-2.0690688684120766,3.099274177575939e-09,0.008037484097689397,201.6185086384833,124.41704242842339,
main,25,0.004,120,4,SGA,cert,-0.013023557193733102,0.018529171643948898,0.008037484097689397,201.6185086384833,0.004959862101713454,
main,25,0.004,120,4,ASGA,cert,-0.589431593066543,0.004889418379818752,0.008037484097689397,201.6185086384833,0.004959862101713454,
main,26,0.004,120,4,SGA,emp,-0.9994528065686641,2.124314103443825e-07,0.008008227519314752,177.90684514760292,124.87157708595771,
main,26,0.004,120,4,ASGA,emp,-2.02104184827197,3.551936557377733e-09,0.008008227519314752,177.90684514760292,124.87157708595771,
main,26,0.004,120,4,SGA,cert,-0.015021694918964568,0.025743683194789188,0.008008227519314752,177.90684514760292,0.0056209191904355105,
main,26,0.004,120,4,ASGA,cert,-0.6892659708852106,0.005376578611626492,0.008008227519314752,177.90684514760292,0.0056209191904355105,
main,27,0.004,120,4,SGA,emp,-1.0264767828100074,2.0320138267165833e-07,0.00800456532189216,200.49145151600555,124.9287075295695,
main,27,0.004,120,4,ASGA,emp,-2.047690964231788,3.2467482175002615e-09,0.00800456532189216,200.49145151600555,124.9287075295695,
main,27,0.004,120,4,SGA,cert,-0.012889350384059384,0.014954509087249764,0.00800456532189216,200.49145151600555,0.004987743828669764,
main,27,0.004,120,4,ASGA,cert,-0.581832015383526,0.004020420301989132,0.00800456532189216,200.49145151600555,0.004987743828669764,
main,28,0.004,120,4,SGA,emp,-0.969685688250327,2.0713175456765764e-07,0.008094632382468686,194.2097012416536,123.53865533977738,
main,28,0.004,120,4,ASGA,emp,-1.9563544612790125,3.888488517289623e-09,0.008094632382468686,194.2097012416536,123.53865533977738,
main,28,0.004,120,4,SGA,cert,-0.013946449860025011,0.03561197888448142,0.008094632382468686,194.2097012416536,0.005149073365576666,
main,28,0.004,120,4,ASGA,cert,-0.6370395714854069,0.008391747336807698,0.008094632382468686,194.2097012416536,0.005149073365576666,
main,29,0.004,120,4,SGA,emp,-1.0178151078421362,3.193174609728011e-07,0.007969320258771867,198.8073732929499,125.48121640604109,
main,29,0.004,120,4,ASGA,emp,-2.0806183638637767,4.833401311132857e-09,0.007969320258771867,198.8073732929499,125.48121640604109,
main,29,0.004,120,4,SGA,cert,-0.012517912744813503,0.011387432658509292,0.007969320258771867,198.8073732929499,0.005029994529058355,
main,29,0.004,120,4,ASGA,cert,-0.5614551430251892,0.0032170409641947215,0.007969320258771867,198.8073732929499,0.005029994529058355,
main,30,0.004,120,4,SGA,emp,-1.0183496920467883,2.700514275116861e-07,0.008058811401541471,185.71561960361998,124.08777798283283,
main,30,0.004,120,4,ASGA,emp,-2.0778716676848528,4.098497936866341e-09,0.008058811401541471,185.71561960361998,124.08777798283283,
main,30,0.004,120,4,SGA,cert,-0.013804727144650798,0.014153369324412145,0.008058811401541471,185.71561960361998,0.005384576709995307,
main,30,0.004,120,4,ASGA,cert,-0.6252330986750863,0.003445491952487674,0.008058811401541471,185.71561960361998,0.005384576709995307,
main,31,0.004,120,4,SGA,emp,-0.9915245387629391,2.8414264773707343e-07,0.008040003634446569,195.28354958829098,124.37805322818548,
main,31,0.004,120,4,ASGA,emp,-2.0142251993407827,4.84265538086559e-09,0.008040003634446569,195.28354958829098,124.37805322818548,
main,31,0.004,120,4,SGA,cert,-0.013567686603567688,0.02245047598601723,0.008040003634446569,195.28354958829098,0.005120759030180794,
main,31,0.004,120,4,ASGA,cert,-0.6159050711293381,0.005571006887535493,0.008040003634446569,195.28354958829098,0.005120759030180794,
main,32,0.004,120,4,SGA,emp,-1.0706482870373586,1.7566711462552176e-07,0.008095170606710625,131.44196843134173,123.53044161552735,
main,32,0.004,120,4,ASGA,emp,-2.1997807493218557,2.10607298961607e-09,0.008095170606710625,131.44196843134173,123.53044161552735,
main,32,0.004,120,4,SGA,cert,-0.019609827175111814,0.013859084109949623,0.008095170606710625,131.44196843134173,0.007607920148596577,
main,32,0.004,120,4,ASGA,cert,-0.9199624467081079,0.0016883499012143796,0.008095170606710625,131.44196843134173,0.007607920148596577,
main,33,0.004,120,4,SGA,emp,-1.0183969388208671,2.991596434465116e-07,0.008043336061374607,156.94409447275683,124.32652227502477,
main,33,0.004,120,4,ASGA,emp,-2.092247575380329,4.426179457672763e-09,0.008043336061374607,156.94409447275683,124.32652227502477,
main,33,0.004,120,4,SGA,cert,-0.016326388972568773,0.014519035878819829,0.008043336061374607,156.94409447275683,0.006371695624224874,
main,33,0.004,120,4,ASGA,cert,-0.7494833983889377,0.002649314838418522,0.008043336061374607,156.94409447275683,0.006371695624224874,
main,34,0.004,120,4,SGA,emp,-0.9945480412868942,1.8768745337766068e-07,0.00808136858966073,147.38138528937765,123.74141692774612,
main,34,0.004,120,4,ASGA,emp,-2.0051381559716486,3.2345059131078102e-09,0.00808136858966073,147.38138528937765,123.74141692774612,
main,34,0.004,120,4,SGA,cert,-0.018097599762522943,0.023714562504864242,0.00808136858966073,147.38138528937765,0.006785117388037429,
main,34,0.004,120,4,ASGA,cert,-0.8466811095331963,0.0034148996107768517,0.00808136858966073,147.38138528937765,0.006785117388037429,
main,35,0.004,120,4,SGA,emp,-1.0031380840696356,3.352319675048454e-07,0.00800926493970236,201.9572081048629,124.85540277771882,
main,35,0.004,120,4,ASGA,emp,-2.034744348003478,5.5225114550805365e-09,0.00800926493970236,201.9572081048629,124.85540277771882,
main,35,0.004,120,4,SGA,cert,-0.012808269937847318,0.016564623613829488,0.00800926493970236,201.9572081048629,0.00495154398985733,
main,35,0.004,120,4,ASGA,cert,-0.5770206692436269,0.00450655174053613,0.00800926493970236,201.9572081048629,0.00495154398985733,
main,36,0.004,120,4,SGA,emp,-0.9853343483657648,2.0629111201903028e-07,0.008070700403957687,143.4529141817543,123.90498345219491,
main,36,0.004,120,4,ASGA,emp,-1.9996849331313804,3.587224080281448e-09,0.008070700403957687,143.4529141817543,123.90498345219491,
main,36,0.004,120,4,SGA,cert,-0.018588732253690607,0.02374625422071576,0.008070700403957687,143.4529141817543,0.006970928445085499,
main,36,0.004,120,4,ASGA,cert,-0.8717255508048937,0.0032230874967220033,0.008070700403957687,143.4529141817543,0.006970928445085499,
main,37,0.004,120,4,SGA,emp,-0.9977423090061421,2.5308230649362384e-07,0.00803983448599603,191.81996022777815,124.38066999287399,
main,37,0.004,120,4,ASGA,emp,-2.011399539282332,4.331189393247392e-09,0.00803983448599603,191.81996022777815,124.38066999287399,
main,37,0.004,120,4,SGA,cert,-0.013919790800367718,0.025085187950451525,0.00803983448599603,191.81996022777815,0.005213221808682172,
main,37,0.004,120,4,ASGA,cert,-0.6340024491079276,0.005963432791295943,0.00803983448599603,191.81996022777815,0.005213221808682172,
main,38,0.004,120,4,SGA,emp,-1.0457034636644622,2.479646275740932e-07,0.00801296384118529,195.59895911301777,124.79776769491556,
main,38,0.004,120,4,ASGA,emp,-2.1443079052414964,3.311266490169107e-09,0.00801296384118529,195.59895911301777,124.79776769491556,
main,38,0.004,120,4,SGA,cert,-0.012841687174104034,0.011551422130439408,0.00801296384118529,195.59895911301777,0.005112501643846665,
main,38,0.004,120,4,ASGA,cert,-0.5776347866131077,0.003141914225971841,0.00801296384118529,195.59895911301777,0.005112501643846665,
main,39,0.004,120,4,SGA,emp,-1.0213333339644046,2.7856359588462887e-07,0.007954255420746839,180.2572689218854,125.7188695992501,
main,39,0.004,120,4,ASGA,emp,-2.0921370789439515,4.104231704493699e-09,0.007954255420746839,180.2572689218854,125.7188695992501,
main,39,0.004,120,4,SGA,cert,-0.014065506408659773,0.013133470264789476,0.007954255420746839,180.2572689218854,0.00554762648952232,
main,39,0.004,120,4,ASGA,cert,-0.6371064772897779,0.003113554449870333,0.007954255420746839,180.2572689218854,0.00554762648952232,
main,40,0.004,120,4,SGA,emp,-1.0151046590403052,1.806577063709347e-07,0.00806224424332852,159.16538648229138,124.03494235832618,
main,40,0.004,120,4,ASGA,emp,-2.0288367972333936,2.9866135814460293e-09,0.00806224424332852,159.16538648229138,124.03494235832618,
main,40,0.004,120,4,SGA,cert,-0.016464873219382715,0.017287882594647377,0.00806224424332852,159.16538648229138,0.006282773045704,
main,40,0.004,120,4,ASGA,cert,-0.7600866271823237,0.0030644035089754593,0.00806224424332852,159.16538648229138,0.006282773045704,
main,41,0.004,120,4,SGA,emp,-0.9675729156475835,2.1364683856772704e-07,0.008080776592180984,157.87248146968227,123.75048222068247,
main,41,0.004,120,4,ASGA,emp,-1.9603915209282672,3.98698267456421e-09,0.008080776592180984,157.87248146968227,123.75048222068247,
main,41,0.004,120,4,SGA,cert,-0.0169931704408253,0.027449389377908945,0.008080776592180984,157.87248146968227,0.0063342261468921,
main,41,0.004,120,4,ASGA,cert,-0.7897105927084731,0.004522907404698316,0.008080776592180984,157.87248146968227,0.0063342261468921,
main,42,0.004,120,4,SGA,emp,-1.0608356723954082,1.8428509020868011e-07,0.008047624595774506,187.71059080646256,124.26026936259689,
main,42,0.004,120,4,ASGA,emp,-2.155244700266818,2.404513504972172e-09,0.008047624595774506,187.71059080646256,124.26026936259689,
main,42,0.004,120,4,SGA,cert,-0.013672334852443421,0.013547149531484233,0.008047624595774506,187.71059080646256,0.005327349915120355,
main,42,0.004,120,4,ASGA,cert,-0.6196656942626935,0.003337936246768241,0.008047624595774506,187.71059080646256,0.005327349915120355,
main,43,0.004,120,4,SGA,emp,-0.9859798184909153,2.398476060261334e-07,0.008031035207267712,171.0293359131217,124.51694883556813,
main,43,0.004,120,4,ASGA,emp,-1.9804729458471098,4.310730779277794e-09,0.008031035207267712,171.0293359131217,124.51694883556813,
main,43,0.004,120,4,SGA,cert,-0.015543734835785916,0.024186381088434523,0.008031035207267712,171.0293359131217,0.005846950142564858,
main,43,0.004,120,4,ASGA,cert,-0.7146224179824651,0.004764282908186243,0.008031035207267712,171.0293359131217,0.005846950142564858,
main,44,0.004,120,4,SGA,emp,-0.9930118123819995,2.8370826897494705e-07,0.008066510152261308,178.87332518210886,123.96934747793841,
main,44,0.004,120,4,ASGA,emp,-2.012283221804618,4.845320013269205e-09,0.008066510152261308,178.87332518210886,123.96934747793841,
main,44,0.004,120,4,SGA,cert,-0.01458383991751416,0.017958459575726865,0.008066510152261308,178.87332518210886,0.00559054850119162,
main,44,0.004,120,4,ASGA,cert,-0.6645054666552977,0.003986345571640099,0.008066510152261308,178.87332518210886,0.00559054850119162,
main,45,0.004,120,4,SGA,emp,-0.9956596777181673,2.1704410996942203e-07,0.008082374969703784,143.35266008754522,123.72600921739338,
main,45,0.004,120,4,ASGA,emp,-2.023427296924543,3.6230246372448427e-09,0.008082374969703784,143.35266008754522,123.72600921739338,
main,45,0.004,120,4,SGA,cert,-0.01836850702985172,0.01919046626967448,0.008082374969703784,143.35266008754522,0.006975803583897933,
main,45,0.004,120,4,ASGA,cert,-0.8578615021135366,0.0026998579282208127,0.008082374969703784,143.35266008754522,0.006975803583897933,
main,46,0.004,120,4,SGA,emp,-0.9849831151022178,2.3327328035893657e-07,0.008054767453860556,189.06721547667593,124.15007704793658,
main,46,0.004,120,4,ASGA,emp,-1.9776525849779816,4.20811970686108e-09,0.008054767453860556,189.06721547667593,124.15007704793658,
main,46,0.004,120,4,SGA,cert,-0.014032048966853214,0.022866126147769082,0.008054767453860556,189.06721547667593,0.005289124280371939,
main,46,0.004,120,4,ASGA,cert,-0.6390159871720089,0.005375895980799378,0.008054767453860556,189.06721547667593,0.005289124280371939,
main,47,0.004,120,4,SGA,emp,-0.9880455238004091,2.2937978811504722e-07,0.00809268239424143,173.89710972828718,123.568422839821,
main,47,0.004,120,4,ASGA,emp,-2.0066198194967506,3.961501536531298e-09,0.00809268239424143,173.89710972828718,123.568422839821,
main,47,0.004,120,4,SGA,cert,-0.01540745196194685,0.02594186716767576,0.00809268239424143,173.89710972828718,0.0057505268578787305,
main,47,0.004,120,4,ASGA,cert,-0.7086653674179129,0.005176310499161854,0.00809268239424143,173.89710972828718,0.0057505268578787305,
main,48,0.004,120,4,SGA,emp,-1.0538356267467404,2.3600866778245022e-07,0.008077099127129953,142.00198792684222,123.80682523025212,
main,48,0.004,120,4,ASGA,emp,-2.1781698347810137,2.963680884038311e-09,0.008077099127129953,142.00198792684222,123.80682523025212,
main,48,0.004,120,4,SGA,cert,-0.01759669069759095,0.011028111227613248,0.008077099127129953,142.00198792684222,0.007042154934585764,
main,48,0.004,120,4,ASGA,cert,-0.8118622338610462,0.001743254764790668,0.008077099127129953,142.00198792684222,0.007042154934585764,
main,49,0.004,120,4,SGA,emp,-1.060118810823879,2.1765357929165452e-07,0.008079694660047135,199.73954793736144,123.76705334483101,
main,49,0.004,120,4,ASGA,emp,-2.179973074713501,2.722145973910184e-09,0.008079694660047135,199.73954793736144,123.76705334483101,
main,49,0.004,120,4,SGA,cert,-0.01258601343608228,0.011500117534671235,0.008079694660047135,199.73954793736144,0.005006519792032378,
main,49,0.004,120,4,ASGA,cert,-0.566119821651956,0.0032099453299277957,0.008079694660047135,199.73954793736144,0.005006519792032378,
main,0,0.004,120,8,SGA,emp,-1.0162772464788916,2.6217917794418844e-07,0.008073088188473364,201.61232445737596,123.86833596439403,
main,0,0.004,120,8,ASGA,emp,-2.062170334543831,4.072286091671984e-09,0.008073088188473364,201.61232445737596,123.86833596439403,
main,0,0.004,120,8,SGA,cert,-0.012900266573836975,0.017446266690937753,0.008073088188473364,201.61232445737596,0.004960014238670294,
main,0,0.004,120,8,ASGA,cert,-0.5826439548257991,0.004680667830444886,0.008073088188473364,201.61232445737596,0.004960014238670294,
main,1,0.004,120,8,SGA,emp,-1.0157278095125704,2.728708301813487e-07,0.008053427862623797,197.76654915312167,124.17072792581037,
main,1,0.004,120,8,ASGA,emp,-2.06656750292186,4.214120177814529e-09,0.008053427862623797,197.76654915312167,124.17072792581037,
main,1,0.004,120,8,SGA,cert,-0.013069120978473972,0.01611231109365268,0.008053427862623797,197.76654915312167,0.00505646685085123,
main,1,0.004,120,8,ASGA,cert,-0.5901647428035802,0.004250806387218781,0.008053427862623797,197.76654915312167,0.00505646685085123,
main,2,0.004,120,8,SGA,emp,-1.001445945379977,2.275221658090687e-07,0.00803519255171786,179.95879894839206,124.4525247607424,
main,2,0.004,120,8,ASGA,emp,-2.0006599196409,3.95534561353772e-09,0.00803519255171786,179.95879894839206,124.4525247607424,
main,2,0.004,120,8,SGA,cert,-0.014650060584660831,0.02036571814229845,0.00803519255171786,179.95879894839206,0.005556827484088602,
main,2,0.004,120,8,ASGA,cert,-0.6692049077323177,0.004464943162151826,0.00803519255171786,179.95879894839206,0.005556827484088602,
main,3,0.004,120,8,SGA,emp,-1.0121142185278476,2.455838963924539e-07,0.00804498830373941,184.86524533991502,124.30098867082103,
main,3,0.004,120,8,ASGA,emp,-2.061419468459237,3.8301007226904105e-09,0.00804498830373941,184.86524533991502,124.30098867082103,
main,3,0.004,120,8,SGA,cert,-0.014192685935814821,0.018636130278455107,0.00804498830373941,184.86524533991502,0.005409345592035334,
main,3,0.004,120,8,ASGA,cert,-0.6460283657235363,0.004314706508741606,0.00804498830373941,184.86524533991502,0.005409345592035334,
main,4,0.004,120,8,SGA,emp,-1.0313628730632622,2.3824191709015397e-07,0.008055304435112634,155.77676783597065,124.14180097788164,
main,4,0.004,120,8,ASGA,emp,-2.1097799091860576,3.4012497401869624e-09,0.008055304435112634,155.77676783597065,124.14180097788164,
main,4,0.004,120,8,SGA,cert,-0.016648437665506378,0.016004236303613,0.008055304435112634,155.77676783597065,0.006419442474586307,
main,4,0.004,120,8,ASGA,cert,-0.7677384801332013,0.0027918259028478012,0.008055304435112634,155.77676783597065,0.006419442474586307,
main,5,0.004,120,8,SGA,emp,-1.022747744051632,2.150334847614288e-07,0.008075459872153867,194.49694775630962,123.83195704411104,
main,5,0.004,120,8,ASGA,emp,-2.077780122067371,3.244162480320334e-09,0.008075459872153867,194.49694775630962,123.83195704411104,
main,5,0.004,120,8,SGA,cert,-0.013457491294415674,0.017452357577396646,0.008075459872153867,194.49694775630962,0.005141468858693487,
main,5,0.004,120,8,ASGA,cert,-0.6100227160403819,0.004392711650837509,0.008075459872153867,194.49694775630962,0.005141468858693487,
main,6,0.004,120,8,SGA,emp,-1.0467686710928579,2.0786583952714377e-07,0.008016575136043515,200.7678130380228,124.74154898191824,
main,6,0.004,120,8,ASGA,emp,-2.1161740872971686,2.925312207746611e-09,0.008016575136043515,200.7678130380228,124.74154898191824,
main,6,0.004,120,8,SGA,cert,-0.012763470796132432,0.013745185332236749,0.008016575136043515,200.7678130380228,0.004980878084330246,
main,6,0.004,120,8,ASGA,cert,-0.5754877491937401,0.00375124373026043,0.008016575136043515,200.7678130380228,0.004980878084330246,
main,7,0.004,120,8,SGA,emp,-1.0147247676148434,2.1918167195100757e-07,0.008047138869463328,167.84216788485392,124.2677697280364,
main,7,0.004,120,8,ASGA,emp,-2.043514661424177,3.516813139314845e-09,0.008047138869463328,167.84216788485392,124.2677697280364,
main,7,0.004,120,8,SGA,cert,-0.015717566522670177,0.020700788295936835,0.008047138869463328,167.84216788485392,0.005957978335253855,
main,7,0.004,120,8,ASGA,cert,-0.7229140517240601,0.004001699910125001,0.008047138869463328,167.84216788485392,0.005957978335253855,
main,8,0.004,120,8,SGA,emp,-1.0042682477665004,2.705551426784858e-07,0.008021043015486833,186.1598991613723,124.67206547443077,
main,8,0.004,120,8,ASGA,emp,-2.0194209765344766,4.548506897517068e-09,0.008021043015486833,186.1598991613723,124.67206547443077,
main,8,0.004,120,8,SGA,cert,-0.013950367877856,0.01707814252903314,0.008021043015486833,186.1598991613723,0.00537172615855981,
main,8,0.004,120,8,ASGA,cert,-0.6330556212604481,0.004079564567118915,0.008021043015486833,186.1598991613723,0.00537172615855981,
main,9,0.004,120,8,SGA,emp,-1.000505948481879,2.4464284724412533e-07,0.008056555086053444,200.50088103197524,124.12252995465542,
main,9,0.004,120,8,ASGA,emp,-2.013187125292717,4.163653033462111e-09,0.008056555086053444,200.50088103197524,124.12252995465542,
main,9,0.004,120,8,SGA,cert,-0.013219989879340055,0.022014125209153062,0.008056555086053444,200.50088103197524,0.004987509256084132,
main,9,0.004,120,8,ASGA,cert,-0.5991245571008419,0.0056783450129565885,0.008056555086053444,200.50088103197524,0.004987509256084132,
main,10,0.004,120,8,SGA,emp,-0.9822493184486555,2.0311838049708042e-07,0.008059041442692797,158.95782035076022,124.08423596167367,
main,10,0.004,120,8,ASGA,emp,-2.002852843806404,3.521498592728989e-09,0.008059041442692797,158.95782035076022,124.08423596167367,
main,10,0.004,120,8,SGA,cert,-0.016825806682738975,0.024538220494905123,0.008059041442692797,158.95782035076022,0.006290977051606366,
main,10,0.004,120,8,ASGA,cert,-0.7807558489551559,0.004131416443256729,0.008059041442692797,158.95782035076022,0.006290977051606366,
main,11,0.004,120,8,SGA,emp,-1.006382853654316,2.5292537821075545e-07,0.008059814398775334,181.87064759365356,124.07233597735788,
main,11,0.004,120,8,ASGA,emp,-2.0576502187497927,3.967731858345314e-09,0.008059814398775334,181.87064759365356,124.07233597735788,
main,11,0.004,120,8,SGA,cert,-0.01451175015663009,0.021019959650228636,0.008059814398775334,181.87064759365356,0.005498413368133272,
main,11,0.004,120,8,ASGA,cert,-0.6625072462150656,0.004680275834558732,0.008059814398775334,181.87064759365356,0.005498413368133272,
main,12,0.004,120,8,SGA,emp,-0.9926617212309361,2.431617542597575e-07,0.00806307130394658,201.24231980953303,124.02221961134542,
main,12,0.004,120,8,ASGA,emp,-2.0007363523998674,4.228927499849711e-09,0.00806307130394658,201.24231980953303,124.02221961134542,
main,12,0.004,120,8,SGA,cert,-0.013168289051128854,0.02220285743053743,0.00806307130394658,201.24231980953303,0.004969133733632448,
main,12,0.004,120,8,ASGA,cert,-0.5966332620913438,0.005760107762051735,0.00806307130394658,201.24231980953303,0.004969133733632448,
main,13,0.004,120,8,SGA,emp,-0.9825418483684871,2.2895496233632517e-07,0.008062958846858509,189.42952124619237,124.02394939540342,
main,13,0.004,120,8,ASGA,emp,-1.9721085702291454,4.1755223167960764e-09,0.008062958846858509,189.42952124619237,124.02394939540342,
main,13,0.004,120,8,SGA,cert,-0.014080231348710249,0.02529547614398249,0.008062958846858509,189.42952124619237,0.005279008221217792,
main,13,0.004,120,8,ASGA,cert,-0.6420596945366608,0.00590117178177544,0.008062958846858509,189.42952124619237,0.005279008221217792,
main,14,0.004,120,8,SGA,emp,-1.0345844006928178,2.2590010829992568e-07,0.008071734601929377,191.71784151134466,123.88910801910797,
main,14,0.004,120,8,ASGA,emp,-2.0958913333776517,3.3013316733110365e-09,0.008071734601929377,191.71784151134466,123.88910801910797,
main,14,0.004,120,8,SGA,cert,-0.0133584954864027,0.0138827660858775,0.008071734601929377,191.71784151134466,0.005215998636938682,
main,14,0.004,120,8,ASGA,cert,-0.604001437574083,0.003548277045496151,0.008071734601929377,191.71784151134466,0.005215998636938682,
main,15,0.004,120,8,SGA,emp,-1.0015080526827267,2.1205802251678119e-07,0.008062802053175309,198.97775996655147,124.0263612333355,
main,15,0.004,120,8,ASGA,emp,-2.0261984713555057,3.525294528516909e-09,0.008062802053175309,198.97775996655147,124.0263612333355,
main,15,0.004,120,8,SGA,cert,-0.013425115865384125,0.024523148662717202,0.008062802053175309,198.97775996655147,0.005025687293736254,
main,15,0.004,120,8,ASGA,cert,-0.6100262758825146,0.006162184859734528,0.008062802053175309,198.97775996655147,0.005025687293736254,
main,16,0.004,120,8,SGA,emp,-1.0048272214300935,3.070403782751141e-07,0.008077300989781442,195.1742403782872,123.80373113062095,
main,16,0.004,120,8,ASGA,emp,-2.041172901350712,4.981634021961057e-09,0.008077300989781442,195.1742403782872,123.80373113062095,
main,16,0.004,120,8,SGA,cert,-0.013392817971881396,0.018674555754624546,0.008077300989781442,195.1742403782872,0.0051236269605138334,
main,16,0.004,120,8,ASGA,cert,-0.6063722759464815,0.004742799550221194,0.008077300989781442,195.1742403782872,0.0051236269605138334,
main,17,0.004,120,8,SGA,emp,-1.0280583271223074,2.622837486712659e-07,0.008053283292998538,199.4796777098785,124.17295699375089,
main,17,0.004,120,8,ASGA,emp,-2.096312883327696,3.836874332141527e-09,0.008053283292998538,199.4796777098785,124.17295699375089,
main,17,0.004,120,8,SGA,cert,-0.012807265285529546,0.01360505767641889,0.008053283292998538,199.4796777098785,0.005013041987436892,
main,17,0.004,120,8,ASGA,cert,-0.576738374967261,0.003704934785302573,0.008053283292998538,199.4796777098785,0.005013041987436892,
main,18,0.004,120,8,SGA,emp,-1.018088055363587,2.516245177983101e-07,0.0080439538119245,198.05581704252694,124.31697438610131,
main,18,0.004,120,8,ASGA,emp,-2.0616711035139987,3.925579243613253e-09,0.0080439538119245,198.05581704252694,124.31697438610131,
main,18,0.004,120,8,SGA,cert,-0.013204046807833627,0.01811815767910559,0.0080439538119245,198.05581704252694,0.00504908169289104,
main,18,0.004,120,8,ASGA,cert,-0.5974697122797428,0.004695898732705858,0.0080439538119245,198.05581704252694,0.00504908169289104,
main,19,0.004,120,8,SGA,emp,-0.9954392949754356,2.2362761326749636e-07,0.008061241832048519,161.74594769498367,124.05036603968007,
main,19,0.004,120,8,ASGA,emp,-2.0196169814357487,3.759713103346218e-09,0.008061241832048519,161.74594769498367,124.05036603968007,
main,19,0.004,120,8,SGA,cert,-0.016504632005251773,0.02489156315560957,0.008061241832048519,161.74594769498367,0.006182535106757507,
main,19,0.004,120,8,ASGA,cert,-0.7640584080011092,0.004361233916905689,0.008061241832048519,161.74594769498367,0.006182535106757507,
main,20,0.004,120,8,SGA,emp,-0.9976469783545309,2.5367860281844123e-07,0.008044321518036598,193.92690224857034,124.31129185448981,
main,20,0.004,120,8,ASGA,emp,-2.0092877102785374,4.3448130163104e-09,0.008044321518036598,193.92690224857034,124.31129185448981,
main,20,0.004,120,8,SGA,cert,-0.013523122932229206,0.019240654786692443,0.008044321518036598,193.92690224857034,0.005156582136903454,
main,20,0.004,120,8,ASGA,cert,-0.6131306680328815,0.00480860809096318,0.008044321518036598,193.92690224857034,0.005156582136903454,
main,21,0.004,120,8,SGA,emp,-1.028536629175414,2.250049049995484e-07,0.008061368557084855,174.56670870045625,124.0484159629614,
main,21,0.004,120,8,ASGA,emp,-2.0870763582535776,3.331315050203454e-09,0.008061368557084855,174.56670870045625,124.0484159629614,
main,21,0.004,120,8,SGA,cert,-0.014961200035799538,0.017653167360203094,0.008061368557084855,174.56670870045625,0.005728469119022729,
main,21,0.004,120,8,ASGA,cert,-0.6839756975945182,0.0037423912063874326,0.008061368557084855,174.56670870045625,0.005728469119022729,
main,22,0.004,120,8,SGA,emp,-1.000372599118668,3.222025607013679e-07,0.008066773342763985,194.13952025228818,123.96530279321841,
main,22,0.004,120,8,ASGA,emp,-2.0281859698536495,5.3640941202748316e-09,0.008066773342763985,194.13952025228818,123.96530279321841,
main,22,0.004,120,8,SGA,cert,-0.013426680327798736,0.01810951629501776,0.008066773342763985,194.13952025228818,0.005150934743737288,
main,22,0.004,120,8,ASGA,cert,-0.6076246673695535,0.00458777426189471,0.008066773342763985,194.13952025228818,0.005150934743737288,
main,23,0.004,120,8,SGA,emp,-0.9931614289517486,2.3087032452462353e-07,0.008048651006055906,192.10004206632502,124.24442297815962,
main,23,0.004,120,8,ASGA,emp,-1.9879096311673072,4.1032577197119835e-09,0.008048651006055906,192.10004206632502,124.24442297815962,
main,23,0.004,120,8,SGA,cert,-0.01370021781064887,0.01985600667924991,0.008048651006055906,192.10004206632502,0.005205620931903477,
main,23,0.004,120,8,ASGA,cert,-0.6221347547130024,0.004857964186054511,0.008048651006055906,192.10004206632502,0.005205620931903477,
main,24,0.004,120,8,SGA,emp,-1.0580071091737295,2.3631857762329567e-07,0.008064784070238943,196.9768891369863,123.99588027288274,
main,24,0.004,120,8,ASGA,emp,-2.1899833718340806,2.9055459496718505e-09,0.008064784070238943,196.9768891369863,123.99588027288274,
main,24,0.004,120,8,SGA,cert,-0.012742157170241164,0.011347056585814183,0.008064784070238943,196.9768891369863,0.005076737704515967,
main,24,0.004,120,8,ASGA,cert,-0.5732786215833415,0.0031164034047875926,0.008064784070238943,196.9768891369863,0.005076737704515967,
main,25,0.004,120,8,SGA,emp,-0.9796841040779238,2.441235534000885e-07,0.008069206359452491,184.109075552561,123.92792493509258,
main,25,0.004,120,8,ASGA,emp,-1.9679703401957938,4.470722722582643e-09,0.008069206359452491,184.109075552561,123.92792493509258,
main,25,0.004,120,8,SGA,cert,-0.014531515595427258,0.029223108807290878,0.008069206359452491,184.109075552561,0.005431562767879477,
main,25,0.004,120,8,ASGA,cert,-0.6650929423261519,0.006457981454222689,0.008069206359452491,184.109075552561,0.005431562767879477,
main,26,0.004,120,8,SGA,emp,-1.010898756899802,2.785726880769057e-07,0.008079113731600703,176.9145049495001,123.77595281133287,
main,26,0.004,120,8,ASGA,emp,-2.0597562610166253,4.3624430942634795e-09,0.008079113731600703,176.9145049495001,123.77595281133287,
main,26,0.004,120,8,SGA,cert,-0.014697046417494478,0.017145581122921125,0.008079113731600703,176.9145049495001,0.005652447775751615,
main,26,0.004,120,8,ASGA,cert,-0.6700025728177245,0.0037582121628585152,0.008079113731600703,176.9145049495001,0.005652447775751615,
main,27,0.004,120,8,SGA,emp,-1.0032154470643866,2.4165832902128814e-07,0.00804728463577847,176.37038116511363,124.2655187756091,
main,27,0.004,120,8,ASGA,emp,-2.0204857839950416,4.057297581239183e-09,0.00804728463577847,176.37038116511363,124.2655187756091,
main,27,0.004,120,8,SGA,cert,-0.014889896179748128,0.019402693330844913,0.00804728463577847,176.37038116511363,0.005669886255242736,
main,27,0.004,120,8,ASGA,cert,-0.6807779264510257,0.004142330456510496,0.00804728463577847,176.37038116511363,0.005669886255242736,
main,28,0.004,120,8,SGA,emp,-0.9873612471224681,2.3809276653713463e-07,0.008045446443386272,190.7921654976368,124.2939104792682,
main,28,0.004,120,8,ASGA,emp,-1.9855852305751327,4.251270294131082e-09,0.008045446443386272,190.7921654976368,124.2939104792682,
main,28,0.004,120,8,SGA,cert,-0.013969539673279484,0.02454615171462115,0.008045446443386272,190.7921654976368,0.005241305361736073,
main,28,0.004,120,8,ASGA,cert,-0.6364007006654352,0.00580323386244775,0.008045446443386272,190.7921654976368,0.005241305361736073,
main,29,0.004,120,8,SGA,emp,-1.0056402216541076,2.391347021513113e-07,0.008069194866721911,198.40337691856882,123.92810144220093,
main,29,0.004,120,8,ASGA,emp,-2.0308297057472844,3.938511558554403e-09,0.008069194866721911,198.40337691856882,123.92810144220093,
main,29,0.004,120,8,SGA,cert,-0.013315932118196518,0.021125629743823156,0.008069194866721911,198.40337691856882,0.005040236791989848,
main,29,0.004,120,8,ASGA,cert,-0.6038084837437981,0.005390925758679922,0.008069194866721911,198.40337691856882,0.005040236791989848,
main,30,0.004,120,8,SGA,emp,-1.0189088325631421,2.392163706080308e-07,0.008071039999339922,168.0701743294806,123.89977005215977,
main,30,0.004,120,8,ASGA,emp,-2.080496216601038,3.59446807735031e-09,0.008071039999339922,168.0701743294806,123.89977005215977,
main,30,0.004,120,8,SGA,cert,-0.015542357444409889,0.01774798645057927,0.008071039999339922,168.0701743294806,0.005949895655130486,
main,30,0.004,120,8,ASGA,cert,-0.7127831326495773,0.0035180924397301347,0.008071039999339922,168.0701743294806,0.005949895655130486,
main,31,0.004,120,8,SGA,emp,-0.9952744082398661,2.3795736529830247e-07,0.00804697238377232,186.1737477528472,124.27034073294688,
main,31,0.004,120,8,ASGA,emp,-2.0013421597428653,4.111862225708585e-09,0.00804697238377232,186.1737477528472,124.27034073294688,
main,31,0.004,120,8,SGA,cert,-0.014270941886981005,0.02398758953018052,0.00804697238377232,186.1737477528472,0.005371326581057704,
main,31,0.004,120,8,ASGA,cert,-0.6511195370561798,0.005481363640049766,0.00804697238377232,186.1737477528472,0.005371326581057704,
main,32,0.004,120,8,SGA,emp,-0.9920029999104035,2.0328192879004447e-07,0.008055740631595556,161.11091784972152,124.13507903641822,
main,32,0.004,120,8,ASGA,emp,-2.0010638197053146,3.5329986020071757e-09,0.008055740631595556,161.11091784972152,124.13507903641822,
main,32,0.004,120,8,SGA,cert,-0.016752850729256454,0.031954542396942474,0.008055740631595556,161.11091784972152,0.006206903997237258,
main,32,0.004,120,8,ASGA,cert,-0.7787152898516881,0.0053967583842615754,0.008055740631595556,161.11091784972152,0.006206903997237258,
main,33,0.004,120,8,SGA,emp,-1.0027679650461323,3.350977384672382e-07,0.008038244173507698,199.58403555449328,124.40527787097862,
main,33,0.004,120,8,ASGA,emp,-2.031301328285261,5.532491895166025e-09,0.008038244173507698,199.58403555449328,124.40527787097862,
main,33,0.004,120,8,SGA,cert,-0.012770912422044228,0.014066121774187992,0.008038244173507698,199.58403555449328,0.005010420784516935,
main,33,0.004,120,8,ASGA,cert,-0.57406723957524,0.0038572534842399933,0.008038244173507698,199.58403555449328,0.005010420784516935,
main,34,0.004,120,8,SGA,emp,-0.9901616404494025,2.212445562796428e-07,0.008083307804654747,176.41306402254077,123.71173091097103,
main,34,0.004,120,8,ASGA,emp,-1.9930421433665364,3.892290760532102e-09,0.008083307804654747,176.41306402254077,123.71173091097103,
main,34,0.004,120,8,SGA,cert,-0.015168094811353896,0.0268267583392341,0.008083307804654747,176.41306402254077,0.005668514435372129,
main,34,0.004,120,8,ASGA,cert,-0.6968395996652935,0.005503281856017235,0.008083307804654747,176.41306402254077,0.005668514435372129,
main,35,0.004,120,8,SGA,emp,-0.9939908955812139,2.442248485667875e-07,0.008043039264150426,201.50568116468958,124.33111006398009,
main,35,0.004,120,8,ASGA,emp,-2.016079400020733,4.133596055722055e-09,0.008043039264150426,201.50568116468958,124.33111006398009,
main,35,0.004,120,8,SGA,cert,-0.013290263520872194,0.026698203519352703,0.008043039264150426,201.50568116468958,0.004962639237862008,
main,35,0.004,120,8,ASGA,cert,-0.6034032907855099,0.006812646094916955,0.008043039264150426,201.50568116468958,0.004962639237862008,
main,36,0.004,120,8,SGA,emp,-1.0339155213649975,2.2985379032752773e-07,0.008017729855768234,181.46902860430865,124.72358360647002,
main,36,0.004,120,8,ASGA,emp,-2.091733797950174,3.3872292262704384e-09,0.008017729855768234,181.46902860430865,124.72358360647002,
main,36,0.004,120,8,SGA,cert,-0.014133344450908681,0.014140614717470898,0.008017729855768234,181.46902860430865,0.005510582206181803,
main,36,0.004,120,8,ASGA,cert,-0.6416787965819755,0.0033126623151960646,0.008017729855768234,181.46902860430865,0.005510582206181803,
main,37,0.004,120,8,SGA,emp,-1.0095366621689281,3.0300240431990755e-07,0.008028587372581842,185.9868344632682,124.55491278765506,
main,37,0.004,120,8,ASGA,emp,-2.0427539511353885,4.911256776263251e-09,0.008028587372581842,185.9868344632682,124.55491278765506,
main,37,0.004,120,8,SGA,cert,-0.013956771429155178,0.01716050318459896,0.008028587372581842,185.9868344632682,0.005376724663796011,
main,37,0.004,120,8,ASGA,cert,-0.6333695292056873,0.0040965904512181225,0.008028587372581842,185.9868344632682,0.005376724663796011,
main,38,0.004,120,8,SGA,emp,-1.0060873493195392,2.890393653517953e-07,0.008052472602119476,190.67347002809143,124.18545823264174,
main,38,0.004,120,8,ASGA,emp,-2.0437159054452043,4.669954284386435e-09,0.008052472602119476,190.67347002809143,124.18545823264174,
main,38,0.004,120,8,SGA,cert,-0.01373408671392708,0.01895939840802293,0.008052472602119476,190.67347002809143,0.005244568108256868,
main,38,0.004,120,8,ASGA,cert,-0.6232354976486447,0.004629645655042577,0.008052472602119476,190.67347002809143,0.005244568108256868,
main,39,0.004,120,8,SGA,emp,-1.0313040714643178,2.3791383297472324e-07,0.008032222392262192,172.7848301697569,124.49854488134515,
main,39,0.004,120,8,ASGA,emp,-2.1155481802372056,3.349488505999254e-09,0.008032222392262192,172.7848301697569,124.49854488134515,
main,39,0.004,120,8,SGA,cert,-0.014930939722637366,0.015068285163761713,0.008032222392262192,172.7848301697569,0.005787545116185977,
main,39,0.004,120,8,ASGA,cert,-0.6812152193430403,0.0032192181238306153,0.008032222392262192,172.7848301697569,0.005787545116185977,
main,40,0.004,120,8,SGA,emp,-1.0007149975323684,2.496810607016675e-07,0.008049742084608446,195.2370383086874,124.22758263423813,
main,40,0.004,120,8,ASGA,emp,-2.009528296674197,4.271039258374465e-09,0.008049742084608446,195.2370383086874,124.22758263423813,
main,40,0.004,120,8,SGA,cert,-0.013393731948635029,0.018477646302050066,0.008049742084608446,195.2370383086874,0.00512197894755456,
main,40,0.004,120,8,ASGA,cert,-0.6066047913192923,0.0046894202316155875,0.008049742084608446,195.2370383086874,0.00512197894755456,
main,41,0.004,120,8,SGA,emp,-1.0155324888752433,2.544023755962632e-07,0.008040827765884415,159.1198548716341,124.36530530386375,
main,41,0.004,120,8,ASGA,emp,-2.0832337064875674,3.803623478682017e-09,0.008040827765884415,159.1198548716341,124.36530530386375,
main,41,0.004,120,8,SGA,cert,-0.016444845514571666,0.01870207187968205,0.008040827765884415,159.1198548716341,0.006284570840054653,
main,41,0.004,120,8,ASGA,cert,-0.7584252331275422,0.0033307509846769237,0.008040827765884415,159.1198548716341,0.006284570840054653,
main,42,0.004,120,8,SGA,emp,-0.9918119872461925,2.3457527264375555e-07,0.008039350518301114,183.099362538021,124.38815769054455,
main,42,0.004,120,8,ASGA,emp,-1.9891198356150646,4.16113445783628e-09,0.008039350518301114,183.099362538021,124.38815769054455,
main,42,0.004,120,8,SGA,cert,-0.014454096833719805,0.021704964493925706,0.008039350518301114,183.099362538021,0.005461515464273381,
main,42,0.004,120,8,ASGA,cert,-0.6597135840697219,0.004863610691157275,0.008039350518301114,183.099362538021,0.005461515464273381,
main,43,0.004,120,8,SGA,emp,-1.0071341173443265,2.800213667192297e-07,0.008038183312003002,201.3532216861417,124.40621981172684,
main,43,0.004,120,8,ASGA,emp,-2.0405903843206996,4.551668777996731e-09,0.008038183312003002,201.3532216861417,124.40621981172684,
main,43,0.004,120,8,SGA,cert,-0.012981588994614171,0.018486727080943486,0.008038183312003002,201.3532216861417,0.004966396820601882,
main,43,0.004,120,8,ASGA,cert,-0.5865833678491995,0.004914143496148077,0.008038183312003002,201.3532216861417,0.004966396820601882,
main,44,0.004,120,8,SGA,emp,-0.9964536230005858,1.924797725857963e-07,0.008067641238874842,199.00801369845036,123.9519669245314,
main,44,0.004,120,8,ASGA,emp,-2.012866124702748,3.270612204675505e-09,0.008067641238874842,199.00801369845036,123.9519669245314,
main,44,0.004,120,8,SGA,cert,-0.013436418010590732,0.024379590099747515,0.008067641238874842,199.00801369845036,0.005024923275277064,
main,44,0.004,120,8,ASGA,cert,-0.6106588554265778,0.006116386745623627,0.008067641238874842,199.00801369845036,0.005024923275277064,
main,45,0.004,120,8,SGA,emp,-1.0157454817767966,2.6333587187232776e-07,0.008074415958487534,152.11563763472356,123.84796685496939,
main,45,0.004,120,8,ASGA,emp,-2.0860561225169136,3.93661493680586e-09,0.008074415958487534,152.11563763472356,123.84796685496939,
main,45,0.004,120,8,SGA,cert,-0.01691145718463278,0.014510674827949634,0.008074415958487534,152.11563763472356,0.0065739460817388655,
main,45,0.004,120,8,ASGA,cert,-0.7796557124958083,0.002465267502633983,0.008074415958487534,152.11563763472356,0.0065739460817388655,
main,46,0.004,120,8,SGA,emp,-0.9727663278329347,2.525326270319539e-07,0.008081234993853985,193.55341006363113,123.74346257230846,
main,46,0.004,120,8,ASGA,emp,-1.9693035222113915,4.6180420737451655e-09,0.008081234993853985,193.55341006363113,123.74346257230846,
main,46,0.004,120,8,SGA,cert,-0.013770102678914996,0.025463853979460188,0.008081234993853985,193.55341006363113,0.0051665325848366484,
main,46,0.004,120,8,ASGA,cert,-0.6263611423141019,0.006163750054357181,0.008081234993853985,193.55341006363113,0.0051665325848366484,
main,47,0.004,120,8,SGA,emp,-1.007331447443482,2.4029510568152057e-07,0.008077430151609093,176.5001148722324,123.80175145195052,
main,47,0.004,120,8,ASGA,emp,-2.0305973295346393,3.952075992852411e-09,0.008077430151609093,176.5001148722324,123.80175145195052,
main,47,0.004,120,8,SGA,cert,-0.01495206884462924,0.020887441950772925,0.008077430151609093,176.5001148722324,0.0056657186921600326,
main,47,0.004,120,8,ASGA,cert,-0.6842912979841518,0.004420646053060404,0.008077430151609093,176.5001148722324,0.0056657186921600326,
main,48,0.004,120,8,SGA,emp,-1.0131995940574914,3.370516940895407e-07,0.008025400938024074,188.95650087561233,124.60436652604288,
main,48,0.004,120,8,ASGA,emp,-2.0693451368008295,5.215307713468675e-09,0.008025400938024074,188.95650087561233,124.60436652604288,
main,48,0.004,120,8,SGA,cert,-0.01322373564004315,0.011720449824728554,0.008025400938024074,188.95650087561233,0.005292223317885672,
main,48,0.004,120,8,ASGA,cert,-0.5950484196105248,0.003065607734074882,0.008025400938024074,188.95650087561233,0.005292223317885672,
main,49,0.004,120,8,SGA,emp,-1.0244027128579272,2.3331331561876612e-07,0.008069000655994241,185.37764785077096,123.93108423620305,
main,49,0.004,120,8,ASGA,emp,-2.0754983957827293,3.5417123886438695e-09,0.008069000655994241,185.37764785077096,123.93108423620305,
main,49,0.004,120,8,SGA,cert,-0.014246974554612976,0.021328937929068696,0.008069000655994241,185.37764785077096,0.005394393615378054,
main,49,0.004,120,8,ASGA,cert,-0.6498064208484365,0.004890236991697806,0.008069000655994241,185.37764785077096,0.005394393615378054,
main,0,0.004,240,2,SGA,emp,-1.0058981790327812,3.680835109487468e-07,0.003977236684877239,199.46897131114943,251.43084991706147,
main,0,0.004,240,2,ASGA,emp,-2.03478182195556,6.071069931501416e-09,0.003977236684877239,199.46897131114943,251.43084991706147,
main,0,0.004,240,2,SGA,cert,-0.0062036357033410155,0.011033454107288627,0.003977236684877239,199.46897131114943,0.005013311059994946,
main,0,0.004,240,2,ASGA,cert,-0.2695436398049678,0.006049082323511243,0.003977236684877239,199.46897131114943,0.005013311059994946,
main,1,0.004,240,2,SGA,emp,-1.0098398377330091,3.5833928980349983e-07,0.004050896397805686,181.09181613817654,246.85894226810788,
main,1,0.004,240,2,ASGA,emp,-2.066303517349636,5.586696751047615e-09,0.004050896397805686,181.09181613817654,246.85894226810788,
main,1,0.004,240,2,SGA,cert,-0.007105077207051129,0.015722344631746436,0.004050896397805686,181.09181613817654,0.005522060694542821,
main,1,0.004,240,2,ASGA,cert,-0.3107602221313032,0.007851054741938743,0.004050896397805686,181.09181613817654,0.005522060694542821,
main,2,0.004,240,2,SGA,emp,-1.0051973903158877,2.749720913325371e-07,0.004045786075137167,188.23721248195434,247.17075530645704,
main,2,0.004,240,2,ASGA,emp,-2.026412001448892,4.592440525086339e-09,0.004045786075137167,188.23721248195434,247.17075530645704,
main,2,0.004,240,2,SGA,cert,-0.006827837897757395,0.01470922747774778,0.004045786075137167,188.23721248195434,0.005312445859215358,
main,2,0.004,240,2,ASGA,cert,-0.2982418404928555,0.007555485567524826,0.004045786075137167,188.23721248195434,0.005312445859215358,
main,3,0.004,240,2,SGA,emp,-0.9797003338526327,1.9987484169148306e-07,0.004038057116720942,137.83969197965484,247.6438472995247,
main,3,0.004,240,2,ASGA,emp,-1.9655518455204657,3.6999623989619757e-09,0.004038057116720942,137.83969197965484,247.6438472995247,
main,3,0.004,240,2,SGA,cert,-0.009746695445870725,0.0282587186572607,0.004038057116720942,137.83969197965484,0.00725480437193374,
main,3,0.004,240,2,ASGA,cert,-0.43376237152538716,0.010658162599706533,0.004038057116720942,137.83969197965484,0.00725480437193374,
main,4,0.004,240,2,SGA,emp,-0.9976327461707308,2.891906463187155e-07,0.0039868651180609395,189.73889944134527,250.82363470735177,
main,4,0.004,240,2,ASGA,emp,-2.03461176597854,4.770764873429645e-09,0.0039868651180609395,189.73889944134527,250.82363470735177,
main,4,0.004,240,2,SGA,cert,-0.007029870664525336,0.02544132472368307,0.0039868651180609395,189.73889944134527,0.00527040055014725,
main,4,0.004,240,2,ASGA,cert,-0.307966868439782,0.012777786731356815,0.0039868651180609395,189.73889944134527,0.00527040055014725,
main,5,0.004,240,2,SGA,emp,-0.9870408213487415,2.516066826066532e-07,0.0040198041602307055,164.49610136995076,248.76833799351255,
main,5,0.004,240,2,ASGA,emp,-1.9679289674526357,4.632710756680147e-09,0.0040198041602307055,164.49610136995076,248.76833799351255,
main,5,0.004,240,2,SGA,cert,-0.007972307806512972,0.01948883156548189,0.0040198041602307055,164.49610136995076,0.006079171431248732,
main,5,0.004,240,2,ASGA,cert,-0.3506307525558487,0.00888923472285811,0.0040198041602307055,164.49610136995076,0.006079171431248732,
main,6,0.004,240,2,SGA,emp,-1.0255066971410114,3.115761743957557e-07,0.004019346730407056,156.03191687343272,248.79664957363005,
main,6,0.004,240,2,ASGA,emp,-2.09688074140807,4.575021465835771e-09,0.004019346730407056,156.03191687343272,248.79664957363005,
main,6,0.004,240,2,SGA,cert,-0.007898677824366821,0.010699304588518893,0.004019346730407056,156.03191687343272,0.006408945169924194,
main,6,0.004,240,2,ASGA,cert,-0.34639487245233924,0.004931592078419547,0.004019346730407056,156.03191687343272,0.006408945169924194,
main,7,0.004,240,2,SGA,emp,-0.9661311249819853,2.5418621298067823e-07,0.004001452263714287,171.26425211314216,249.90926646011394,
main,7,0.004,240,2,ASGA,emp,-1.963074852985813,4.708679390841297e-09,0.004001452263714287,171.26425211314216,249.90926646011394,
main,7,0.004,240,2,SGA,cert,-0.007758401844448351,0.024871866439741742,0.004001452263714287,171.26425211314216,0.005838930119166788,
main,7,0.004,240,2,ASGA,cert,-0.34113958898847513,0.011588243327826285,0.004001452263714287,171.26425211314216,0.005838930119166788,
main,8,0.004,240,2,SGA,emp,-1.01218391495865,2.730797853053857e-07,0.004036044302928933,160.9733789527742,247.76734964834407,
main,8,0.004,240,2,ASGA,emp,-2.0444203838177337,4.399813825772814e-09,0.004036044302928933,160.9733789527742,247.76734964834407,
main,8,0.004,240,2,SGA,cert,-0.008170294870949342,0.020873434759119437,0.004036044302928933,160.9733789527742,0.0062122073010182416,
main,8,0.004,240,2,ASGA,cert,-0.35994218441304887,0.009320377930793981,0.004036044302928933,160.9733789527742,0.0062122073010182416,
main,9,0.004,240,2,SGA,emp,-0.9945317115350862,1.9724035391771588e-07,0.004036581852090742,136.3553133167982,247.73435462037057,
main,9,0.004,240,2,ASGA,emp,-1.9930228387451565,3.478570674564363e-09,0.004036581852090742,136.3553133167982,247.73435462037057,
main,9,0.004,240,2,SGA,cert,-0.009707283568314977,0.020929048098475504,0.004036581852090742,136.3553133167982,0.007333780955617559,
main,9,0.004,240,2,ASGA,cert,-0.4314328990380098,0.007939481458729185,0.004036581852090742,136.3553133167982,0.007333780955617559,
main,10,0.004,240,2,SGA,emp,-0.9679627053129253,1.874340328916757e-07,0.0040189748925471575,180.46218030888213,248.81966838220706,
main,10,0.004,240,2,ASGA,emp,-1.954023448001678,3.535037873536595e-09,0.0040189748925471575,180.46218030888213,248.81966838220706,
main,10,0.004,240,2,SGA,cert,-0.0075349108997036975,0.04070838485862799,0.0040189748925471575,180.46218030888213,0.005541327264739809,
main,10,0.004,240,2,ASGA,cert,-0.3315135971561341,0.019375520213659736,0.0040189748925471575,180.46218030888213,0.005541327264739809,
main,11,0.004,240,2,SGA,emp,-1.0114639474750193,4.3977029786507194e-07,0.004017228181333283,197.47697654538655,248.92785643759692,
main,11,0.004,240,2,ASGA,emp,-2.0692648060181402,6.843735932127171e-09,0.004017228181333283,197.47697654538655,248.92785643759692,
main,11,0.004,240,2,SGA,cert,-0.00585831660478959,0.007532887497531979,0.004017228181333283,197.47697654538655,0.005063881458455325,
main,11,0.004,240,2,ASGA,cert,-0.2538258189885711,0.00427978969340298,0.004017228181333283,197.47697654538655,0.005063881458455325,
main,12,0.004,240,2,SGA,emp,-0.9836139734385987,2.7737533080107735e-07,0.0040068694121920675,176.80806787775913,249.57139779929156,
main,12,0.004,240,2,ASGA,emp,-1.9846391936563192,4.945712728243734e-09,0.0040068694121920675,176.80806787775913,249.57139779929156,
main,12,0.004,240,2,SGA,cert,-0.007475504319016907,0.0234104436928695,0.0040068694121920675,176.80806787775913,0.005655850505031117,
main,12,0.004,240,2,ASGA,cert,-0.3280973146077202,0.011235789996506568,0.0040068694121920675,176.80806787775913,0.005655850505031117,
main,13,0.004,240,2,SGA,emp,-0.9649023785528599,2.3809502774224667e-07,0.003944685167538911,167.14759070594263,253.50565571850183,
main,13,0.004,240,2,ASGA,emp,-1.9543118160293953,4.499338665531205e-09,0.003944685167538911,167.14759070594263,253.50565571850183,
main,13,0.004,240,2,SGA,cert,-0.007944569707584354,0.02369541356085502,0.003944685167538911,167.14759070594263,0.005982736549037478,
main,13,0.004,240,2,ASGA,cert,-0.34963989331954554,0.010829512938837597,0.003944685167538911,167.14759070594263,0.005982736549037478,
main,14,0.004,240,2,SGA,emp,-1.0042943965308557,1.938441367560495e-07,0.004044838207214366,129.40540928308772,247.22867733409012,
main,14,0.004,240,2,ASGA,emp,-2.0277036124837102,3.206644200171027e-09,0.004044838207214366,129.40540928308772,247.22867733409012,
main,14,0.004,240,2,SGA,cert,-0.010217076759586607,0.02024679321418127,0.004044838207214366,129.40540928308772,0.007727652232932524,
main,14,0.004,240,2,ASGA,cert,-0.45534268698139335,0.007272152678181834,0.004044838207214366,129.40540928308772,0.007727652232932524,
main,15,0.004,240,2,SGA,emp,-1.0160538800320584,2.884484341034166e-07,0.004014804922231722,195.0359519256845,249.07810450828254,
main,15,0.004,240,2,ASGA,emp,-2.045913529736408,4.635162177690777e-09,0.004014804922231722,195.0359519256845,249.07810450828254,
main,15,0.004,240,2,SGA,cert,-0.006507492600336745,0.01356058819291404,0.004014804922231722,195.0359519256845,0.005127259821209963,
main,15,0.004,240,2,ASGA,cert,-0.2836760539408435,0.0071989454811544965,0.004014804922231722,195.0359519256845,0.005127259821209963,
main,16,0.004,240,2,SGA,emp,-1.0137618567096234,4.150739216085553e-07,0.0040164225824797254,187.90789070072844,248.97778544572455,
main,16,0.004,240,2,ASGA,emp,-2.074191819020074,6.393759757750139e-09,0.0040164225824797254,187.90789070072844,248.97778544572455,
main,16,0.004,240,2,SGA,cert,-0.00619127646039994,0.007776517935060637,0.0040164225824797254,187.90789070072844,0.005321756293846384,
main,16,0.004,240,2,ASGA,cert,-0.2687773553789174,0.004272023594184743,0.0040164225824797254,187.90789070072844,0.005321756293846384,
main,17,0.004,240,2,SGA,emp,-0.9670782762999092,2.289716445405543e-07,0.004022254481952915,156.1191088604847,248.6167905304869,
main,17,0.004,240,2,ASGA,emp,-1.9557672212932349,4.312451583332599e-09,0.004022254481952915,156.1191088604847,248.6167905304869,
main,17,0.004,240,2,SGA,cert,-0.008514678713676416,0.023696126611533336,0.004022254481952915,156.1191088604847,0.006405365796019542,
main,17,0.004,240,2,ASGA,cert,-0.37595813621647745,0.01020075105507514,0.004022254481952915,156.1191088604847,0.006405365796019542,
main,18,0.004,240,2,SGA,emp,-1.0176570678096044,3.464577683631731e-07,0.003996179389097351,189.55201507444525,250.23901647865665,
main,18,0.004,240,2,ASGA,emp,-2.077451574033687,5.282973412901182e-09,0.003996179389097351,189.55201507444525,250.23901647865665,
main,18,0.004,240,2,SGA,cert,-0.00643459111754696,0.010080134521647618,0.003996179389097351,189.55201507444525,0.00527559677805196,
main,18,0.004,240,2,ASGA,cert,-0.2800302281323711,0.005397281206629613,0.003996179389097351,189.55201507444525,0.00527559677805196,
main,19,0.004,240,2,SGA,emp,-0.9871840963816804,3.1157642323836887e-07,0.004022916905192385,192.81304406170807,248.57585268770987,
main,19,0.004,240,2,ASGA,emp,-2.0098297741119846,5.324414985297121e-09,0.004022916905192385,192.81304406170807,248.57585268770987,
main,19,0.004,240,2,SGA,cert,-0.006777615601805272,0.019722192447953285,0.004022916905192385,192.81304406170807,0.005186371102983878,
main,19,0.004,240,2,ASGA,cert,-0.2961560259294936,0.01017666952063969,0.004022916905192385,192.81304406170807,0.005186371102983878,
main,20,0.004,240,2,SGA,emp,-1.0200148629664259,3.2006279013230277e-07,0.004023983227023569,184.12652004615524,248.50998216999844,
main,20,0.004,240,2,ASGA,emp,-2.0773827802265634,4.86685582806734e-09,0.004023983227023569,184.12652004615524,248.50998216999844,
main,20,0.004,240,2,SGA,cert,-0.006741861608987428,0.011267938031711475,0.004023983227023569,184.12652004615524,0.0054310481713841586,
main,20,0.004,240,2,ASGA,cert,-0.2939732456316459,0.0058459836719602296,0.004023983227023569,184.12652004615524,0.0054310481713841586,
main,21,0.004,240,2,SGA,emp,-1.004455699313736,3.2348480102223354e-07,0.004037443426731469,188.63426244150924,247.68148907774412,
main,21,0.004,240,2,ASGA,emp,-2.0427446649601193,5.262473699862991e-09,0.004037443426731469,188.63426244150924,247.68148907774412,
main,21,0.004,240,2,SGA,cert,-0.006738913658797403,0.013459460745315177,0.004037443426731469,188.63426244150924,0.005301263869335906,
main,21,0.004,240,2,ASGA,cert,-0.29404485880561926,0.006980416568541661,0.004037443426731469,188.63426244150924,0.005301263869335906,
main,22,0.004,240,2,SGA,emp,-1.0028095265842367,3.201653108117486e-07,0.0040364623230904695,188.72398208709882,247.74169060851332,
main,22,0.004,240,2,ASGA,emp,-2.03596760813464,5.269165603838388e-09,0.0040364623230904695,188.72398208709882,247.74169060851332,
main,22,0.004,240,2,SGA,cert,-0.0067712246537408125,0.014225557851434142,0.0040364623230904695,188.72398208709882,0.005298743641062457,
main,22,0.004,240,2,ASGA,cert,-0.2955534747702479,0.0073523119643086055,0.0040364623230904695,188.72398208709882,0.005298743641062457,
main,23,0.004,240,2,SGA,emp,-1.0127360013255837,3.6817625957002997e-07,0.003989011457217093,185.2395617219878,250.68867580983166,
main,23,0.004,240,2,ASGA,emp,-2.057410252041375,5.832981909981161e-09,0.003989011457217093,185.2395617219878,250.68867580983166,
main,23,0.004,240,2,SGA,cert,-0.006577360645732635,0.009996749490858547,0.003989011457217093,185.2395617219878,0.005398414845640939,
main,23,0.004,240,2,ASGA,cert,-0.28627427537852407,0.005278524163350236,0.003989011457217093,185.2395617219878,0.005398414845640939,
main,24,0.004,240,2,SGA,emp,-1.036217836738851,2.572273203396702e-07,0.004031581903303025,143.80202898097653,248.04159359399657,
main,24,0.004,240,2,ASGA,emp,-2.1085996459899077,3.6836855579758243e-09,0.004031581903303025,143.80202898097653,248.04159359399657,
main,24,0.004,240,2,SGA,cert,-0.008744068577335203,0.012124730238003874,0.004031581903303025,143.80202898097653,0.00695400480150589,
main,24,0.004,240,2,ASGA,cert,-0.385512391213381,0.005112743869340342,0.004031581903303025,143.80202898097653,0.00695400480150589,
main,25,0.004,240,2,SGA,emp,-0.9696848714994091,2.319173551673659e-07,0.004004533243609148,172.22851915146063,249.7169930093362,
main,25,0.004,240,2,ASGA,emp,-1.9562890461078164,4.322478139306973e-09,0.004004533243609148,172.22851915146063,249.7169930093362,
main,25,0.004,240,2,SGA,cert,-0.00783574538268417,0.03919328421916017,0.004004533243609148,172.22851915146063,0.005806239320449497,
main,25,0.004,240,2,ASGA,cert,-0.3453115734834798,0.01808046161696454,0.004004533243609148,172.22851915146063,0.005806239320449497,
main,26,0.004,240,2,SGA,emp,-1.0047427642861146,3.300581391113555e-07,0.0039848143475315,191.73083915885488,250.9527201987407,
main,26,0.004,240,2,ASGA,emp,-2.0492069849759815,5.313147345697988e-09,0.0039848143475315,191.73083915885488,250.9527201987407,
main,26,0.004,240,2,SGA,cert,-0.006581611684073214,0.012581320257047002,0.0039848143475315,191.73083915885488,0.005215645038571335,
main,26,0.004,240,2,ASGA,cert,-0.28688070436258367,0.006631705406453331,0.0039848143475315,191.73083915885488,0.005215645038571335,
main,27,0.004,240,2,SGA,emp,-1.0127171912482773,3.351261368619851e-07,0.00400853372749251,184.14879574289805,249.46777749217992,
main,27,0.004,240,2,ASGA,emp,-2.0464698461500506,5.400523847565175e-09,0.00400853372749251,184.14879574289805,249.46777749217992,
main,27,0.004,240,2,SGA,cert,-0.006770749063047476,0.011722090697140763,0.00400853372749251,184.14879574289805,0.005430391200581969,
main,27,0.004,240,2,ASGA,cert,-0.2952124397335851,0.0060648234923350725,0.00400853372749251,184.14879574289805,0.005430391200581969,
main,28,0.004,240,2,SGA,emp,-0.9695420980605914,2.7069311364646964e-07,0.003980273273624584,197.02421283553286,251.23903090436878,
main,28,0.004,240,2,ASGA,emp,-1.9594817330815024,5.0391828765317115e-09,0.003980273273624584,197.02421283553286,251.23903090436878,
main,28,0.004,240,2,SGA,cert,-0.006707210297087897,0.022528122099182986,0.003980273273624584,197.02421283553286,0.005075518311217698,
main,28,0.004,240,2,ASGA,cert,-0.2930850913386683,0.01170397592122923,0.003980273273624584,197.02421283553286,0.005075518311217698,
main,29,0.004,240,2,SGA,emp,-0.9752706670801042,2.3159279979867442e-07,0.004023506193385225,166.65448955405603,248.53944593002802,
main,29,0.004,240,2,ASGA,emp,-1.974675520609983,4.205559234193856e-09,0.004023506193385225,166.65448955405603,248.53944593002802,
main,29,0.004,240,2,SGA,cert,-0.008086406468127732,0.0335764196774008,0.004023506193385225,166.65448955405603,0.006000438408085251,
main,29,0.004,240,2,ASGA,cert,-0.3566615518502457,0.0150965916154195,0.004023506193385225,166.65448955405603,0.006000438408085251,
main,30,0.004,240,2,SGA,emp,-1.0222874825848192,2.9532767226170265e-07,0.004026786902333838,188.16180576656942,248.33695555640696,
main,30,0.004,240,2,ASGA,emp,-2.080433645608151,4.452994924186715e-09,0.004026786902333838,188.16180576656942,248.33695555640696,
main,30,0.004,240,2,SGA,cert,-0.00667392451041053,0.012238888388166863,0.004026786902333838,188.16180576656942,0.005314574846505164,
main,30,0.004,240,2,ASGA,cert,-0.2910561367802273,0.0063907760276602985,0.004026786902333838,188.16180576656942,0.005314574846505164,
main,31,0.004,240,2,SGA,emp,-0.9647736717605134,2.0258252332594484e-07,0.004023204230184614,146.93291001328336,248.55810015742418,
main,31,0.004,240,2,ASGA,emp,-1.9559639040406023,3.809439250157531e-09,0.004023204230184614,146.93291001328336,248.55810015742418,
main,31,0.004,240,2,SGA,cert,-0.009193115966157643,0.03273468747452304,0.004023204230184614,146.93291001328336,0.006805827230329786,
main,31,0.004,240,2,ASGA,cert,-0.40801203153403953,0.013092671584591015,0.004023204230184614,146.93291001328336,0.006805827230329786,
main,32,0.004,240,2,SGA,emp,-0.9780245664183926,2.4849860574827076e-07,0.004018325893213325,160.55111207757008,248.8598552170522,
main,32,0.004,240,2,ASGA,emp,-1.9769915530204996,4.510506371180334e-09,0.004018325893213325,160.55111207757008,248.8598552170522,
main,32,0.004,240,2,SGA,cert,-0.008219774862555899,0.021328966613650246,0.004018325893213325,160.55111207757008,0.0062285460814301375,
main,32,0.004,240,2,ASGA,cert,-0.3621690033131594,0.009475691013800344,0.004018325893213325,160.55111207757008,0.0062285460814301375,
main,33,0.004,240,2,SGA,emp,-1.0783526811177115,2.1417980450993968e-07,0.00400799473238689,167.94560561164062,249.5013259172793,
main,33,0.004,240,2,ASGA,emp,-2.27297932094652,2.2457025163069577e-09,0.00400799473238689,167.94560561164062,249.5013259172793,
main,33,0.004,240,2,SGA,cert,-0.007357771697208046,0.010071703692557402,0.00400799473238689,167.94560561164062,0.005954308815393549,
main,33,0.004,240,2,ASGA,cert,-0.322152140166583,0.004902391845014932,0.00400799473238689,167.94560561164062,0.005954308815393549,
main,34,0.004,240,2,SGA,emp,-0.9595103146679146,2.181045313381924e-07,0.003925203737897253,169.9507199352775,254.76384584707031,
main,34,0.004,240,2,ASGA,emp,-1.9571161062627598,4.096615033311046e-09,0.003925203737897253,169.9507199352775,254.76384584707031,
main,34,0.004,240,2,SGA,cert,-0.007917075957336251,0.03235901578048064,0.003925203737897253,169.9507199352775,0.005884058628176632,
main,34,0.004,240,2,ASGA,cert,-0.34884934368116005,0.014810266217565649,0.003925203737897253,169.9507199352775,0.005884058628176632,
main,35,0.004,240,2,SGA,emp,-1.0616795044774232,1.7026192375424465e-07,0.004050359297821316,115.60167631543202,246.89167712550807,
main,35,0.004,240,2,ASGA,emp,-2.144240914049792,2.267625719143407e-09,0.004050359297821316,115.60167631543202,246.89167712550807,
main,35,0.004,240,2,SGA,cert,-0.011100837064187956,0.013309414032240358,0.004050359297821316,115.60167631543202,0.008650393591796965,
main,35,0.004,240,2,ASGA,cert,-0.49626454903935086,0.004356543050096008,0.004050359297821316,115.60167631543202,0.008650393591796965,
main,36,0.004,240,2,SGA,emp,-0.9988040696941357,2.333224711562054e-07,0.004019257377503304,152.72845966843175,248.8021806210339,
main,36,0.004,240,2,ASGA,emp,-2.0430772963437835,3.775053554477825e-09,0.004019257377503304,152.72845966843175,248.8021806210339,
main,36,0.004,240,2,SGA,cert,-0.008626047997277161,0.01944804527762111,0.004019257377503304,152.72845966843175,0.006547568162285966,
main,36,0.004,240,2,ASGA,cert,-0.380935411998367,0.008279167078717467,0.004019257377503304,152.72845966843175,0.006547568162285966,
main,37,0.004,240,2,SGA,emp,-1.0118291785100606,3.4540023836210354e-07,0.004039960362660225,191.46307564405984,247.5271810195489,
main,37,0.004,240,2,ASGA,emp,-2.0424883005006675,5.608155634329037e-09,0.004039960362660225,191.46307564405984,247.5271810195489,
main,37,0.004,240,2,SGA,cert,-0.006501543171602236,0.011489174034597947,0.004039960362660225,191.46307564405984,0.005222939183631699,
main,37,0.004,240,2,ASGA,cert,-0.2830442593411788,0.00610976730657304,0.004039960362660225,191.46307564405984,0.005222939183631699,
main,38,0.004,240,2,SGA,emp,-1.0618789792127885,2.4174877747557e-07,0.004036470249946752,134.02316803056095,247.74120409117143,
main,38,0.004,240,2,ASGA,emp,-2.2436281255817345,2.6828040726456504e-09,0.004036470249946752,134.02316803056095,247.74120409117143,
main,38,0.004,240,2,SGA,cert,-0.009186987228321793,0.010069464017293302,0.004036470249946752,134.02316803056095,0.007461396523412822,
main,38,0.004,240,2,ASGA,cert,-0.40581867494328844,0.004055653813742392,0.004036470249946752,134.02316803056095,0.007461396523412822,
main,39,0.004,240,2,SGA,emp,-1.0194303666072957,3.7375509078646507e-07,0.004003546385266287,182.26785892271107,249.7785472600406,
main,39,0.004,240,2,ASGA,emp,-2.0997630600733963,5.480646970978942e-09,0.004003546385266287,182.26785892271107,249.7785472600406,
main,39,0.004,240,2,SGA,cert,-0.006463097540379608,0.00828465218562504,0.004003546385266287,182.26785892271107,0.005486430827192854,
main,39,0.004,240,2,ASGA,cert,-0.28120562735732424,0.004424908869115979,0.004003546385266287,182.26785892271107,0.005486430827192854,
main,40,0.004,240,2,SGA,emp,-1.0061621046244131,2.9933694876277395e-07,0.004042859072771755,192.88861819432714,247.3497052457006,
main,40,0.004,240,2,ASGA,emp,-2.0369247335878327,4.912421421032764e-09,0.004042859072771755,192.88861819432714,247.3497052457006,
main,40,0.004,240,2,SGA,cert,-0.006603415825797629,0.01343584271965181,0.004042859072771755,192.88861819432714,0.005184339072783145,
main,40,0.004,240,2,ASGA,cert,-0.2879557387660217,0.007064340721583094,0.004042859072771755,192.88861819432714,0.005184339072783145,
main,41,0.004,240,2,SGA,emp,-0.967112794619708,2.523937112641761e-07,0.004019418499122848,183.55654375803164,248.792207185748,
main,41,0.004,240,2,ASGA,emp,-1.964558257737912,4.6549274157481335e-09,0.004019418499122848,183.55654375803164,248.792207185748,
main,41,0.004,240,2,SGA,cert,-0.007268576753359594,0.027316984893468822,0.004019418499122848,183.55654375803164,0.00544791255885828,
main,41,0.004,240,2,ASGA,cert,-0.31889477617589806,0.013384275061587028,0.004019418499122848,183.55654375803164,0.00544791255885828,
main,42,0.004,240,2,SGA,emp,-1.0566204662303635,2.4084139193039644e-07,0.004043109880426108,129.7164757144933,247.33436131461477,
main,42,0.004,240,2,ASGA,emp,-2.213677623340751,2.829785749475233e-09,0.004043109880426108,129.7164757144933,247.33436131461477,
main,42,0.004,240,2,SGA,cert,-0.009574094163142345,0.010707926527337309,0.004043109880426108,129.7164757144933,0.007709120946216621,
main,42,0.004,240,2,ASGA,cert,-0.42381863217475363,0.004139466237410527,0.004043109880426108,129.7164757144933,0.007709120946216621,
main,43,0.004,240,2,SGA,emp,-1.0056486067234598,3.5680705926660616e-07,0.00399650423469571,198.9188273140991,250.21867644189777,
main,43,0.004,240,2,ASGA,emp,-2.0412299518273893,5.8239369368773275e-09,0.00399650423469571,198.9188273140991,250.21867644189777,
main,43,0.004,240,2,SGA,cert,-0.006469658274035122,0.015682300683758123,0.00399650423469571,198.9188273140991,0.005027176228125297,
main,43,0.004,240,2,ASGA,cert,-0.28198886714104393,0.00835670135892013,0.00399650423469571,198.9188273140991,0.005027176228125297,
main,44,0.004,240,2,SGA,emp,-0.9642907392874688,2.254533340850795e-07,0.004046231835063148,152.56395690375567,247.14352532506172,
main,44,0.004,240,2,ASGA,emp,-1.9609261577147021,4.200194671233337e-09,0.004046231835063148,152.56395690375567,247.14352532506172,
main,44,0.004,240,2,SGA,cert,-0.008749987621028127,0.025626528131748032,0.004046231835063148,152.56395690375567,0.006554628106760798,
main,44,0.004,240,2,ASGA,cert,-0.38698984599649056,0.010756893524855093,0.004046231835063148,152.56395690375567,0.006554628106760798,
main,45,0.004,240,2,SGA,emp,-1.0710652777378231,2.2247420791710049e-07,0.004044328413783467,125.44838658010174,247.25984086551975,
main,45,0.004,240,2,ASGA,emp,-2.25637831182487,2.4073509019562067e-09,0.004044328413783467,125.44838658010174,247.25984086551975,
main,45,0.004,240,2,SGA,cert,-0.009873598199815606,0.010347815564859274,0.004044328413783467,125.44838658010174,0.007971405828814518,
main,45,0.004,240,2,ASGA,cert,-0.43777012390356285,0.0038752186220943168,0.004044328413783467,125.44838658010174,0.007971405828814518,
main,46,0.004,240,2,SGA,emp,-0.9594830731656452,2.461251631391548e-07,0.003981130532164789,165.9036179761621,251.1849314963902,
main,46,0.004,240,2,ASGA,emp,-1.9552434447596154,4.626758323689195e-09,0.003981130532164789,165.9036179761621,251.1849314963902,
main,46,0.004,240,2,SGA,cert,-0.008052608837278036,0.027578361481999027,0.003981130532164789,165.9036179761621,0.0060275960958469585,
main,46,0.004,240,2,ASGA,cert,-0.35478935898448394,0.012455754897755626,0.003981130532164789,165.9036179761621,0.0060275960958469585,
main,47,0.004,240,2,SGA,emp,-1.0050446202067624,2.8693724311162905e-07,0.0039917405362786705,186.6186409035376,250.5172846059422,
main,47,0.004,240,2,ASGA,emp,-2.0136220354869074,4.887656709917643e-09,0.0039917405362786705,186.6186409035376,250.5172846059422,
main,47,0.004,240,2,SGA,cert,-0.006872013441494621,0.014914901756965707,0.0039917405362786705,186.6186409035376,0.005358521502237795,
main,47,0.004,240,2,ASGA,cert,-0.30015056154924774,0.0076287255660993925,0.0039917405362786705,186.6186409035376,0.005358521502237795,
main,48,0.004,240,2,SGA,emp,-1.054488735723135,2.4136227549931277e-07,0.004037223838470961,143.21140381725908,247.69496069822458,
main,48,0.004,240,2,ASGA,emp,-2.184948903045059,2.9942490015200107e-09,0.004037223838470961,143.21140381725908,247.69496069822458,
main,48,0.004,240,2,SGA,cert,-0.00868086366217173,0.010871036178982788,0.004037223838470961,143.21140381725908,0.00698268415325376,
main,48,0.004,240,2,ASGA,cert,-0.3825695490856342,0.004615184192820653,0.004037223838470961,143.21140381725908,0.00698268415325376,
main,49,0.004,240,2,SGA,emp,-1.0283133341246575,3.001281604145256e-07,0.004035612808936172,153.79996386410258,247.79384131839203,
main,49,0.004,240,2,ASGA,emp,-2.097663134729204,4.396919030258406e-09,0.004035612808936172,153.79996386410258,247.79384131839203,
main,49,0.004,240,2,SGA,cert,-0.008055014730644898,0.01105443370720978,0.004035612808936172,153.79996386410258,0.006501952112834035,
main,49,0.004,240,2,ASGA,cert,-0.35360437409858525,0.00501246570248166,0.004035612808936172,153.79996386410258,0.006501952112834035,
main,0,0.004,240,4,SGA,emp,-1.003486639350124,1.8834487492541685e-07,0.0040436508916184425,137.07369380202505,247.30126976905197,
main,0,0.004,240,4,ASGA,emp,-2.024417047773132,3.1355584101389056e-09,0.0040436508916184425,137.07369380202505,247.30126976905197,
main,0,0.004,240,4,SGA,cert,-0.009690132288229162,0.022282220436593794,0.0040436508916184425,137.07369380202505,0.007295345826488748,
main,0,0.004,240,4,ASGA,cert,-0.43085117575551396,0.008462554361100487,0.0040436508916184425,137.07369380202505,0.007295345826488748,
main,1,0.004,240,4,SGA,emp,-0.9853979892429213,2.475566781914851e-07,0.00402776141909595,161.67164218456358,248.27687043699194,
main,1,0.004,240,4,ASGA,emp,-2.0056898378886228,4.268081492397879e-09,0.00402776141909595,161.67164218456358,248.27687043699194,
main,1,0.004,240,4,SGA,cert,-0.008260461545628726,0.02652952284275325,0.00402776141909595,161.67164218456358,0.006185376646687393,
main,1,0.004,240,4,ASGA,cert,-0.36441866653891536,0.011722347380531718,0.00402776141909595,161.67164218456358,0.006185376646687393,
main,2,0.004,240,4,SGA,emp,-0.9933875606225977,2.518016922470334e-07,0.004016217695902546,193.53795007695257,248.99048699980256,
main,2,0.004,240,4,ASGA,emp,-1.982562755643874,4.514786391962566e-09,0.004016217695902546,193.53795007695257,248.99048699980256,
main,2,0.004,240,4,SGA,cert,-0.006748716814757346,0.018416952391250935,0.004016217695902546,193.53795007695257,0.0051669452921372285,
main,2,0.004,240,4,ASGA,cert,-0.29487791733686347,0.009530293188108968,0.004016217695902546,193.53795007695257,0.0051669452921372285,
main,3,0.004,240,4,SGA,emp,-1.0053282688717597,3.511021548011084e-07,0.004016512838830475,187.94234826655278,248.97219058589616,
main,3,0.004,240,4,ASGA,emp,-2.0495521892644537,5.62763333156191e-09,0.004016512838830475,187.94234826655278,248.97219058589616,
main,3,0.004,240,4,SGA,cert,-0.006706803670929791,0.013063024988551313,0.004016512838830475,187.94234826655278,0.005320780596939925,
main,3,0.004,240,4,ASGA,cert,-0.2924744710219808,0.006799615865939558,0.004016512838830475,187.94234826655278,0.005320780596939925,
main,4,0.004,240,4,SGA,emp,-0.9952194229853422,2.662433117653351e-07,0.004022885867189782,177.3004644551865,248.5777705392765,
main,4,0.004,240,4,ASGA,emp,-2.030570466383969,4.386284953306063e-09,0.004022885867189782,177.3004644551865,248.5777705392765,
main,4,0.004,240,4,SGA,cert,-0.007505301752750176,0.02562751585106382,0.004022885867189782,177.3004644551865,0.0056401431494995016,
main,4,0.004,240,4,ASGA,cert,-0.3296853427390627,0.01225342771356968,0.004022885867189782,177.3004644551865,0.0056401431494995016,
main,5,0.004,240,4,SGA,emp,-1.00901861777342,3.1300746777124244e-07,0.004015787540623516,194.97052121937742,249.01715787601995,
main,5,0.004,240,4,ASGA,emp,-2.0476986231012377,5.0250099983828456e-09,0.004015787540623516,194.97052121937742,249.01715787601995,
main,5,0.004,240,4,SGA,cert,-0.006501780332378116,0.01340930146034705,0.004015787540623516,194.97052121937742,0.005128980492773149,
main,5,0.004,240,4,ASGA,cert,-0.2833563614260312,0.007124089945804872,0.004015787540623516,194.97052121937742,0.005128980492773149,
main,6,0.004,240,4,SGA,emp,-1.0347043055873129,2.9235233187790977e-07,0.004049048207190788,159.81166845392093,246.9716211884263,
main,6,0.004,240,4,ASGA,emp,-2.115492217648884,4.141927106848797e-09,0.004049048207190788,159.81166845392093,246.9716211884263,
main,6,0.004,240,4,SGA,cert,-0.007724251140927449,0.010629769819414592,0.004049048207190788,159.81166845392093,0.006257365370591407,
main,6,0.004,240,4,ASGA,cert,-0.3385300257865285,0.004987102647785811,0.004049048207190788,159.81166845392093,0.006257365370591407,
main,7,0.004,240,4,SGA,emp,-1.001467623003668,2.8352075278487154e-07,0.004037295418486749,201.1590642350203,247.69056914215554,
main,7,0.004,240,4,ASGA,emp,-2.0275788566653636,4.717639980056365e-09,0.004037295418486749,201.1590642350203,247.69056914215554,
main,7,0.004,240,4,SGA,cert,-0.006476589736421646,0.017516966321458705,0.004037295418486749,201.1590642350203,0.004971190355268651,
main,7,0.004,240,4,ASGA,cert,-0.28254104528963614,0.009320859837850755,0.004037295418486749,201.1590642350203,0.004971190355268651,
main,8,0.004,240,4,SGA,emp,-0.9912412639249983,2.4007471983999995e-07,0.004017733603724264,155.66602735944377,248.8965418396689,
main,8,0.004,240,4,ASGA,emp,-1.9881698659260925,4.251012195033432e-09,0.004017733603724264,155.66602735944377,248.8965418396689,
main,8,0.004,240,4,SGA,cert,-0.008556719277828084,0.0266613053051696,0.004017733603724264,155.66602735944377,0.006424009252133928,
main,8,0.004,240,4,ASGA,cert,-0.3781424143416049,0.011418634772637201,0.004017733603724264,155.66602735944377,0.006424009252133928,
main,9,0.004,240,4,SGA,emp,-1.068306989980177,1.8918853662147628e-07,0.00404683988520078,128.5896044737577,247.1063912503635,
main,9,0.004,240,4,ASGA,emp,-2.1989966988196614,2.2781656977555187e-09,0.00404683988520078,128.5896044737577,247.1063912503635,
main,9,0.004,240,4,SGA,cert,-0.00989042194574384,0.012497279023929546,0.00404683988520078,128.5896044737577,0.007776678403300307,
main,9,0.004,240,4,ASGA,cert,-0.4390820877214073,0.004663342497124388,0.00404683988520078,128.5896044737577,0.007776678403300307,
main,10,0.004,240,4,SGA,emp,-0.9757927892524579,2.301572075563696e-07,0.004022442785927655,182.2005101998386,248.6051519485765,
main,10,0.004,240,4,ASGA,emp,-1.969891438926699,4.224349217651913e-09,0.004022442785927655,182.2005101998386,248.6051519485765,
main,10,0.004,240,4,SGA,cert,-0.0073435293076101775,0.027231401617295793,0.004022442785927655,182.2005101998386,0.005488458835286433,
main,10,0.004,240,4,ASGA,cert,-0.32236261003836303,0.013237146233801775,0.004022442785927655,182.2005101998386,0.005488458835286433,
main,11,0.004,240,4,SGA,emp,-1.0149255754050754,2.681975878257581e-07,0.004046889476146116,191.1891289038075,247.10336318655968,
main,11,0.004,240,4,ASGA,emp,-2.065042001104266,4.1306548320685366e-09,0.004046889476146116,191.1891289038075,247.10336318655968,
main,11,0.004,240,4,SGA,cert,-0.006841387561625505,0.01940157341569087,0.004046889476146116,191.1891289038075,0.0052304229102018,
main,11,0.004,240,4,ASGA,cert,-0.2991990732301861,0.009941600473332639,0.004046889476146116,191.1891289038075,0.0052304229102018,
main,12,0.004,240,4,SGA,emp,-0.9993885248341875,2.5928749730619316e-07,0.004024998000967289,185.05552520470002,248.44732836132582,
main,12,0.004,240,4,ASGA,emp,-1.9974113880206956,4.5272885232372495e-09,0.004024998000967289,185.05552520470002,248.44732836132582,
main,12,0.004,240,4,SGA,cert,-0.007067242053324676,0.01917882139771577,0.004024998000967289,185.05552520470002,0.005403783534124936,
main,12,0.004,240,4,ASGA,cert,-0.3093657234894134,0.009604602163828364,0.004024998000967289,185.05552520470002,0.005403783534124936,
main,13,0.004,240,4,SGA,emp,-0.9864659312764051,2.6641697026263955e-07,0.004021112417320714,201.5638736229148,248.6874019469231,
main,13,0.004,240,4,ASGA,emp,-1.9923504775574614,4.717649236540833e-09,0.004021112417320714,201.5638736229148,248.6874019469231,
main,13,0.004,240,4,SGA,cert,-0.006554508370423494,0.02096289472268588,0.004021112417320714,201.5638736229148,0.0049612065000834305,
main,13,0.004,240,4,ASGA,cert,-0.2862118914507601,0.011060871503434398,0.004021112417320714,201.5638736229148,0.0049612065000834305,
main,14,0.004,240,4,SGA,emp,-1.006306942823295,2.0336914811208695e-07,0.0040417058911256295,140.46621636260517,247.42027919342158,
main,14,0.004,240,4,ASGA,emp,-2.016176577121771,3.4413040750358448e-09,0.0040417058911256295,140.46621636260517,247.42027919342158,
main,14,0.004,240,4,SGA,cert,-0.009344124209155117,0.01843462121743648,0.0040417058911256295,140.46621636260517,0.00711914954282359,
main,14,0.004,240,4,ASGA,cert,-0.41423044790127134,0.007274987934459541,0.0040417058911256295,140.46621636260517,0.00711914954282359,
main,15,0.004,240,4,SGA,emp,-0.9795212283966876,2.42531817129521e-07,0.004036859813994895,180.880154734552,247.71729663071835,
main,15,0.004,240,4,ASGA,emp,-1.9725148639221004,4.406554648950234e-09,0.004036859813994895,180.880154734552,247.71729663071835,
main,15,0.004,240,4,SGA,cert,-0.007399951781698583,0.029478256052335207,0.004036859813994895,180.880154734552,0.005528522470956171,
main,15,0.004,240,4,ASGA,cert,-0.3250015502938598,0.014243404368029858,0.004036859813994895,180.880154734552,0.005528522470956171,
main,16,0.004,240,4,SGA,emp,-1.0282810889590888,2.3443260453726023e-07,0.004006901764943114,198.65982060361273,249.56938269590867,
main,16,0.004,240,4,ASGA,emp,-2.0798827381881315,3.54329376256457e-09,0.004006901764943114,198.65982060361273,249.56938269590867,
main,16,0.004,240,4,SGA,cert,-0.006531348470090734,0.016023998999084632,0.004006901764943114,198.65982060361273,0.005033730509579522,
main,16,0.004,240,4,ASGA,cert,-0.2850759194975702,0.008477517212152955,0.004006901764943114,198.65982060361273,0.005033730509579522,
main,17,0.004,240,4,SGA,emp,-1.0058851969095766,2.6300084472741236e-07,0.004021076589733956,172.4299583670518,248.6896177389554,
main,17,0.004,240,4,ASGA,emp,-2.0311594152884913,4.325041325081713e-09,0.004021076589733956,172.4299583670518,248.6896177389554,
main,17,0.004,240,4,SGA,cert,-0.007511519119575923,0.016661942108292346,0.004021076589733956,172.4299583670518,0.005799456251513436,
main,17,0.004,240,4,ASGA,cert,-0.3294059202442881,0.007975527382224436,0.004021076589733956,172.4299583670518,0.005799456251513436,
main,18,0.004,240,4,SGA,emp,-1.0179310385256202,1.9941825475655595e-07,0.004035606030694412,139.27056604561108,247.7942575152532,
main,18,0.004,240,4,ASGA,emp,-2.0376830613400414,3.2309833072896588e-09,0.004035606030694412,139.27056604561108,247.7942575152532,
main,18,0.004,240,4,SGA,cert,-0.009492068455153357,0.020920234654916332,0.004035606030694412,139.27056604561108,0.007180268080999256,
main,18,0.004,240,4,ASGA,cert,-0.42136017813699894,0.008120991080144233,0.004035606030694412,139.27056604561108,0.007180268080999256,
main,19,0.004,240,4,SGA,emp,-0.9939614905670839,2.0205199458694922e-07,0.0040374112212834615,161.87622939677155,247.68346477278274,
main,19,0.004,240,4,ASGA,emp,-1.9940751295920813,3.557610678273093e-09,0.0040374112212834615,161.87622939677155,247.68346477278274,
main,19,0.004,240,4,SGA,cert,-0.008211740872855321,0.023006970142071412,0.0040374112212834615,161.87622939677155,0.006177559260717151,
main,19,0.004,240,4,ASGA,cert,-0.3621094813672722,0.010219957691256346,0.0040374112212834615,161.87622939677155,0.006177559260717151,
main,20,0.004,240,4,SGA,emp,-1.019545466038486,2.794303772188367e-07,0.004002793498917769,191.15132477724543,249.82552816436043,
main,20,0.004,240,4,ASGA,emp,-2.0634784624398237,4.342255187361754e-09,0.004002793498917769,191.15132477724543,249.82552816436043,
main,20,0.004,240,4,SGA,cert,-0.006664879107240171,0.013866700109942853,0.004002793498917769,191.15132477724543,0.00523145733447221,
main,20,0.004,240,4,ASGA,cert,-0.2908065913469575,0.007243781771645738,0.004002793498917769,191.15132477724543,0.00523145733447221,
main,21,0.004,240,4,SGA,emp,-0.9990207260445891,2.1310373426314255e-07,0.004025438686955385,185.4071702964095,248.42012952291262,
main,21,0.004,240,4,ASGA,emp,-2.008261409500716,3.6455894483755635e-09,0.004025438686955385,185.4071702964095,248.42012952291262,
main,21,0.004,240,4,SGA,cert,-0.007086048197725645,0.019258263187095344,0.004025438686955385,185.4071702964095,0.00539353466428135,
main,21,0.004,240,4,ASGA,cert,-0.31034131188447145,0.00962211793431754,0.004025438686955385,185.4071702964095,0.00539353466428135,
main,22,0.004,240,4,SGA,emp,-0.9737142085755447,1.8896785822231088e-07,0.0040462007970422905,147.79057266720073,247.14542113950063,
main,22,0.004,240,4,ASGA,emp,-1.9734072704659065,3.450534941107364e-09,0.0040462007970422905,147.79057266720073,247.14542113950063,
main,22,0.004,240,4,SGA,cert,-0.009147028495408906,0.031837077451705206,0.0040462007970422905,147.79057266720073,0.006766331451004187,
main,22,0.004,240,4,ASGA,cert,-0.40589333117034154,0.012794985300222161,0.0040462007970422905,147.79057266720073,0.006766331451004187,
main,23,0.004,240,4,SGA,emp,-1.005455435836469,2.260145812171821e-07,0.004017504682356354,173.9563285795369,248.9107242094061,
main,23,0.004,240,4,ASGA,emp,-2.0181719235307862,3.79528916627514e-09,0.004017504682356354,173.9563285795369,248.9107242094061,
main,23,0.004,240,4,SGA,cert,-0.007517877183078213,0.01837431119109835,0.004017504682356354,173.9563285795369,0.005748569242439355,
main,23,0.004,240,4,ASGA,cert,-0.3299108302473655,0.008783475484333045,0.004017504682356354,173.9563285795369,0.005748569242439355,
main,24,0.004,240,4,SGA,emp,-1.0446836084717595,2.6609893083451297e-07,0.004026635302370247,188.92906711689625,248.34630526667215,
main,24,0.004,240,4,ASGA,emp,-2.150792621681526,3.5268878650907e-09,0.004026635302370247,188.92906711689625,248.34630526667215,
main,24,0.004,240,4,SGA,cert,-0.0065471194418960516,0.010593379688674583,0.004026635302370247,188.92906711689625,0.005292991783954923,
main,24,0.004,240,4,ASGA,cert,-0.2854147483536734,0.0056022719118701166,0.004026635302370247,188.92906711689625,0.005292991783954923,
main,25,0.004,240,4,SGA,emp,-1.02002535090597,2.0126343323184637e-07,0.004001980021496423,201.73136506061002,249.87630988374582,
main,25,0.004,240,4,ASGA,emp,-2.06905829676796,3.087306181537297e-09,0.004001980021496423,201.73136506061002,249.87630988374582,
main,25,0.004,240,4,SGA,cert,-0.006506073719801823,0.01870392427169177,0.004001980021496423,201.73136506061002,0.004957087360706407,
main,25,0.004,240,4,ASGA,cert,-0.2841507356201996,0.009914351033464865,0.004001980021496423,201.73136506061002,0.004957087360706407,
main,26,0.004,240,4,SGA,emp,-1.0007635363909702,2.151943502490261e-07,0.004035421622407321,178.00499132001727,247.8055810692347,
main,26,0.004,240,4,ASGA,emp,-2.0224585038895064,3.584660249189575e-09,0.004035421622407321,178.00499132001727,247.8055810692347,
main,26,0.004,240,4,SGA,cert,-0.007504601069869743,0.026076629046494666,0.004035421622407321,178.00499132001727,0.005617819998104438,
main,26,0.004,240,4,ASGA,cert,-0.3297338636605214,0.012465785783161341,0.004035421622407321,178.00499132001727,0.005617819998104438,
main,27,0.004,240,4,SGA,emp,-1.026751337778477,2.0431667005493814e-07,0.004023992916343964,200.48869881506536,248.5093837860329,
main,27,0.004,240,4,ASGA,emp,-2.0476077514170754,3.2641933878085894e-09,0.004023992916343964,200.48869881506536,248.5093837860329,
main,27,0.004,240,4,SGA,cert,-0.006441695231199677,0.01506037113428791,0.004023992916343964,200.48869881506536,0.0049878123101712545,
main,27,0.004,240,4,ASGA,cert,-0.2810338767235135,0.008040754215518767,0.004023992916343964,200.48869881506536,0.0049878123101712545,
main,28,0.004,240,4,SGA,emp,-0.9664766749493311,2.0497124385288057e-07,0.00399455671945584,194.2211242580215,250.34066862273153,
main,28,0.004,240,4,ASGA,emp,-1.9561734034315905,3.855168392852271e-09,0.00399455671945584,194.2211242580215,250.34066862273153,
main,28,0.004,240,4,SGA,cert,-0.006970803556346553,0.03605466083142227,0.00399455671945584,194.2211242580215,0.005148770525452765,
main,28,0.004,240,4,ASGA,cert,-0.3056212175148333,0.0181995426849466,0.00399455671945584,194.2211242580215,0.005148770525452765,
main,29,0.004,240,4,SGA,emp,-1.019041257879279,3.209810608625907e-07,0.004010604169585552,198.67758817116078,249.3389917617669,
main,29,0.004,240,4,ASGA,emp,-2.0815665342289877,4.849265398954028e-09,0.004010604169585552,198.67758817116078,249.3389917617669,
main,29,0.004,240,4,SGA,cert,-0.006257267826079285,0.011451733241833822,0.004010604169585552,198.67758817116078,0.005033280347345972,
main,29,0.004,240,4,ASGA,cert,-0.27228874992653185,0.0062382855225521505,0.004010604169585552,198.67758817116078,0.005033280347345972,
main,30,0.004,240,4,SGA,emp,-1.0191198420135512,2.701698374116268e-07,0.0040349416511277075,185.81697182575772,247.8350584624971,
main,30,0.004,240,4,ASGA,emp,-2.0794436181519056,4.090232798292792e-09,0.0040349416511277075,185.81697182575772,247.8350584624971,
main,30,0.004,240,4,SGA,cert,-0.006894677970713432,0.014271076576622882,0.0040349416511277075,185.81697182575772,0.0053816397403015975,
main,30,0.004,240,4,ASGA,cert,-0.3012963307027633,0.00727997723555323,0.0040349416511277075,185.81697182575772,0.0053816397403015975,
main,31,0.004,240,4,SGA,emp,-0.9918146591536495,2.848243962350061e-07,0.004020478873935915,195.88314795338815,248.72658988033265,
main,31,0.004,240,4,ASGA,emp,-2.01473027494815,4.8513567954544534e-09,0.004020478873935915,195.88314795338815,248.72658988033265,
main,31,0.004,240,4,SGA,cert,-0.0067611853095236926,0.022710914356183873,0.004020478873935915,195.88314795338815,0.00510508438550292,
main,31,0.004,240,4,ASGA,cert,-0.29564199108610983,0.011730041372623096,0.004020478873935915,195.88314795338815,0.00510508438550292,
main,32,0.004,240,4,SGA,emp,-1.071946910682009,1.7436653084595966e-07,0.004040498104720865,131.48795458921708,247.4942381068347,
main,32,0.004,240,4,ASGA,emp,-2.201124073780997,2.0846712481259466e-09,0.004040498104720865,131.48795458921708,247.4942381068347,
main,32,0.004,240,4,SGA,cert,-0.009796363141040966,0.01405173117282768,0.004040498104720865,131.48795458921708,0.007605259380025422,
main,32,0.004,240,4,ASGA,cert,-0.4349763318953965,0.0052910424650136866,0.004040498104720865,131.48795458921708,0.007605259380025422,
main,33,0.004,240,4,SGA,emp,-1.0196185293587294,2.99675029090396e-07,0.004033545034639015,156.99992112676122,247.9208714449114,
main,33,0.004,240,4,ASGA,emp,-2.0942461109919153,4.419789915999228e-09,0.004033545034639015,156.99992112676122,247.9208714449114,
main,33,0.004,240,4,SGA,cert,-0.00815558118495729,0.014685853914613002,0.004033545034639015,156.99992112676122,0.006369429951449487,
main,33,0.004,240,4,ASGA,cert,-0.3586705384747895,0.006579960599540038,0.004033545034639015,156.99992112676122,0.006369429951449487,
main,34,0.004,240,4,SGA,emp,-0.9938990602844585,1.8802779189197594e-07,0.004033325912162636,147.50712615129743,247.9343404867097,
main,34,0.004,240,4,ASGA,emp,-2.006034064183255,3.2349627768213374e-09,0.004033325912162636,147.50712615129743,247.9343404867097,
main,34,0.004,240,4,SGA,cert,-0.009038611473300845,0.024093092150319868,0.004033325912162636,147.50712615129743,0.0067793334877550545,
main,34,0.004,240,4,ASGA,cert,-0.40055203114642995,0.009804546887198819,0.004033325912162636,147.50712615129743,0.0067793334877550545,
main,35,0.004,240,4,SGA,emp,-1.0032362141534603,3.343977620501315e-07,0.003994560631625221,201.82343261814816,250.34042344555462,
main,35,0.004,240,4,ASGA,emp,-2.036097476791721,5.495784292930406e-09,0.003994560631625221,201.82343261814816,250.34042344555462,
main,35,0.004,240,4,SGA,cert,-0.006405294770573673,0.016717439021476474,0.003994560631625221,201.82343261814816,0.0049548260428808055,
main,35,0.004,240,4,ASGA,cert,-0.2792073501438473,0.008963518621891313,0.003994560631625221,201.82343261814816,0.0049548260428808055,
main,36,0.004,240,4,SGA,emp,-0.9855746360611854,2.0718728514085294e-07,0.004037217653272859,143.3963744046594,247.69534017798821,
main,36,0.004,240,4,ASGA,emp,-1.9996852101452602,3.602324417928404e-09,0.004037217653272859,143.3963744046594,247.69534017798821,
main,36,0.004,240,4,SGA,cert,-0.009296004660701358,0.024148225377032366,0.004037217653272859,143.3963744046594,0.00697367701346504,
main,36,0.004,240,4,ASGA,cert,-0.4123982216530548,0.009565869783210279,0.004037217653272859,143.3963744046594,0.00697367701346504,
main,37,0.004,240,4,SGA,emp,-0.9973106215168361,2.5294809204851054e-07,0.004010083252426242,192.08764263113065,249.37138135348306,
main,37,0.004,240,4,ASGA,emp,-2.012506925962723,4.32407381428801e-09,0.004010083252426242,192.08764263113065,249.37138135348306,
main,37,0.004,240,4,SGA,cert,-0.006948217293244196,0.025374793240405542,0.004010083252426242,192.08764263113065,0.0052059569595547485,
main,37,0.004,240,4,ASGA,cert,-0.3042688856963967,0.01285123407310048,0.004010083252426242,192.08764263113065,0.0052059569595547485,
main,38,0.004,240,4,SGA,emp,-1.046763543227591,2.4667626495611383e-07,0.004003169614237911,195.82393269031596,249.80205596169108,
main,38,0.004,240,4,ASGA,emp,-2.1455462168813906,3.2863961690887677e-09,0.004003169614237911,195.82393269031596,249.80205596169108,
main,38,0.004,240,4,SGA,cert,-0.006407818136924475,0.01161354766951584,0.004003169614237911,195.82393269031596,0.005106628113640437,
main,38,0.004,240,4,ASGA,cert,-0.27916498838230625,0.006228543247263664,0.004003169614237911,195.82393269031596,0.005106628113640437,
main,39,0.004,240,4,SGA,emp,-1.0227873815912956,2.8054252344117403e-07,0.004009284656840837,180.2269630086556,249.42105277901663,
main,39,0.004,240,4,ASGA,emp,-2.093261596625064,4.126070166088347e-09,0.004009284656840837,180.2269630086556,249.42105277901663,
main,39,0.004,240,4,SGA,cert,-0.007028925720427082,0.013243298794935299,0.004009284656840837,180.2269630086556,0.005548559345984063,
main,39,0.004,240,4,ASGA,cert,-0.3072334236821379,0.006666614559243569,0.004009284656840837,180.2269630086556,0.005548559345984063,
main,40,0.004,240,4,SGA,emp,-1.0143656529236371,1.8116969906917246e-07,0.004035132757092081,159.2209942159797,247.82332086656055,
main,40,0.004,240,4,ASGA,emp,-2.029851218817412,2.9900548148553696e-09,0.004035132757092081,159.2209942159797,247.82332086656055,
main,40,0.004,240,4,SGA,cert,-0.008226761117885287,0.01749698683391503,0.004035132757092081,159.2209942159797,0.006280578795052131,
main,40,0.004,240,4,ASGA,cert,-0.36254249347620293,0.007766608006081657,0.004035132757092081,159.2209942159797,0.006280578795052131,
main,41,0.004,240,4,SGA,emp,-0.9672538007060415,2.1467648743389578e-07,0.004036651425886184,157.88156213536016,247.73008478939087,
main,41,0.004,240,4,ASGA,emp,-1.9601625883778913,4.009262553894555e-09,0.004036651425886184,157.88156213536016,247.73008478939087,
main,41,0.004,240,4,SGA,cert,-0.008494227791373465,0.02788054240888098,0.004036651425886184,157.88156213536016,0.006333861829557067,
main,41,0.004,240,4,ASGA,cert,-0.37529869976560015,0.012017113664112497,0.004036651425886184,157.88156213536016,0.006333861829557067,
main,42,0.004,240,4,SGA,emp,-1.061679119875578,1.83557222817321e-07,0.0040250946187627215,187.88325787839855,248.4413646671966,
main,42,0.004,240,4,ASGA,emp,-2.1561838611641333,2.389950126691076e-09,0.0040250946187627215,187.88325787839855,248.4413646671966,
main,42,0.004,240,4,SGA,cert,-0.006825717394576689,0.013637399037211874,0.0040250946187627215,187.88325787839855,0.0053224540136898105,
main,42,0.004,240,4,ASGA,cert,-0.2983561949541398,0.007002116634526281,0.0040250946187627215,187.88325787839855,0.0053224540136898105,
main,43,0.004,240,4,SGA,emp,-0.9860721140100724,2.4175988391772485e-07,0.004028592120365211,171.4647286548804,248.22567540278692,
main,43,0.004,240,4,ASGA,emp,-1.9804618366108577,4.345726854759757e-09,0.004028592120365211,171.4647286548804,248.22567540278692,
main,43,0.004,240,4,SGA,cert,-0.007749878261851399,0.024521951040476324,0.004028592120365211,171.4647286548804,0.005832103242718642,
main,43,0.004,240,4,ASGA,cert,-0.3408153168749924,0.011433167577805457,0.004028592120365211,171.4647286548804,0.005832103242718642,
main,44,0.004,240,4,SGA,emp,-0.9929942974371793,2.842485989570931e-07,0.0040331682745522795,178.81885778731936,247.94403107591876,
main,44,0.004,240,4,ASGA,emp,-2.0133569101612854,4.845738081626916e-09,0.0040331682745522795,178.81885778731936,247.94403107591876,
main,44,0.004,240,4,SGA,cert,-0.007291106873241188,0.01816581551949855,0.0040331682745522795,178.81885778731936,0.005592251356338287,
main,44,0.004,240,4,ASGA,cert,-0.3194568420634106,0.008892631258184312,0.0040331682745522795,178.81885778731936,0.005592251356338287,
main,45,0.004,240,4,SGA,emp,-0.9953830445812827,2.171430019751175e-07,0.00403493473738545,143.50507267320538,247.83548312059645,
main,45,0.004,240,4,ASGA,emp,-2.0237958780958225,3.623604388769408e-09,0.00403493473738545,143.50507267320538,247.83548312059645,
main,45,0.004,240,4,SGA,cert,-0.00917209766642098,0.019488375600268726,0.00403493473738545,143.50507267320538,0.006968394784742097,
main,45,0.004,240,4,ASGA,cert,-0.40625746351348263,0.007831585664880632,0.00403493473738545,143.50507267320538,0.006968394784742097,
main,46,0.004,240,4,SGA,emp,-0.9849885132687798,2.348863322385042e-07,0.004037804900764351,189.22579476960422,247.65931603349665,
main,46,0.004,240,4,ASGA,emp,-1.9776001722190524,4.241705833796239e-09,0.004037804900764351,189.22579476960422,247.65931603349665,
main,46,0.004,240,4,SGA,cert,-0.007008823597368526,0.023159372132440403,0.004037804900764351,189.22579476960422,0.005284691768464076,
main,46,0.004,240,4,ASGA,cert,-0.3069344754500911,0.011659674064593922,0.004037804900764351,189.22579476960422,0.005284691768464076,
main,47,0.004,240,4,SGA,emp,-0.9872161144196832,2.286426386416407e-07,0.004023002353538915,174.14199566342785,248.57057295040605,
main,47,0.004,240,4,ASGA,emp,-2.008027334425214,3.939874315683767e-09,0.004023002353538915,174.14199566342785,248.57057295040605,
main,47,0.004,240,4,SGA,cert,-0.007691094661039092,0.026289513697075072,0.004023002353538915,174.14199566342785,0.00574244022063894,
main,47,0.004,240,4,ASGA,cert,-0.33825704213046975,0.0123269150210037,0.004023002353538915,174.14199566342785,0.00574244022063894,
main,48,0.004,240,4,SGA,emp,-1.0554260831658377,2.3515447454200422e-07,0.004044342276354445,142.09017218489458,247.25899334647718,
main,48,0.004,240,4,ASGA,emp,-2.1805973823136036,2.9397436152045486e-09,0.004044342276354445,142.09017218489458,247.25899334647718,
main,48,0.004,240,4,SGA,cert,-0.008784167771022115,0.011135030202068158,0.004044342276354445,142.09017218489458,0.007037784419732786,
main,48,0.004,240,4,ASGA,cert,-0.38737437754825105,0.004675721850074255,0.004044342276354445,142.09017218489458,0.007037784419732786,
main,49,0.004,240,4,SGA,emp,-1.060726664969381,2.137940694930951e-07,0.003994523569576368,199.9272902526842,250.34274615784864,
main,49,0.004,240,4,ASGA,emp,-2.1826382921147376,2.660836030676794e-09,0.003994523569576368,199.9272902526842,250.34274615784864,
main,49,0.004,240,4,SGA,cert,-0.006281153293128257,0.011545094978156627,0.003994523569576368,199.9272902526842,0.0050018184047616486,
main,49,0.004,240,4,ASGA,cert,-0.2736396413007883,0.006268660261639438,0.003994523569576368,199.9272902526842,0.0050018184047616486,
main,0,0.004,240,8,SGA,emp,-1.0169188040474597,2.6238721215210425e-07,0.004041588378830391,201.67016883447735,247.42747312862014,
main,0,0.004,240,8,ASGA,emp,-2.0630016965900753,4.072076474626041e-09,0.004041588378830391,201.67016883447735,247.42747312862014,
main,0,0.004,240,8,SGA,cert,-0.0064462645357794045,0.01763880180842839,0.004041588378830391,201.67016883447735,0.004958591574447281,
main,0,0.004,240,8,ASGA,cert,-0.281314962508738,0.00941095209249327,0.004041588378830391,201.67016883447735,0.004958591574447281,
main,1,0.004,240,8,SGA,emp,-1.016419909860539,2.7306488548789476e-07,0.004032174155785599,197.75957482387628,248.0051608299561,
main,1,0.004,240,8,ASGA,emp,-2.067230315952543,4.213013056475479e-09,0.004032174155785599,197.75957482387628,248.0051608299561,
main,1,0.004,240,8,SGA,cert,-0.006531962404239945,0.016261914358580067,0.004032174155785599,197.75957482387628,0.0050566451757928545,
main,1,0.004,240,8,ASGA,cert,-0.2850413370446029,0.00860460076943556,0.004032174155785599,197.75957482387628,0.0050566451757928545,
main,2,0.004,240,8,SGA,emp,-1.0011667451382247,2.2860233490212822e-07,0.004026319359548261,180.4281501051546,248.36579284962542,
main,2,0.004,240,8,ASGA,emp,-2.0003293325755656,3.976087230295189e-09,0.004026319359548261,180.4281501051546,248.36579284962542,
main,2,0.004,240,8,SGA,cert,-0.0073036932645594065,0.020602580798783604,0.004026319359548261,180.4281501051546,0.005542372403736302,
main,2,0.004,240,8,ASGA,cert,-0.3202917029631089,0.010064244551813775,0.004026319359548261,180.4281501051546,0.005542372403736302,
main,3,0.004,240,8,SGA,emp,-1.012769845147416,2.459701837348449e-07,0.004028305473524314,185.1399291010128,248.24333868729985,
main,3,0.004,240,8,ASGA,emp,-2.062285665522923,3.827836832226428e-09,0.004028305473524314,185.1399291010128,248.24333868729985,
main,3,0.004,240,8,SGA,cert,-0.0070833175285607815,0.018831716101117526,0.004028305473524314,185.1399291010128,0.00540131998999739,
main,3,0.004,240,8,ASGA,cert,-0.3101571048752378,0.009413380397573688,0.004028305473524314,185.1399291010128,0.00540131998999739,
main,4,0.004,240,8,SGA,emp,-1.032544642886255,2.384696647650397e-07,0.004038624632823186,155.97381574743306,247.6090478606707,
main,4,0.004,240,8,ASGA,emp,-2.1110470507804844,3.39559051015792e-09,0.004038624632823186,155.97381574743306,247.6090478606707,
main,4,0.004,240,8,SGA,cert,-0.008309743115952317,0.016195467345553646,0.004038624632823186,155.97381574743306,0.006411332538144034,
main,4,0.004,240,8,ASGA,cert,-0.3660991999627484,0.007132856523315155,0.004038624632823186,155.97381574743306,0.006411332538144034,
main,5,0.004,240,8,SGA,emp,-1.023258809010244,2.148467285675859e-07,0.0040374449166330414,194.37797328735235,247.6813976780971,
main,5,0.004,240,8,ASGA,emp,-2.0782216359107326,3.237872664429986e-09,0.0040374449166330414,194.37797328735235,247.6813976780971,
main,5,0.004,240,8,SGA,cert,-0.006730281525585857,0.017608464329138037,0.0040374449166330414,194.37797328735235,0.005144615838347499,
main,5,0.004,240,8,ASGA,cert,-0.29416101254550886,0.009125874678425093,0.0040374449166330414,194.37797328735235,0.005144615838347499,
main,6,0.004,240,8,SGA,emp,-1.0480293807861272,2.0883834656038047e-07,0.004036507362787368,200.8166794256664,247.7389262853866,
main,6,0.004,240,8,ASGA,emp,-2.1162361795461453,2.9373682028377424e-09,0.004036507362787368,200.8166794256664,247.7389262853866,
main,6,0.004,240,8,SGA,cert,-0.006376585508454742,0.013839920975134819,0.004036507362787368,200.8166794256664,0.004979666045967843,
main,6,0.004,240,8,ASGA,cert,-0.2780742104844091,0.007438949182046135,0.004036507362787368,200.8166794256664,0.004979666045967843,
main,7,0.004,240,8,SGA,emp,-1.0147907878626075,2.192811012630136e-07,0.004022238126018385,167.87524020081523,248.61780149995752,
main,7,0.004,240,8,ASGA,emp,-2.0435191796530505,3.517862931512461e-09,0.004022238126018385,167.87524020081523,248.61780149995752,
main,7,0.004,240,8,SGA,cert,-0.007854405616424675,0.02096350980779839,0.004022238126018385,167.87524020081523,0.005956804581806007,
main,7,0.004,240,8,ASGA,cert,-0.3455520637978403,0.00967032076245962,0.004022238126018385,167.87524020081523,0.005956804581806007,
main,8,0.004,240,8,SGA,emp,-1.0040979962885048,2.708382581262381e-07,0.00401163079464409,186.06594631827727,249.27518288450062,
main,8,0.004,240,8,ASGA,emp,-2.0190301038754064,4.556024071900033e-09,0.00401163079464409,186.06594631827727,249.27518288450062,
main,8,0.004,240,8,SGA,cert,-0.006975765748782868,0.01725551561826625,0.00401163079464409,186.06594631827727,0.005374438578295452,
main,8,0.004,240,8,ASGA,cert,-0.3050855746758578,0.008726392005354765,0.00401163079464409,186.06594631827727,0.005374438578295452,
main,9,0.004,240,8,SGA,emp,-1.0000149611588238,2.4442851300626733e-07,0.004019197349526449,201.11508938733957,248.80589655987464,
main,9,0.004,240,8,ASGA,emp,-2.013048141007734,4.1646054729782556e-09,0.004019197349526449,201.11508938733957,248.80589655987464,
main,9,0.004,240,8,SGA,cert,-0.006587858138636657,0.022242483039318348,0.004019197349526449,201.11508938733957,0.004972277331583212,
main,9,0.004,240,8,ASGA,cert,-0.28783718279807624,0.011692049823052525,0.004019197349526449,201.11508938733957,0.004972277331583212,
main,10,0.004,240,8,SGA,emp,-0.9825882971407548,2.0400432523826062e-07,0.004030668170324184,159.06099735398342,248.09782342354686,
main,10,0.004,240,8,ASGA,emp,-2.003984067366644,3.5299974956992664e-09,0.004030668170324184,159.06099735398342,248.09782342354686,
main,10,0.004,240,8,SGA,cert,-0.008405649327569948,0.02490148691763223,0.004030668170324184,159.06099735398342,0.006286896326788037,
main,10,0.004,240,8,ASGA,cert,-0.37114143023046137,0.010835669494572833,0.004030668170324184,159.06099735398342,0.006286896326788037,
main,11,0.004,240,8,SGA,emp,-1.006993998956674,2.528951564967352e-07,0.004026822914943865,181.97227899041636,248.3347346338274,
main,11,0.004,240,8,ASGA,emp,-2.0591746642718416,3.957851053837391e-09,0.004026822914943865,181.97227899041636,248.3347346338274,
main,11,0.004,240,8,SGA,cert,-0.007249309861575167,0.02126392487968148,0.004026822914943865,181.97227899041636,0.005495342507924877,
main,11,0.004,240,8,ASGA,cert,-0.3178501156767132,0.010444627621260291,0.004026822914943865,181.97227899041636,0.005495342507924877,
main,12,0.004,240,8,SGA,emp,-0.9919721273755578,2.4289605676797166e-07,0.004019008750547684,201.49080639368333,248.8175722094973,
main,12,0.004,240,8,ASGA,emp,-2.000483265766248,4.228824221352845e-09,0.004019008750547684,201.49080639368333,248.8175722094973,
main,12,0.004,240,8,SGA,cert,-0.006574028958835184,0.022432835177656284,0.004019008750547684,201.49080639368333,0.00496300559761594,
main,12,0.004,240,8,ASGA,cert,-0.28722072297689644,0.011808483329170782,0.004019008750547684,201.49080639368333,0.00496300559761594,
main,13,0.004,240,8,SGA,emp,-0.9818354072919134,2.2976564945792477e-07,0.004028260247321747,189.58469554267057,248.24612577225267,
main,13,0.004,240,8,ASGA,emp,-1.9721948394404771,4.191567148925657e-09,0.004028260247321747,189.58469554267057,248.24612577225267,
main,13,0.004,240,8,SGA,cert,-0.007032366350537369,0.02560732189877643,0.004028260247321747,189.58469554267057,0.005274687374619467,
main,13,0.004,240,8,ASGA,cert,-0.30813065869575285,0.012855956327864591,0.004028260247321747,189.58469554267057,0.005274687374619467,
main,14,0.004,240,8,SGA,emp,-1.035046912283227,2.2538434366753402e-07,0.004036053300088288,192.28792585813406,247.76679732602273,
main,14,0.004,240,8,ASGA,emp,-2.0965143485300453,3.2902796459621797e-09,0.004036053300088288,192.28792585813406,247.76679732602273,
main,14,0.004,240,8,SGA,cert,-0.006655412081124732,0.013980818895864049,0.004036053300088288,192.28792585813406,0.005200534539739009,
main,14,0.004,240,8,ASGA,cert,-0.2905849513083438,0.00730592018269376,0.004036053300088288,192.28792585813406,0.005200534539739009,
main,15,0.004,240,8,SGA,emp,-1.0019164239732703,2.1298401001873524e-07,0.004037629951135308,199.17948300631252,247.67004705788312,
main,15,0.004,240,8,ASGA,emp,-2.0271287158430917,3.5347126683960006e-09,0.004037629951135308,199.17948300631252,247.67004705788312,
main,15,0.004,240,8,SGA,cert,-0.006703928944549901,0.024781238178472782,0.004037629951135308,199.17948300631252,0.005020597427538796,
main,15,0.004,240,8,ASGA,cert,-0.2932568216506719,0.012866341073871947,0.004037629951135308,199.17948300631252,0.005020597427538796,
main,16,0.004,240,8,SGA,emp,-1.0052300528779958,3.0687495400361087e-07,0.004034829916092349,195.12916999260193,247.84192166605123,
main,16,0.004,240,8,ASGA,emp,-2.0420696958085123,4.979581788577825e-09,0.004034829916092349,195.12916999260193,247.84192166605123,
main,16,0.004,240,8,SGA,cert,-0.006695007631752925,0.018861101283450084,0.004034829916092349,195.12916999260193,0.005124810401427494,
main,16,0.004,240,8,ASGA,cert,-0.29247878806159067,0.009813026121426385,0.004034829916092349,195.12916999260193,0.005124810401427494,
main,17,0.004,240,8,SGA,emp,-1.0285224286567063,2.6034518253725825e-07,0.004008064305845604,199.63151688983672,249.49699498122808,
main,17,0.004,240,8,ASGA,emp,-2.0971120967351453,3.804994708200837e-09,0.004008064305845604,199.63151688983672,249.49699498122808,
main,17,0.004,240,8,SGA,cert,-0.006394680292607063,0.013698936727909485,0.004008064305845604,199.63151688983672,0.0050092290815574635,
main,17,0.004,240,8,ASGA,cert,-0.2786980527934127,0.007353807722876714,0.004008064305845604,199.63151688983672,0.0050092290815574635,
main,18,0.004,240,8,SGA,emp,-1.0190666573253524,2.532203811425604e-07,0.004045830819439457,197.9942891273648,247.16802175592414,
main,18,0.004,240,8,ASGA,emp,-2.0619106178377216,3.945447052400297e-09,0.004045830819439457,197.9942891273648,247.16802175592414,
main,18,0.004,240,8,SGA,cert,-0.006601425898832998,0.018283466912315405,0.004045830819439457,197.9942891273648,0.005050650725368775,
main,18,0.004,240,8,ASGA,cert,-0.2883004524330162,0.009602225107111978,0.004045830819439457,197.9942891273648,0.005050650725368775,
main,19,0.004,240,8,SGA,emp,-0.9956991012855058,2.2466048619357304e-07,0.004035452613273918,161.75994818391555,247.80367800892378,
main,19,0.004,240,8,ASGA,emp,-2.020708037600942,3.769329064151616e-09,0.004035452613273918,161.75994818391555,247.80367800892378,
main,19,0.004,240,8,SGA,cert,-0.008249350051253925,0.025252135235819644,0.004035452613273918,161.75994818391555,0.006182000002021725,
main,19,0.004,240,8,ASGA,cert,-0.3638998246335896,0.011171121943827592,0.004035452613273918,161.75994818391555,0.006182000002021725,
main,20,0.004,240,8,SGA,emp,-0.9979795989091212,2.5518225414689066e-07,0.004036472728078619,193.84589916467388,247.74105199417633,
main,20,0.004,240,8,ASGA,emp,-2.0097188036599443,4.3630285079254705e-09,0.004036472728078619,193.84589916467388,247.74105199417633,
main,20,0.004,240,8,SGA,cert,-0.00676241400156763,0.019450650415085244,0.004036472728078619,193.84589916467388,0.005158736936449147,
main,20,0.004,240,8,ASGA,cert,-0.2956001947852015,0.010048050730377595,0.004036472728078619,193.84589916467388,0.005158736936449147,
main,21,0.004,240,8,SGA,emp,-1.029369568647324,2.2552538098130626e-07,0.004042546506364528,174.49468976565123,247.36883012368918,
main,21,0.004,240,8,ASGA,emp,-2.0878093219853726,3.336218627747467e-09,0.004042546506364528,174.49468976565123,247.36883012368918,
main,21,0.004,240,8,SGA,cert,-0.007481085293869053,0.01785905283439504,0.004042546506364528,174.49468976565123,0.005730833421595888,
main,21,0.004,240,8,ASGA,cert,-0.3282849637538427,0.008568507487740906,0.004042546506364528,174.49468976565123,0.005730833421595888,
main,22,0.004,240,8,SGA,emp,-1.0002761846975898,3.2107924696767043e-07,0.004017714458538113,194.3016130230647,248.89772787981062,
main,22,0.004,240,8,ASGA,emp,-2.0295749212247385,5.334947261737e-09,0.004017714458538113,194.3016130230647,248.89772787981062,
main,22,0.004,240,8,SGA,cert,-0.006705048017687684,0.018301833864608492,0.004017714458538113,194.3016130230647,0.0051466376652328375,
main,22,0.004,240,8,ASGA,cert,-0.29285678466871046,0.009514516930973473,0.004017714458538113,194.3016130230647,0.0051466376652328375,
main,23,0.004,240,8,SGA,emp,-0.9923070760468494,2.3104748782254436e-07,0.004017783948801273,192.2694877408531,248.89342302697864,
main,23,0.004,240,8,ASGA,emp,-1.9870121130560234,4.114383229947283e-09,0.004017783948801273,192.2694877408531,248.89342302697864,
main,23,0.004,240,8,SGA,cert,-0.006841988859074776,0.020065115123927932,0.004017783948801273,192.2694877408531,0.005201033256757992,
main,23,0.004,240,8,ASGA,cert,-0.299259975590237,0.010279570813751436,0.004017783948801273,192.2694877408531,0.005201033256757992,
main,24,0.004,240,8,SGA,emp,-1.059721752937208,2.3533696558164507e-07,0.004036777208985357,197.20684682086005,247.72236569660723,
main,24,0.004,240,8,ASGA,emp,-2.1924602277073477,2.8788840894522494e-09,0.004036777208985357,197.20684682086005,247.72236569660723,
main,24,0.004,240,8,SGA,cert,-0.006357466449597827,0.011395626474549336,0.004036777208985357,197.20684682086005,0.005070817855063552,
main,24,0.004,240,8,ASGA,cert,-0.2769993965997684,0.006141167115798155,0.004036777208985357,197.20684682086005,0.005070817855063552,
main,25,0.004,240,8,SGA,emp,-0.9782568085181066,2.443128230972258e-07,0.00401812165837185,184.1950042027427,248.87250437439513,
main,25,0.004,240,8,ASGA,emp,-1.9684425191384407,4.4726903430936105e-09,0.00401812165837185,184.1950042027427,248.87250437439513,
main,25,0.004,240,8,SGA,cert,-0.007260600731456632,0.02966709362819879,0.00401812165837185,184.1950042027427,0.00542902889428697,
main,25,0.004,240,8,ASGA,cert,-0.3186932949015319,0.014540788842976445,0.00401812165837185,184.1950042027427,0.00542902889428697,
main,26,0.004,240,8,SGA,emp,-1.0109963840295364,2.7703675744422673e-07,0.004020894911256984,177.183446317622,248.70085442929098,
main,26,0.004,240,8,ASGA,emp,-2.0609455474112632,4.32981121095688e-09,0.004020894911256984,177.183446317622,248.70085442929098,
main,26,0.004,240,8,SGA,cert,-0.0073341934780464125,0.01733287711462328,0.004020894911256984,177.183446317622,0.005643868097064684,
main,26,0.004,240,8,ASGA,cert,-0.3214141412332195,0.008447528010886246,0.004020894911256984,177.183446317622,0.005643868097064684,
main,27,0.004,240,8,SGA,emp,-1.003610857295309,2.4338001416296384e-07,0.00404267770192162,176.44237593172048,247.3608023525265,
main,27,0.004,240,8,ASGA,emp,-2.0210896524734876,4.080993439015135e-09,0.00404267770192162,176.44237593172048,247.3608023525265,
main,27,0.004,240,8,SGA,cert,-0.007439543856607839,0.019638200066175882,0.00404267770192162,176.44237593172048,0.0056675727399351,
main,27,0.004,240,8,ASGA,cert,-0.326439384968701,0.009461065257623726,0.00404267770192162,176.44237593172048,0.0056675727399351,
main,28,0.004,240,8,SGA,emp,-0.9866508471245258,2.3821679381169636e-07,0.004013137414657678,190.9941355055913,249.18159950057438,
main,28,0.004,240,8,ASGA,emp,-1.985732537830326,4.257295162235497e-09,0.004013137414657678,190.9941355055913,249.18159950057438,
main,28,0.004,240,8,SGA,cert,-0.006975451683843418,0.02483719087087398,0.004013137414657678,190.9941355055913,0.00523576285393708,
main,28,0.004,240,8,ASGA,cert,-0.3054990257065577,0.012544133883938609,0.004013137414657678,190.9941355055913,0.00523576285393708,
main,29,0.004,240,8,SGA,emp,-1.0053825415763282,2.385063046020375e-07,0.004021078800550102,198.37490788509936,248.6894810077324,
main,29,0.004,240,8,ASGA,emp,-2.031656751779587,3.923212685275068e-09,0.004021078800550102,198.37490788509936,248.6894810077324,
main,29,0.004,240,8,SGA,cert,-0.006656995875938686,0.021352876779776098,0.004021078800550102,198.37490788509936,0.005040960122734925,
main,29,0.004,240,8,ASGA,cert,-0.2909866640972305,0.01114486532023913,0.004021078800550102,198.37490788509936,0.005040960122734925,
main,30,0.004,240,8,SGA,emp,-1.0194247302251551,2.3848972258849743e-07,0.004027536460058511,168.39450832112414,248.2907380025238,
main,30,0.004,240,8,ASGA,emp,-2.0813946031770145,3.5788067023756476e-09,0.004027536460058511,168.39450832112414,248.2907380025238,
main,30,0.004,240,8,SGA,cert,-0.007753132722572391,0.017955990591172994,0.004027536460058511,168.39450832112414,0.005938435938142501,
main,30,0.004,240,8,ASGA,cert,-0.3406650750609068,0.008376975810672087,0.004027536460058511,168.39450832112414,0.005938435938142501,
main,31,0.004,240,8,SGA,emp,-0.9950787003540416,2.387282004648328e-07,0.004024173253782419,186.53638762529428,248.49824720147808,
main,31,0.004,240,8,ASGA,emp,-2.0008970579025362,4.1277342863188515e-09,0.004024173253782419,186.53638762529428,248.49824720147808,
main,31,0.004,240,8,SGA,cert,-0.00711932675561277,0.02428805888623351,0.004024173253782419,186.53638762529428,0.005360884343963785,
main,31,0.004,240,8,ASGA,cert,-0.31202308847622995,0.01208739727480649,0.004024173253782419,186.53638762529428,0.005360884343963785,
main,32,0.004,240,8,SGA,emp,-0.9930242302085939,2.0499132317997049e-07,0.004039646352728909,161.21182543495408,247.54642181102523,
main,32,0.004,240,8,ASGA,emp,-2.0019975602386184,3.5536170533978506e-09,0.004039646352728909,161.21182543495408,247.54642181102523,
main,32,0.004,240,8,SGA,cert,-0.008368882597754994,0.032439645812774504,0.004039646352728909,161.21182543495408,0.00620301889952534,
main,32,0.004,240,8,ASGA,cert,-0.36976340920840217,0.014156547329052888,0.004039646352728909,161.21182543495408,0.00620301889952534,
main,33,0.004,240,8,SGA,emp,-1.0026868856307984,3.3381391575243446e-07,0.004005282268636473,199.53672798728036,249.67029360965168,
main,33,0.004,240,8,ASGA,emp,-2.0316006120934498,5.516566481400531e-09,0.004005282268636473,199.53672798728036,249.67029360965168,
main,33,0.004,240,8,SGA,cert,-0.006383222698344834,0.014187762045530294,0.004005282268636473,199.53672798728036,0.005011608690224417,
main,33,0.004,240,8,ASGA,cert,-0.2779891664932479,0.0076294712768256515,0.004005282268636473,199.53672798728036,0.005011608690224417,
main,34,0.004,240,8,SGA,emp,-0.9899068839733759,2.220937202063178e-07,0.004040633830439057,176.80151083776227,247.48592472467112,
main,34,0.004,240,8,ASGA,emp,-1.9935117995067675,3.902791978482867e-09,0.004040633830439057,176.80151083776227,247.48592472467112,
main,34,0.004,240,8,SGA,cert,-0.007565064726401805,0.027183553546389558,0.004040633830439057,176.80151083776227,0.005656060263634435,
main,34,0.004,240,8,ASGA,cert,-0.3325557885682537,0.012911632173361366,0.004040633830439057,176.80151083776227,0.005656060263634435,
main,35,0.004,240,8,SGA,emp,-0.9942828196743779,2.4525310601125616e-07,0.004024533990728822,201.87078072541985,248.47597319432882,
main,35,0.004,240,8,ASGA,emp,-2.0176538630493153,4.141860417139487e-09,0.004024533990728822,201.87078072541985,248.47597319432882,
main,35,0.004,240,8,SGA,cert,-0.0066313916303702,0.02700465617754099,0.004024533990728822,201.87078072541985,0.004953663905229444,
main,35,0.004,240,8,ASGA,cert,-0.2899637987522289,0.014125473123391658,0.004024533990728822,201.87078072541985,0.004953663905229444,
main,36,0.004,240,8,SGA,emp,-1.0349621701361003,2.3082243034988625e-07,0.004031827751184423,181.35458692748963,248.02646881584457,
main,36,0.004,240,8,ASGA,emp,-2.091630444825047,3.3997006043673395e-09,0.004031827751184423,181.35458692748963,248.02646881584457,
main,36,0.004,240,8,SGA,cert,-0.0070670606160385735,0.014257680425951942,0.004031827751184423,181.35458692748963,0.005514059594201643,
main,36,0.004,240,8,ASGA,cert,-0.30918943149517103,0.007144203647823401,0.004031827751184423,181.35458692748963,0.005514059594201643,
main,37,0.004,240,8,SGA,emp,-1.0102876244895318,3.044827554879448e-07,0.004031959716287444,185.87620852366854,248.0183509672517,
main,37,0.004,240,8,ASGA,emp,-2.0434179623852327,4.92737663171372e-09,0.004031959716287444,185.87620852366854,248.0183509672517,
main,37,0.004,240,8,SGA,cert,-0.006979238177839458,0.017333506391979638,0.004031959716287444,185.87620852366854,0.005379924671062274,
main,37,0.004,240,8,ASGA,cert,-0.30525775077734,0.008762428551572152,0.004031959716287444,185.87620852366854,0.005379924671062274,
main,38,0.004,240,8,SGA,emp,-1.0060993194185068,2.8815285416095016e-07,0.004013277678649585,190.87067124517435,249.17289060758105,
main,38,0.004,240,8,ASGA,emp,-2.045159987576126,4.6461975447553705e-09,0.004013277678649585,190.87067124517435,249.17289060758105,
main,38,0.004,240,8,SGA,cert,-0.0068572267549746515,0.019154854272726948,0.004013277678649585,190.87067124517435,0.005239149595253924,
main,38,0.004,240,8,ASGA,cert,-0.2998568959781234,0.009800856090669899,0.004013277678649585,190.87067124517435,0.005239149595253924,
main,39,0.004,240,8,SGA,emp,-1.0324218116549693,2.3780074530355133e-07,0.004022676410427273,172.7731249161013,248.59071373672433,
main,39,0.004,240,8,ASGA,emp,-2.1166860199181565,3.3413837322027184e-09,0.004022676410427273,172.7731249161013,248.59071373672433,
main,39,0.004,240,8,SGA,cert,-0.007462161714437991,0.01521545078871201,0.004022676410427273,172.7731249161013,0.005787937218161681,
main,39,0.004,240,8,ASGA,cert,-0.32718719267585417,0.007319752076778187,0.004022676410427273,172.7731249161013,0.005787937218161681,
main,40,0.004,240,8,SGA,emp,-1.0006195053908788,2.5019382765556486e-07,0.004026553783540739,195.47522183879164,248.3513331146052,
main,40,0.004,240,8,ASGA,emp,-2.009674095614058,4.274723630626198e-09,0.004026553783540739,195.47522183879164,248.3513331146052,
main,40,0.004,240,8,SGA,cert,-0.006687180872146301,0.018689499059395036,0.004026553783540739,195.47522183879164,0.005115737895541051,
main,40,0.004,240,8,ASGA,cert,-0.29216547512956553,0.009730329529240418,0.004026553783540739,195.47522183879164,0.005115737895541051,
main,41,0.004,240,8,SGA,emp,-1.0167312720054489,2.550244008608926e-07,0.004030880052754823,159.22434298315375,248.08478220942604,
main,41,0.004,240,8,ASGA,emp,-2.0849891639791793,3.800511634566295e-09,0.004030880052754823,159.22434298315375,248.08478220942604,
main,41,0.004,240,8,SGA,cert,-0.008213443044933558,0.018951333040584113,0.004030880052754823,159.22434298315375,0.006280446703465449,
main,41,0.004,240,8,ASGA,cert,-0.3618344456429067,0.008426529943831196,0.004030880052754823,159.22434298315375,0.006280446703465449,
main,42,0.004,240,8,SGA,emp,-0.9916328667004287,2.3582950917783174e-07,0.004027793813735402,183.25959167957618,248.2748736019815,
main,42,0.004,240,8,ASGA,emp,-1.9888761587160344,4.185943675016901e-09,0.004027793813735402,183.25959167957618,248.2748736019815,
main,42,0.004,240,8,SGA,cert,-0.007218667465466609,0.021961929857750535,0.004027793813735402,183.25959167957618,0.005456740303931647,
main,42,0.004,240,8,ASGA,cert,-0.316449314352854,0.010821607989710158,0.004027793813735402,183.25959167957618,0.005456740303931647,
main,43,0.004,240,8,SGA,emp,-1.0074437714511348,2.798991512870108e-07,0.00401649830689679,201.44853200345105,248.9730913823329,
main,43,0.004,240,8,ASGA,emp,-2.041185743869755,4.543179971117084e-09,0.00401649830689679,201.44853200345105,248.9730913823329,
main,43,0.004,240,8,SGA,cert,-0.006485010924346988,0.018653780627344477,0.00401649830689679,201.44853200345105,0.004964047094584282,
main,43,0.004,240,8,ASGA,cert,-0.2830335686439447,0.009913979399714681,0.00401649830689679,201.44853200345105,0.004964047094584282,
main,44,0.004,240,8,SGA,emp,-0.996295269338953,1.9276447118382611e-07,0.004028262440122964,198.90475068768774,248.24599063845372,
main,44,0.004,240,8,ASGA,emp,-2.0135355704953444,3.2725119558651983e-09,0.004028262440122964,198.90475068768774,248.24599063845372,
main,44,0.004,240,8,SGA,cert,-0.0067201184508764,0.024638043056467406,0.004028262440122964,198.90475068768774,0.0050275320048547255,
main,44,0.004,240,8,ASGA,cert,-0.29399791834844313,0.012770432158417819,0.004028262440122964,198.90475068768774,0.0050275320048547255,
main,45,0.004,240,8,SGA,emp,-1.0165512509649783,2.6274315335222953e-07,0.004033189963959175,152.2978108545784,247.94269769985033,
main,45,0.004,240,8,ASGA,emp,-2.0876417130822134,3.919419844233829e-09,0.004033189963959175,152.2978108545784,247.94269769985033,
main,45,0.004,240,8,SGA,cert,-0.00844137381389657,0.014683243874823497,0.004033189963959175,152.2978108545784,0.006566082561454874,
main,45,0.004,240,8,ASGA,cert,-0.37190915360777016,0.006383459105884844,0.004033189963959175,152.2978108545784,0.006566082561454874,
main,46,0.004,240,8,SGA,emp,-0.9724177693307904,2.53528342583631e-07,0.004037466702250272,193.56559471010476,247.68006122320526,
main,46,0.004,240,8,ASGA,emp,-1.969847046811362,4.6351527477339616e-09,0.004037466702250272,193.56559471010476,247.68006122320526,
main,46,0.004,240,8,SGA,cert,-0.006883504909480307,0.025811875052291225,0.004037466702250272,193.56559471010476,0.005166207359823727,
main,46,0.004,240,8,ASGA,cert,-0.3012847159951158,0.013161661842313085,0.004037466702250272,193.56559471010476,0.005166207359823727,
main,47,0.004,240,8,SGA,emp,-1.0069923172736464,2.3998717100376377e-07,0.004030073168961585,176.75870228132388,248.1344526699168,
main,47,0.004,240,8,ASGA,emp,-2.0306830782216836,3.947376529811475e-09,0.004030073168961585,176.75870228132388,248.1344526699168,
main,47,0.004,240,8,SGA,cert,-0.0074626133423204895,0.02114044112594658,0.004030073168961585,176.75870228132388,0.005657430084593119,
main,47,0.004,240,8,ASGA,cert,-0.3275559983121898,0.010158396595195317,0.004030073168961585,176.75870228132388,0.005657430084593119,
main,48,0.004,240,8,SGA,emp,-1.0140229462266632,3.37108294966304e-07,0.004017876605080561,189.16451898695243,248.88768329408396,
main,48,0.004,240,8,ASGA,emp,-2.070920375378284,5.199947895884183e-09,0.004017876605080561,189.16451898695243,248.88768329408396,
main,48,0.004,240,8,SGA,cert,-0.00659895760089154,0.011802554162840428,0.004017876605080561,189.16451898695243,0.005286403630846728,
main,48,0.004,240,8,ASGA,cert,-0.2875823335683746,0.006211904227396217,0.004017876605080561,189.16451898695243,0.005286403630846728,
main,49,0.004,240,8,SGA,emp,-1.0249636183120834,2.3301426440441864e-07,0.004031177151440122,185.52768426573041,248.0664983037905,
main,49,0.004,240,8,ASGA,emp,-2.0764004488479224,3.5299451348058675e-09,0.004031177151440122,185.52768426573041,248.0664983037905,
main,49,0.004,240,8,SGA,cert,-0.007114867225205553,0.021557190826656858,0.004031177151440122,185.52768426573041,0.005390031164123758,
main,49,0.004,240,8,ASGA,cert,-0.311825992526613,0.010733358742170865,0.004031177151440122,185.52768426573041,0.005390031164123758,
main,0,0.008,60,2,SGA,emp,-1.039578300184299,6.843448581636546e-07,0.014633201459185508,99.73421863935415,68.33774569352923,
main,0,0.008,60,2,ASGA,emp,-2.1105867296529572,9.740113500467107e-09,0.014633201459185508,99.73421863935415,68.33774569352923,
main,0,0.008,60,2,SGA,cert,-0.041817891231542684,0.004990649840370898,0.014633201459185508,99.73421863935415,0.010026648964043818,
main,0,0.008,60,2,ASGA,cert,-1.7005887716049493,0.00015804995252688414,0.014633201459185508,99.73421863935415,0.010026648964043818,
main,1,0.008,60,2,SGA,emp,-1.054211027922158,6.030005638493763e-07,0.014829138226205981,90.60351929562779,67.43480199225635,
main,1,0.008,60,2,ASGA,emp,-2.135307481647109,8.3345617699071e-09,0.014829138226205981,90.60351929562779,67.43480199225635,
main,1,0.008,60,2,SGA,cert,-0.051649025169404866,0.00856884965012162,0.014829138226205981,90.60351929562779,0.01103709886519007,
main,1,0.008,60,2,ASGA,cert,-2.1628214676018427,0.00013550634626387226,0.014829138226205981,90.60351929562779,0.01103709886519007,
main,2,0.008,60,2,SGA,emp,-1.0402033402024504,5.96266628745401e-07,0.015456849332650532,93.9834684318105,64.69623779586396,
main,2,0.008,60,2,ASGA,emp,-2.1074173538916643,8.50698097382141e-09,0.015456849332650532,93.9834684318105,64.69623779586396,
main,2,0.008,60,2,SGA,cert,-0.048917415970484567,0.007731916034966667,0.015456849332650532,93.9834684318105,0.010640169134910655,
main,2,0.008,60,2,ASGA,cert,-2.0947524837990983,0.000124722270624808,0.015456849332650532,93.9834684318105,0.010640169134910655,
main,3,0.008,60,2,SGA,emp,-1.0013925201991427,6.023197826748872e-07,0.0153991279982095,68.69273221563324,64.93874199346047,
main,3,0.008,60,2,ASGA,emp,-2.048960789658027,9.723055416355209e-09,0.0153991279982095,68.69273221563324,64.93874199346047,
main,3,0.008,60,2,SGA,cert,-0.07298309082508805,0.01604560262350739,0.0153991279982095,68.69273221563324,0.014557580805796189,
main,3,0.008,60,2,ASGA,cert,-2.9117069661352537,0.00012226712084491276,0.0153991279982095,68.69273221563324,0.014557580805796189,
main,4,0.008,60,2,SGA,emp,-1.0276953848130093,6.248655625706867e-07,0.015523721540407927,94.91022643303904,64.4175430097107,
main,4,0.008,60,2,ASGA,emp,-2.077224839055804,9.83570185020266e-09,0.015523721540407927,94.91022643303904,64.4175430097107,
main,4,0.008,60,2,SGA,cert,-0.05271998805202985,0.015286219957948058,0.015523721540407927,94.91022643303904,0.010536272407963529,
main,4,0.008,60,2,ASGA,cert,-2.4429172756421615,0.000142369230036285,0.015523721540407927,94.91022643303904,0.010536272407963529,
main,5,0.008,60,2,SGA,emp,-1.0078871736936248,6.81591259231451e-07,0.015040010882759134,82.09948664608817,66.48931359127761,
main,5,0.008,60,2,ASGA,emp,-2.0555312994239543,1.0814864732922036e-08,0.015040010882759134,82.09948664608817,66.48931359127761,
main,5,0.008,60,2,SGA,cert,-0.057708329433734246,0.010025983623517379,0.015040010882759134,82.09948664608817,0.01218034412700737,
main,5,0.008,60,2,ASGA,cert,-2.403476574879962,0.00011872958092091351,0.015040010882759134,82.09948664608817,0.01218034412700737,
main,6,0.008,60,2,SGA,emp,-1.0754112101980038,5.599533185809968e-07,0.015118086078015297,78.00260827826946,66.14593903220322,
main,6,0.008,60,2,ASGA,emp,-2.1713939971818266,7.08808169797015e-09,0.015118086078015297,78.00260827826946,66.14593903220322,
main,6,0.008,60,2,SGA,cert,-0.05241153644886023,0.004968208788782534,0.015118086078015297,78.00260827826946,0.012820084123758554,
main,6,0.008,60,2,ASGA,cert,-2.05272459506444,0.0001021223154183612,0.015118086078015297,78.00260827826946,0.012820084123758554,
main,7,0.008,60,2,SGA,emp,-0.9916927660473109,7.851323941127086e-07,0.015441500472955921,85.59822505022085,64.76054589069173,
main,7,0.008,60,2,ASGA,emp,-2.0331399816681146,1.2645675923073085e-08,0.015441500472955921,85.59822505022085,64.76054589069173,
main,7,0.008,60,2,SGA,cert,-0.056481212840703364,0.013060494330427094,0.015441500472955921,85.59822505022085,0.01168248523159558,
main,7,0.008,60,2,ASGA,cert,-2.467020995199834,0.00013484225233049985,0.015441500472955921,85.59822505022085,0.01168248523159558,
main,8,0.008,60,2,SGA,emp,-1.0352095787677416,6.16663711386356e-07,0.01528335783291822,80.15535385925165,65.43064756660605,
main,8,0.008,60,2,ASGA,emp,-2.09309344546193,9.04267119516966e-09,0.01528335783291822,80.15535385925165,65.43064756660605,
main,8,0.008,60,2,SGA,cert,-0.060176132705512225,0.011443562655740758,0.01528335783291822,80.15535385925165,0.012475773006453748,
main,8,0.008,60,2,ASGA,cert,-2.5066364715792084,0.00012396566241143492,0.01528335783291822,80.15535385925165,0.012475773006453748,
main,9,0.008,60,2,SGA,emp,-1.0239261983054966,5.412747630315073e-07,0.015445832430530326,68.11121461886783,64.74238306660598,
main,9,0.008,60,2,ASGA,emp,-2.0882085153515115,8.041816011716829e-09,0.015445832430530326,68.11121461886783,64.74238306660598,
main,9,0.008,60,2,SGA,cert,-0.07131017102324333,0.01142804260473753,0.015445832430530326,68.11121461886783,0.014681870020902328,
main,9,0.008,60,2,ASGA,cert,-2.766745524011247,0.00010250340167854838,0.015445832430530326,68.11121461886783,0.014681870020902328,
main,10,0.008,60,2,SGA,emp,-0.9802395502649107,6.388892734715546e-07,0.015431870530364657,89.52000345051141,64.80095838235171,
main,10,0.008,60,2,ASGA,emp,-2.0127431917397645,1.0969425132123511e-08,0.015431870530364657,89.52000345051141,64.80095838235171,
main,10,0.008,60,2,SGA,cert,-0.057316973410479706,0.024889544294029134,0.015431870530364657,89.52000345051141,0.011170687683818304,
main,10,0.008,60,2,ASGA,cert,-2.8077558824008646,0.0001493515045888627,0.015431870530364657,89.52000345051141,0.011170687683818304,
main,11,0.008,60,2,SGA,emp,-1.0661492827185857,6.657960484185432e-07,0.015318887600747563,97.59421438169998,65.27889139621338,
main,11,0.008,60,2,ASGA,emp,-2.1259717985596795,9.777394713306187e-09,0.015318887600747563,97.59421438169998,65.27889139621338,
main,11,0.008,60,2,SGA,cert,-0.03579773674812407,0.0030842386336818878,0.015318887600747563,97.59421438169998,0.010246509040883383,
main,11,0.008,60,2,ASGA,cert,-1.4496022851604604,0.0001537325804758377,0.015318887600747563,97.59421438169998,0.010246509040883383,
main,12,0.008,60,2,SGA,emp,-1.0008113896983264,7.649897371259096e-07,0.014882324126243993,88.3937538755987,67.19380598871423,
main,12,0.008,60,2,ASGA,emp,-2.0371748461726025,1.277879128902537e-08,0.014882324126243993,88.3937538755987,67.19380598871423,
main,12,0.008,60,2,SGA,cert,-0.05403748902385971,0.012056619058031334,0.014882324126243993,88.3937538755987,0.01131301654421594,
main,12,0.008,60,2,ASGA,cert,-2.3569803653685404,0.0001405318803433947,0.014882324126243993,88.3937538755987,0.01131301654421594,
main,13,0.008,60,2,SGA,emp,-0.9933612787483773,7.144956725296803e-07,0.015049647017778608,83.47462350211082,66.44674116400667,
main,13,0.008,60,2,ASGA,emp,-2.0379999882507094,1.145350775333398e-08,0.015049647017778608,83.47462350211082,66.44674116400667,
main,13,0.008,60,2,SGA,cert,-0.05821883858734986,0.012648555662451565,0.015049647017778608,83.47462350211082,0.01197968865321942,
main,13,0.008,60,2,ASGA,cert,-2.5112599086143645,0.0001271450171889954,0.015049647017778608,83.47462350211082,0.01197968865321942,
main,14,0.008,60,2,SGA,emp,-1.0332448673009542,5.105924587994748e-07,0.015404911244429888,64.65549406643447,64.91436296730241,
main,14,0.008,60,2,ASGA,emp,-2.110500845130871,7.4445448000615144e-09,0.015404911244429888,64.65549406643447,64.91436296730241,
main,14,0.008,60,2,SGA,cert,-0.07498740574442582,0.011045706160396157,0.015404911244429888,64.65549406643447,0.015466589722019374,
main,14,0.008,60,2,ASGA,cert,-2.8056861004161946,9.675888101123159e-05,0.015404911244429888,64.65549406643447,0.015466589722019374,
main,15,0.008,60,2,SGA,emp,-1.045618583635152,6.055380297950719e-07,0.014824323721602327,96.47027158943844,67.45670283378784,
main,15,0.008,60,2,ASGA,emp,-2.1178265470860134,8.795694658725317e-09,0.014824323721602327,96.47027158943844,67.45670283378784,
main,15,0.008,60,2,SGA,cert,-0.04574661813096029,0.006680563174443099,0.014824323721602327,96.47027158943844,0.010365887682537425,
main,15,0.008,60,2,ASGA,cert,-1.936909978782321,0.00013668480849467896,0.014824323721602327,96.47027158943844,0.010365887682537425,
main,16,0.008,60,2,SGA,emp,-1.069134600099987,6.322021432608738e-07,0.01490864398810329,93.65627393287384,67.07518140469207,
main,16,0.008,60,2,ASGA,emp,-2.146248017157222,8.965670171556805e-09,0.01490864398810329,93.65627393287384,67.07518140469207,
main,16,0.008,60,2,SGA,cert,-0.03715200707164165,0.0031797785027825876,0.01490864398810329,93.65627393287384,0.010677341282194601,
main,16,0.008,60,2,ASGA,cert,-1.5166083403341035,0.0001407183054192504,0.01490864398810329,93.65627393287384,0.010677341282194601,
main,17,0.008,60,2,SGA,emp,-0.9941958762500701,6.816211789231752e-07,0.015245758994379861,77.40521956224613,65.59201154685944,
main,17,0.008,60,2,ASGA,emp,-2.0426071493539766,1.1283008451157261e-08,0.015245758994379861,77.40521956224613,65.59201154685944,
main,17,0.008,60,2,SGA,cert,-0.06304465632131402,0.012715188891824498,0.015245758994379861,77.40521956224613,0.012919025430783005,
main,17,0.008,60,2,ASGA,cert,-2.633776056013424,0.00011949763604168773,0.015245758994379861,77.40521956224613,0.012919025430783005,
main,18,0.008,60,2,SGA,emp,-1.06564591358028,6.067939699455627e-07,0.014953098665915859,93.68685587979822,66.8757708580766,
main,18,0.008,60,2,ASGA,emp,-2.14679751609288,8.341767977759762e-09,0.014953098665915859,93.68685587979822,66.8757708580766,
main,18,0.008,60,2,SGA,cert,-0.042507829517185826,0.004558052532946964,0.014953098665915859,93.68685587979822,0.01067385590656406,
main,18,0.008,60,2,ASGA,cert,-1.7413322079723283,0.00013501171288030078,0.014953098665915859,93.68685587979822,0.01067385590656406,
main,19,0.008,60,2,SGA,emp,-1.0127363742510394,7.683064338209755e-07,0.015003114977095807,96.38454638171383,66.65282519840908,
main,19,0.008,60,2,ASGA,emp,-2.06081046511617,1.2778841165794752e-08,0.015003114977095807,96.38454638171383,66.65282519840908,
main,19,0.008,60,2,SGA,cert,-0.048000082175804516,0.009766562490146076,0.015003114977095807,96.38454638171383,0.010375107188238227,
main,19,0.008,60,2,ASGA,cert,-2.100265419220555,0.00015328720429699794,0.015003114977095807,96.38454638171383,0.010375107188238227,
main,20,0.008,60,2,SGA,emp,-1.0615059254205417,6.107672700234046e-07,0.015258238005869739,91.32496929792126,65.53836685568196,
main,20,0.008,60,2,ASGA,emp,-2.1431979613861554,8.692007308352956e-09,0.015258238005869739,91.32496929792126,65.53836685568196,
main,20,0.008,60,2,SGA,cert,-0.04559803611296399,0.005268551586057199,0.015258238005869739,91.32496929792126,0.010949907869531164,
main,20,0.008,60,2,ASGA,cert,-1.8715305959903596,0.00012706347362883424,0.015258238005869739,91.32496929792126,0.010949907869531164,
main,21,0.008,60,2,SGA,emp,-1.0456290529132273,6.167596488110272e-07,0.015309297639950025,94.25163846290307,65.31978301803167,
main,21,0.008,60,2,ASGA,emp,-2.113060442457273,8.986624548679156e-09,0.015309297639950025,94.25163846290307,65.31978301803167,
main,21,0.008,60,2,SGA,cert,-0.047886991220599605,0.006919527161984226,0.015309297639950025,94.25163846290307,0.010609895130826765,
main,21,0.008,60,2,ASGA,cert,-2.0070916493023394,0.00013117916538937097,0.015309297639950025,94.25163846290307,0.010609895130826765,
main,22,0.008,60,2,SGA,emp,-1.0395594351056923,6.317989151155556e-07,0.015215485885660575,94.36575822324372,65.72251504254774,
main,22,0.008,60,2,ASGA,emp,-2.0995902205861423,9.503193849902392e-09,0.015215485885660575,94.36575822324372,65.72251504254774,
main,22,0.008,60,2,SGA,cert,-0.048279199336129605,0.007320717940534453,0.015215485885660575,94.36575822324372,0.010597064219356687,
main,22,0.008,60,2,ASGA,cert,-2.0326576500388938,0.00013280765571446057,0.015215485885660575,94.36575822324372,0.010597064219356687,
main,23,0.008,60,2,SGA,emp,-1.0544970652191559,6.426363834757809e-07,0.014768525051775894,92.10508518909135,67.7115687920204,
main,23,0.008,60,2,ASGA,emp,-2.119353909182937,9.595333257117478e-09,0.014768525051775894,92.10508518909135,67.7115687920204,
main,23,0.008,60,2,SGA,cert,-0.043450155856864556,0.004434962047874205,0.014768525051775894,92.10508518909135,0.010857163835710093,
main,23,0.008,60,2,ASGA,cert,-1.7402842719317704,0.00013513831497118795,0.014768525051775894,92.10508518909135,0.010857163835710093,
main,24,0.008,60,2,SGA,emp,-1.081488930128604,5.021981380956553e-07,0.015285343057082089,71.556320924798,65.42214958902571,
main,24,0.008,60,2,ASGA,emp,-2.188281704406998,6.286859338677786e-09,0.015285343057082089,71.556320924798,65.42214958902571,
main,24,0.008,60,2,SGA,cert,-0.06024796893103877,0.005953709020074631,0.015285343057082089,71.556320924798,0.01397500580068878,
main,24,0.008,60,2,ASGA,cert,-2.3027120900575584,9.28435211534559e-05,0.015285343057082089,71.556320924798,0.01397500580068878,
main,25,0.008,60,2,SGA,emp,-0.9763406357826637,7.89883128210489e-07,0.014999934912336914,85.27799928122056,66.66695594642451,
main,25,0.008,60,2,ASGA,emp,-1.9948370494542127,1.373787968106388e-08,0.014999934912336914,85.27799928122056,66.66695594642451,
main,25,0.008,60,2,SGA,cert,-0.05859085233440417,0.021790741426692184,0.014999934912336914,85.27799928122056,0.011726353906384556,
main,25,0.008,60,2,ASGA,cert,-2.713677501494173,0.00016371154394004273,0.014999934912336914,85.27799928122056,0.011726353906384556,
main,26,0.008,60,2,SGA,emp,-1.0517104953531757,6.022753084866661e-07,0.015283478022964977,95.75208790439694,65.4301330166732,
main,26,0.008,60,2,ASGA,emp,-2.12554624773502,8.773089345270879e-09,0.015283478022964977,95.75208790439694,65.4301330166732,
main,26,0.008,60,2,SGA,cert,-0.04650624772731237,0.0064344573594157725,0.015283478022964977,95.75208790439694,0.010443636498020216,
main,26,0.008,60,2,ASGA,cert,-1.9444538196652237,0.000133952452997535,0.015283478022964977,95.75208790439694,0.010443636498020216,
main,27,0.008,60,2,SGA,emp,-1.04640513889072,6.501562602803657e-07,0.01494322330879314,91.63348453242443,66.91996628408566,
main,27,0.008,60,2,ASGA,emp,-2.1146122119148547,9.775314786797384e-09,0.01494322330879314,91.63348453242443,66.91996628408566,
main,27,0.008,60,2,SGA,cert,-0.04628648949547539,0.0054537839979808544,0.01494322330879314,91.63348453242443,0.01091304128728348,
main,27,0.008,60,2,ASGA,cert,-1.8762133685102402,0.0001319432782302607,0.01494322330879314,91.63348453242443,0.01091304128728348,
main,28,0.008,60,2,SGA,emp,-0.9958283787882883,8.041490153348763e-07,0.015380701155949562,97.67542608606657,65.0165418247646,
main,28,0.008,60,2,ASGA,emp,-2.028509837043204,1.305259865469477e-08,0.015380701155949562,97.67542608606657,65.0165418247646,
main,28,0.008,60,2,SGA,cert,-0.04899077032537622,0.011784216724626054,0.015380701155949562,97.67542608606657,0.010237989636398938,
main,28,0.008,60,2,ASGA,cert,-2.20304172463955,0.00015115137577216553,0.015380701155949562,97.67542608606657,0.010237989636398938,
main,29,0.008,60,2,SGA,emp,-0.9905197480955115,7.141778970570778e-07,0.015262249876681655,83.1802710758816,65.52113928679968,
main,29,0.008,60,2,ASGA,emp,-2.0245739735037915,1.1943346103771013e-08,0.015262249876681655,83.1802710758816,65.52113928679968,
main,29,0.008,60,2,SGA,cert,-0.060251122620275564,0.019016562718209097,0.015262249876681655,83.1802710758816,0.012022081523246603,
main,29,0.008,60,2,ASGA,cert,-2.7274382022761996,0.00014673122992281407,0.015262249876681655,83.1802710758816,0.012022081523246603,
main,30,0.008,60,2,SGA,emp,-1.0602752298892317,5.90158058276502e-07,0.015162547633332843,93.31576896438297,65.95197747650488,
main,30,0.008,60,2,ASGA,emp,-2.1444864594861186,8.280178771802316e-09,0.015162547633332843,93.31576896438297,65.95197747650488,
main,30,0.008,60,2,SGA,cert,-0.04582271008145456,0.0058954193001167915,0.015162547633332843,93.31576896438297,0.010716302411671524,
main,30,0.008,60,2,ASGA,cert,-1.9168738613470238,0.0001286093495137669,0.015162547633332843,93.31576896438297,0.010716302411671524,
main,31,0.008,60,2,SGA,emp,-0.9859662052662147,6.56252781658373e-07,0.015240527857779376,73.15282054104617,65.61452525343864,
main,31,0.008,60,2,ASGA,emp,-2.0288665731969076,1.0981522316488856e-08,0.015240527857779376,73.15282054104617,65.61452525343864,
main,31,0.008,60,2,SGA,cert,-0.06905045921739225,0.018707731570530614,0.015240527857779376,73.15282054104617,0.01367001289360946,
main,31,0.008,60,2,ASGA,cert,-2.915948817278776,0.00013703787059053674,0.015240527857779376,73.15282054104617,0.01367001289360946,
main,32,0.008,60,2,SGA,emp,-1.0040726385658154,6.768033825738096e-07,0.015113128368403592,79.62915263377674,66.16763754158667,
main,32,0.008,60,2,ASGA,emp,-2.0527493883214922,1.1033682321970328e-08,0.015113128368403592,79.62915263377674,66.16763754158667,
main,32,0.008,60,2,SGA,cert,-0.06032560694280179,0.011209560376040331,0.015113128368403592,79.62915263377674,0.012558214760856622,
main,32,0.008,60,2,ASGA,cert,-2.5139964317276142,0.00011873592792437104,0.015113128368403592,79.62915263377674,0.012558214760856622,
main,33,0.008,60,2,SGA,emp,-1.1479960348973541,3.6552888452862087e-07,0.015517131959278714,83.61399836307906,64.4448988784963,
main,33,0.008,60,2,ASGA,emp,-2.3532945403148253,3.3581443945052136e-09,0.015517131959278714,83.61399836307906,64.4448988784963,
main,33,0.008,60,2,SGA,cert,-0.0491447652452548,0.005101054227867798,0.015517131959278714,83.61399836307906,0.01195971989830789,
main,33,0.008,60,2,ASGA,cert,-2.0735725577177804,9.303892403323549e-05,0.015517131959278714,83.61399836307906,0.01195971989830789,
main,34,0.008,60,2,SGA,emp,-0.9843628127074135,7.248796758396736e-07,0.01504150817562993,84.90485692096581,66.48269497470925,
main,34,0.008,60,2,ASGA,emp,-2.0220913068473645,1.219277540043251e-08,0.01504150817562993,84.90485692096581,66.48269497470925,
main,34,0.008,60,2,SGA,cert,-0.05860582076833708,0.01795195982313752,0.01504150817562993,84.90485692096581,0.011777889231129096,
main,34,0.008,60,2,ASGA,cert,-2.667968192668126,0.00014328149685538527,0.01504150817562993,84.90485692096581,0.011777889231129096,
main,35,0.008,60,2,SGA,emp,-1.1106423670142131,3.5974286129170086e-07,0.015531241344505323,57.77043666809746,64.3863537896655,
main,35,0.008,60,2,ASGA,emp,-2.2478850617605795,3.9526892869901076e-09,0.015531241344505323,57.77043666809746,64.3863537896655,
main,35,0.008,60,2,SGA,cert,-0.07860540643856613,0.006987623745306745,0.015531241344505323,57.77043666809746,0.01730989166215234,
main,35,0.008,60,2,ASGA,cert,-2.690241690523209,7.385270905314184e-05,0.015531241344505323,57.77043666809746,0.01730989166215234,
main,36,0.008,60,2,SGA,emp,-1.037531897678048,5.456701897624261e-07,0.01547628566509041,76.17746797301996,64.61498719009063,
main,36,0.008,60,2,ASGA,emp,-2.1240908547693627,7.758022883830318e-09,0.01547628566509041,76.17746797301996,64.61498719009063,
main,36,0.008,60,2,SGA,cert,-0.06360307383234176,0.01090749463945346,0.01547628566509041,76.17746797301996,0.013127241251365477,
main,36,0.008,60,2,ASGA,cert,-2.6115923224790127,0.00010863835552830242,0.01547628566509041,76.17746797301996,0.013127241251365477,
main,37,0.008,60,2,SGA,emp,-1.045526785352835,6.778975330593018e-07,0.015395799673256706,95.74424559180106,64.95278070791291,
main,37,0.008,60,2,ASGA,emp,-2.098715330440429,1.045238636615542e-08,0.015395799673256706,95.74424559180106,64.95278070791291,
main,37,0.008,60,2,SGA,cert,-0.0442236635526496,0.005347218331148873,0.015395799673256706,95.74424559180106,0.010444491925534935,
main,37,0.008,60,2,ASGA,cert,-1.8066215429035453,0.00014207864070409082,0.015395799673256706,95.74424559180106,0.010444491925534935,
main,38,0.008,60,2,SGA,emp,-1.1342256837455795,4.0460288212168516e-07,0.01541024282067404,66.97988587139021,64.89190414692376,
main,38,0.008,60,2,ASGA,emp,-2.3268564531952505,3.974833018283164e-09,0.01541024282067404,66.97988587139021,64.89190414692376,
main,38,0.008,60,2,SGA,cert,-0.06035360414862184,0.004858743054636072,0.01541024282067404,66.97988587139021,0.014929855239229961,
main,38,0.008,60,2,ASGA,cert,-2.280438326294027,8.395859083940721e-05,0.01541024282067404,66.97988587139021,0.014929855239229961,
main,39,0.008,60,2,SGA,emp,-1.0831852649788833,5.729024560377494e-07,0.014825127274824964,90.364001491618,67.45304653796349,
main,39,0.008,60,2,ASGA,emp,-2.183073599541387,7.634025446512371e-09,0.014825127274824964,90.364001491618,67.45304653796349,
main,39,0.008,60,2,SGA,cert,-0.039474086787832874,0.003536529791527389,0.014825127274824964,90.364001491618,0.011066353675061171,
main,39,0.008,60,2,ASGA,cert,-1.6356577136940613,0.0001270170949492222,0.014825127274824964,90.364001491618,0.011066353675061171,
main,40,0.008,60,2,SGA,emp,-1.04379284097585,6.046215383290199e-07,0.015340378610338113,95.25555786648347,65.18743933256542,
main,40,0.008,60,2,ASGA,emp,-2.1163043096387817,8.401027325188881e-09,0.015340378610338113,95.25555786648347,65.18743933256542,
main,40,0.008,60,2,SGA,cert,-0.04746972818376418,0.0069358451456785555,0.015340378610338113,95.25555786648347,0.010498075098165574,
main,40,0.008,60,2,ASGA,cert,-2.0062852263818285,0.00012977930483591693,0.015340378610338113,95.25555786648347,0.010498075098165574,
main,41,0.008,60,2,SGA,emp,-0.9914502504151941,8.0136823224497e-07,0.015470492377339813,91.53926504927372,64.63918378349328,
main,41,0.008,60,2,ASGA,emp,-2.025629779082555,1.3156109146539308e-08,0.015470492377339813,91.53926504927372,64.63918378349328,
main,41,0.008,60,2,SGA,cert,-0.0529800173142533,0.014402414635763777,0.015470492377339813,91.53926504927372,0.010924273856270534,
main,41,0.008,60,2,ASGA,cert,-2.410056202919314,0.00014468684349767946,0.015470492377339813,91.53926504927372,0.010924273856270534,
main,42,0.008,60,2,SGA,emp,-1.122484535327792,4.184750628036249e-07,0.015397348311882872,64.86437321408167,64.94624786972261,
main,42,0.008,60,2,ASGA,emp,-2.296105085106096,4.3820104420055905e-09,0.015397348311882872,64.86437321408167,64.94624786972261,
main,42,0.008,60,2,SGA,cert,-0.06407214030125777,0.0052288356378366735,0.015397348311882872,64.86437321408167,0.015416783519969418,
main,42,0.008,60,2,ASGA,cert,-2.3544325083741056,8.353708313885155e-05,0.015397348311882872,64.86437321408167,0.015416783519969418,
main,43,0.008,60,2,SGA,emp,-1.0393619562034295,6.883874141758173e-07,0.015483670596002657,99.2156386235727,64.58416909606467,
main,43,0.008,60,2,ASGA,emp,-2.096383969044149,1.0671588328292625e-08,0.015483670596002657,99.2156386235727,64.58416909606467,
main,43,0.008,60,2,SGA,cert,-0.04709380684797155,0.008355396061219308,0.015483670596002657,99.2156386235727,0.01007905622413047,
main,43,0.008,60,2,ASGA,cert,-2.012960708609217,0.00015422752266120582,0.015483670596002657,99.2156386235727,0.01007905622413047,
main,44,0.008,60,2,SGA,emp,-0.991988454207767,6.955545053810575e-07,0.015506157233906784,76.27760577860998,64.49051076390056,
main,44,0.008,60,2,ASGA,emp,-2.046671520655811,1.1278157005523148e-08,0.015506157233906784,76.27760577860998,64.49051076390056,
main,44,0.008,60,2,SGA,cert,-0.0644369687666682,0.013896102251402774,0.015506157233906784,76.27760577860998,0.013110007711862704,
main,44,0.008,60,2,ASGA,cert,-2.7009464369040423,0.00012295760064974515,0.015506157233906784,76.27760577860998,0.013110007711862704,
main,45,0.008,60,2,SGA,emp,-1.1390781758857256,3.8342483595077415e-07,0.015449036534315268,62.4113644582294,64.72895560696024,
main,45,0.008,60,2,ASGA,emp,-2.3405927807087945,3.6794265620421207e-09,0.015449036534315268,62.4113644582294,64.72895560696024,
main,45,0.008,60,2,SGA,cert,-0.06596947834914614,0.005045785249275212,0.015449036534315268,62.4113644582294,0.016022722923631622,
main,45,0.008,60,2,ASGA,cert,-2.386155189230972,7.963490020298364e-05,0.015449036534315268,62.4113644582294,0.016022722923631622,
main,46,0.008,60,2,SGA,emp,-0.9855532477098167,7.885078793928857e-07,0.015327413388351318,82.76881711083942,65.24258037954337,
main,46,0.008,60,2,ASGA,emp,-2.0248594442535337,1.2951284142359576e-08,0.015327413388351318,82.76881711083942,65.24258037954337,
main,46,0.008,60,2,SGA,cert,-0.0591536378697908,0.014717922208084565,0.015327413388351318,82.76881711083942,0.012081844768433206,
main,46,0.008,60,2,ASGA,cert,-2.5805090618854214,0.00013717032904185522,0.015327413388351318,82.76881711083942,0.012081844768433206,
main,47,0.008,60,2,SGA,emp,-1.0304779776969297,6.600428265474134e-07,0.015106123298611758,93.30784439927785,66.19832105381394,
main,47,0.008,60,2,ASGA,emp,-2.084012389510967,9.84142120574738e-09,0.015106123298611758,93.30784439927785,66.19832105381394,
main,47,0.008,60,2,SGA,cert,-0.048544243599168924,0.0074224762750482245,0.015106123298611758,93.30784439927785,0.010717212539182177,
main,47,0.008,60,2,ASGA,cert,-2.0438004093839064,0.00013224576265476184,0.015106123298611758,93.30784439927785,0.010717212539182177,
main,48,0.008,60,2,SGA,emp,-1.1135411714321946,4.337377321125824e-07,0.015355563923535383,71.5767905026891,65.12297464160895,
main,48,0.008,60,2,ASGA,emp,-2.267582173254307,4.587810242817625e-09,0.015355563923535383,71.5767905026891,65.12297464160895,
main,48,0.008,60,2,SGA,cert,-0.05826031792883181,0.005338731916412244,0.015355563923535383,71.5767905026891,0.013971009219286392,
main,48,0.008,60,2,ASGA,cert,-2.2606820776568894,8.857290821310398e-05,0.015355563923535383,71.5767905026891,0.013971009219286392,
main,49,0.008,60,2,SGA,emp,-1.0752153398225317,5.597251011846271e-07,0.015345919103509771,76.86184870508146,65.16390404868547,
main,49,0.008,60,2,ASGA,emp,-2.1721427294397775,7.101092075467719e-09,0.015345919103509771,76.86184870508146,65.16390404868547,
main,49,0.008,60,2,SGA,cert,-0.0539474870175718,0.005194844291245421,0.015345919103509771,76.86184870508146,0.013010355811723905,
main,49,0.008,60,2,ASGA,cert,-2.1046659719997893,0.00010017312370516618,0.015345919103509771,76.86184870508146,0.013010355811723905,
main,0,0.008,60,4,SGA,emp,-1.032593522282628,5.053696323226164e-07,0.015466520588026651,68.05793616991534,64.65578307083148,
main,0,0.008,60,4,ASGA,emp,-2.1016682909458244,7.396313006502453e-09,0.015466520588026651,68.05793616991534,64.65578307083148,
main,0,0.008,60,4,SGA,cert,-0.07187085657193988,0.012408961320282338,0.015466520588026651,68.05793616991534,0.014693363570464026,
main,0,0.008,60,4,ASGA,cert,-2.815713823869014,0.00010600591481649269,0.015466520588026651,68.05793616991534,0.014693363570464026,
main,1,0.008,60,4,SGA,emp,-1.0085460689116363,6.562741778071146e-07,0.015159594538888594,80.87680097834719,65.9648249453322,
main,1,0.008,60,4,ASGA,emp,-2.0607254216003073,1.0558869029120288e-08,0.015159594538888594,80.87680097834719,65.9648249453322,
main,1,0.008,60,4,SGA,cert,-0.06102556571303858,0.014794044784503725,0.015159594538888594,80.87680097834719,0.012364485092180215,
main,1,0.008,60,4,ASGA,cert,-2.6485933841059044,0.00013153021328125847,0.015159594538888594,80.87680097834719,0.012364485092180215,
main,2,0.008,60,4,SGA,emp,-1.0166532692369035,6.764354496952008e-07,0.015394238515659017,96.14767751604158,64.95936768699538,
main,2,0.008,60,4,ASGA,emp,-2.0649820639693472,1.0439401218476085e-08,0.015394238515659017,96.14767751604158,64.95936768699538,
main,2,0.008,60,4,SGA,cert,-0.04877608857341295,0.009570190837115328,0.015394238515659017,96.14767751604158,0.010400667242671118,
main,2,0.008,60,4,ASGA,cert,-2.1494926218295713,0.00013521482861530987,0.015394238515659017,96.14767751604158,0.010400667242671118,
main,3,0.008,60,4,SGA,emp,-1.0444835361935487,6.73126572842131e-07,0.015140473223251731,93.2807711188935,66.04813371779335,
main,3,0.008,60,4,ASGA,emp,-2.1143187425551386,9.89611247115274e-09,0.015140473223251731,93.2807711188935,66.04813371779335,
main,3,0.008,60,4,SGA,cert,-0.04652156266447471,0.0062361640444472885,0.015140473223251731,93.2807711188935,0.01072032304198497,
main,3,0.008,60,4,ASGA,cert,-1.9195450114767856,0.00013897992114983437,0.015140473223251731,93.2807711188935,0.01072032304198497,
main,4,0.008,60,4,SGA,emp,-1.018562328227182,6.621738834339252e-07,0.015288548653442187,88.53999659414279,65.4084323285227,
main,4,0.008,60,4,ASGA,emp,-2.067883304400403,1.0295773664181773e-08,0.015288548653442187,88.53999659414279,65.4084323285227,
main,4,0.008,60,4,SGA,cert,-0.055432576745381344,0.014392851731607065,0.015288548653442187,88.53999659414279,0.011294330680674019,
main,4,0.008,60,4,ASGA,cert,-2.4894188365865255,0.0001380340048081352,0.015288548653442187,88.53999659414279,0.011294330680674019,
main,5,0.008,60,4,SGA,emp,-1.0454724868521164,6.328895448340366e-07,0.015110767399906602,96.89688172938628,66.17797584563316,
main,5,0.008,60,4,ASGA,emp,-2.1134153464655334,8.960337229135806e-09,0.015110767399906602,96.89688172938628,66.17797584563316,
main,5,0.008,60,4,SGA,cert,-0.04551620769240401,0.0065982673233825895,0.015110767399906602,96.89688172938628,0.010320249549338452,
main,5,0.008,60,4,ASGA,cert,-1.9188702133487436,0.00014035364210019524,0.015110767399906602,96.89688172938628,0.010320249549338452,
main,6,0.008,60,4,SGA,emp,-1.084926418597776,5.273086863336052e-07,0.01534678236062318,79.66116085180353,65.16023857651119,
main,6,0.008,60,4,ASGA,emp,-2.1896366226222455,6.494046675409315e-09,0.01534678236062318,79.66116085180353,65.16023857651119,
main,6,0.008,60,4,SGA,cert,-0.05160918411719555,0.00504127470015945,0.01534678236062318,79.66116085180353,0.012553168812846393,
main,6,0.008,60,4,ASGA,cert,-2.0553734979605887,0.00010108792840900216,0.01534678236062318,79.66116085180353,0.012553168812846393,
main,7,0.008,60,4,SGA,emp,-1.03278917553354,6.368567402464942e-07,0.015443327219206071,100.55466651490974,64.75288555411501,
main,7,0.008,60,4,ASGA,emp,-2.0990905293142643,9.283512424074214e-09,0.015443327219206071,100.55466651490974,64.75288555411501,
main,7,0.008,60,4,SGA,cert,-0.04708668483638599,0.009554515572181267,0.015443327219206071,100.55466651490974,0.009944839306405785,
main,7,0.008,60,4,ASGA,cert,-2.0914164457454403,0.00014371938916366706,0.015443327219206071,100.55466651490974,0.009944839306405785,
main,8,0.008,60,4,SGA,emp,-1.0060609271550798,7.029368512961875e-07,0.015486610675713322,77.38095319837937,64.57190801394893,
main,8,0.008,60,4,ASGA,emp,-2.037870657990033,1.1740729291553897e-08,0.015486610675713322,77.38095319837937,64.57190801394893,
main,8,0.008,60,4,SGA,cert,-0.0631469395893759,0.014348183908935379,0.015486610675713322,77.38095319837937,0.01292307678656178,
main,8,0.008,60,4,ASGA,cert,-2.660121099337802,0.0001324355055793286,0.015486610675713322,77.38095319837937,0.01292307678656178,
main,9,0.008,60,4,SGA,emp,-1.1205427916959532,3.7312001298361874e-07,0.015520398293855481,64.23107407768036,64.43133617233906,
main,9,0.008,60,4,ASGA,emp,-2.281254774565418,3.872240673941096e-09,0.015520398293855481,64.23107407768036,64.43133617233906,
main,9,0.008,60,4,SGA,cert,-0.06909405102915003,0.006502208116221236,0.015520398293855481,64.23107407768036,0.0155687883841178,
main,9,0.008,60,4,ASGA,cert,-2.5389315714754463,8.167888154995279e-05,0.015520398293855481,64.23107407768036,0.0155687883841178,
main,10,0.008,60,4,SGA,emp,-0.9971047329221698,6.822164736186576e-07,0.015356101893032019,90.36846451485846,65.12069319192,
main,10,0.008,60,4,ASGA,emp,-2.0382573841382468,1.1349981052233282e-08,0.015356101893032019,90.36846451485846,65.12069319192,
main,10,0.008,60,4,SGA,cert,-0.0548484003902973,0.01537640092009672,0.015356101893032019,90.36846451485846,0.011065807141556324,
main,10,0.008,60,4,ASGA,cert,-2.52065393735552,0.00013323169968261495,0.015356101893032019,90.36846451485846,0.011065807141556324,
main,11,0.008,60,4,SGA,emp,-1.034726494012087,6.320580534166509e-07,0.014921421655183792,95.19740510826199,67.01774288729345,
main,11,0.008,60,4,ASGA,emp,-2.093669921100581,9.383968470333404e-09,0.014921421655183792,95.19740510826199,67.01774288729345,
main,11,0.008,60,4,SGA,cert,-0.04877496761869892,0.00990024188771308,0.014921421655183792,95.19740510826199,0.01050448800429763,
main,11,0.008,60,4,ASGA,cert,-2.1649543908365416,0.00013881827956522402,0.014921421655183792,95.19740510826199,0.01050448800429763,
main,12,0.008,60,4,SGA,emp,-1.0179378091859481,6.699587959471676e-07,0.015086993550209453,92.24541914929836,66.28225807030434,
main,12,0.008,60,4,ASGA,emp,-2.068639236903358,1.0223758485639056e-08,0.015086993550209453,92.24541914929836,66.28225807030434,
main,12,0.008,60,4,SGA,cert,-0.051021937948278584,0.009956465349678423,0.015086993550209453,92.24541914929836,0.010840646714190862,
main,12,0.008,60,4,ASGA,cert,-2.225766052682984,0.00013156547244008027,0.015086993550209453,92.24541914929836,0.010840646714190862,
main,13,0.008,60,4,SGA,emp,-1.0128098643297345,6.673552990013598e-07,0.015317835632876814,100.1276250117998,65.28337449017214,
main,13,0.008,60,4,ASGA,emp,-2.0628929068897603,1.0590661785048194e-08,0.015317835632876814,100.1276250117998,65.28337449017214,
main,13,0.008,60,4,SGA,cert,-0.048629856666589144,0.011775505722877687,0.015317835632876814,100.1276250117998,0.009987253766202409,
main,13,0.008,60,4,ASGA,cert,-2.2179210104626152,0.00014159919038935626,0.015317835632876814,100.1276250117998,0.009987253766202409,
main,14,0.008,60,4,SGA,emp,-1.0374483526863885,5.151821137680535e-07,0.01535667242079377,70.12480330813277,65.11827384205615,
main,14,0.008,60,4,ASGA,emp,-2.112785058647682,7.313322634983077e-09,0.01535667242079377,70.12480330813277,65.11827384205615,
main,14,0.008,60,4,SGA,cert,-0.06812862070137822,0.009970734905508316,0.01535667242079377,70.12480330813277,0.014260289552698459,
main,14,0.008,60,4,ASGA,cert,-2.665099300760616,9.908193656159303e-05,0.01535667242079377,70.12480330813277,0.014260289552698459,
main,15,0.008,60,4,SGA,emp,-0.9946609810407933,7.530734015964713e-07,0.015361596262087855,89.60379050532666,65.09740152903134,
main,15,0.008,60,4,ASGA,emp,-2.02450636773551,1.2865168930176196e-08,0.015361596262087855,89.60379050532666,65.09740152903134,
main,15,0.008,60,4,SGA,cert,-0.05491625881627971,0.016142685698962482,0.015361596262087855,89.60379050532666,0.011160242154494047,
main,15,0.008,60,4,ASGA,cert,-2.515262910676263,0.00014345731333530176,0.015361596262087855,89.60379050532666,0.011160242154494047,
main,16,0.008,60,4,SGA,emp,-1.0693885979965299,4.849844562546113e-07,0.015436784418514305,98.61927114743405,64.7803307274692,
main,16,0.008,60,4,ASGA,emp,-2.152088216322691,6.531409753318673e-09,0.015436784418514305,98.61927114743405,64.7803307274692,
main,16,0.008,60,4,SGA,cert,-0.047651547701057374,0.009014109324311868,0.015436784418514305,98.61927114743405,0.010140005988332826,
main,16,0.008,60,4,ASGA,cert,-2.1372846595348967,0.00012467502932058533,0.015436784418514305,98.61927114743405,0.010140005988332826,
main,17,0.008,60,4,SGA,emp,-1.033626243062176,6.259513337103506e-07,0.015157244862595953,86.0042495179965,65.97505081333969,
main,17,0.008,60,4,ASGA,emp,-2.0942802174555086,9.150019353310057e-09,0.015157244862595953,86.0042495179965,65.97505081333969,
main,17,0.008,60,4,SGA,cert,-0.05344250293140189,0.008462197448817245,0.015157244862595953,86.0042495179965,0.011627332435367031,
main,17,0.008,60,4,ASGA,cert,-2.2455020428252626,0.00011866320981514245,0.015157244862595953,86.0042495179965,0.011627332435367031,
main,18,0.008,60,4,SGA,emp,-1.038272263511607,5.237065787352946e-07,0.015328245685557296,69.2021379469095,65.23903782037029,
main,18,0.008,60,4,ASGA,emp,-2.098466138013615,7.666655824078994e-09,0.015328245685557296,69.2021379469095,65.23903782037029,
main,18,0.008,60,4,SGA,cert,-0.06984858105948205,0.011372056876579696,0.015328245685557296,69.2021379469095,0.014450420603582797,
main,18,0.008,60,4,ASGA,cert,-2.7343581527489813,0.00010542848607072303,0.015328245685557296,69.2021379469095,0.014450420603582797,
main,19,0.008,60,4,SGA,emp,-1.021193760571062,5.53518305655698e-07,0.015393095739806994,80.81041834366795,64.96419023848276,
main,19,0.008,60,4,ASGA,emp,-2.077059775754237,8.517782416894715e-09,0.015393095739806994,80.81041834366795,64.96419023848276,
main,19,0.008,60,4,SGA,cert,-0.0606548856205812,0.012978870499834184,0.015393095739806994,80.81041834366795,0.012374642038693973,
main,19,0.008,60,4,ASGA,cert,-2.634745327904345,0.00011556618819852371,0.015393095739806994,80.81041834366795,0.012374642038693973,
main,20,0.008,60,4,SGA,emp,-1.0520789933762515,5.971650173450249e-07,0.015384430794857793,95.52189142507068,65.00077990108333,
main,20,0.008,60,4,ASGA,emp,-2.1140104427309376,8.709669180317903e-09,0.015384430794857793,95.52189142507068,65.00077990108333,
main,20,0.008,60,4,SGA,cert,-0.046549945643656436,0.0069520772976462,0.015384430794857793,95.52189142507068,0.01046880442881955,
main,20,0.008,60,4,ASGA,cert,-1.9868244289834478,0.0001316199122912698,0.015384430794857793,95.52189142507068,0.01046880442881955,
main,21,0.008,60,4,SGA,emp,-1.025964051843249,5.802327526296946e-07,0.015522446185190853,91.73180338511841,64.42283568385292,
main,21,0.008,60,4,ASGA,emp,-2.0860941679442773,8.813509484728588e-09,0.015522446185190853,91.73180338511841,64.42283568385292,
main,21,0.008,60,4,SGA,cert,-0.05191737184929956,0.010468898050200182,0.015522446185190853,91.73180338511841,0.010901344605661915,
main,21,0.008,60,4,ASGA,cert,-2.318220599663361,0.00011776441140524258,0.015522446185190853,91.73180338511841,0.010901344605661915,
main,22,0.008,60,4,SGA,emp,-0.9973206710173228,5.829706561794046e-07,0.015463140946509893,73.89709534778814,64.66991431166544,
main,22,0.008,60,4,ASGA,emp,-2.049812063015429,9.359005195830328e-09,0.015463140946509893,73.89709534778814,64.66991431166544,
main,22,0.008,60,4,SGA,cert,-0.06875505196649219,0.01885008074493314,0.015463140946509893,73.89709534778814,0.013532331619986085,
main,22,0.008,60,4,ASGA,cert,-2.9426950469425868,0.00013459271687600582,0.015463140946509893,73.89709534778814,0.013532331619986085,
main,23,0.008,60,4,SGA,emp,-1.030498123425185,5.98411900087914e-07,0.015440588871288146,86.91046463905931,64.76436930844685,
main,23,0.008,60,4,ASGA,emp,-2.0859531726805653,8.978017079774858e-09,0.015440588871288146,86.91046463905931,64.76436930844685,
main,23,0.008,60,4,SGA,cert,-0.05400830136595226,0.009675901893610624,0.015440588871288146,86.91046463905931,0.01150609427936,
main,23,0.008,60,4,ASGA,cert,-2.3350317055094196,0.00011614707832892368,0.015440588871288146,86.91046463905931,0.01150609427936,
main,24,0.008,60,4,SGA,emp,-1.1022662067693536,4.7109961331948114e-07,0.015425066689778787,94.25434369948601,64.82954142834511,
main,24,0.008,60,4,ASGA,emp,-2.2321648381351635,5.413189209380054e-09,0.015425066689778787,94.25434369948601,64.82954142834511,
main,24,0.008,60,4,SGA,cert,-0.04392097036934193,0.005255768479211491,0.015425066689778787,94.25434369948601,0.010609590611424025,
main,24,0.008,60,4,ASGA,cert,-1.8742558346608966,0.00011910303283062945,0.015425066689778787,94.25434369948601,0.010609590611424025,
main,25,0.008,60,4,SGA,emp,-1.0523125025257807,4.955077840887445e-07,0.015366065644107092,99.52428959643095,65.07846726422787,
main,25,0.008,60,4,ASGA,emp,-2.1380568501452,6.867438499813527e-09,0.015366065644107092,99.52428959643095,65.07846726422787,
main,25,0.008,60,4,SGA,cert,-0.04780478946581685,0.01048286786857594,0.015366065644107092,99.52428959643095,0.010047798422425123,
main,25,0.008,60,4,ASGA,cert,-2.204674703507997,0.00012344795377330214,0.015366065644107092,99.52428959643095,0.010047798422425123,
main,26,0.008,60,4,SGA,emp,-1.018444993798869,6.003756244307712e-07,0.015452023135204492,88.67007633548005,64.71644465258989,
main,26,0.008,60,4,ASGA,emp,-2.0661661194913963,9.329113412337442e-09,0.015452023135204492,88.67007633548005,64.71644465258989,
main,26,0.008,60,4,SGA,cert,-0.05574786210898492,0.014885760876315227,0.015452023135204492,88.67007633548005,0.011277761803390537,
main,26,0.008,60,4,ASGA,cert,-2.550624045854672,0.00012738601869782123,0.015452023135204492,88.67007633548005,0.011277761803390537,
main,27,0.008,60,4,SGA,emp,-1.0638432162870701,4.7490741135469694e-07,0.01549115301142639,100.13140077726976,64.55297415643578,
main,27,0.008,60,4,ASGA,emp,-2.1465179071648706,6.292098037041782e-09,0.01549115301142639,100.13140077726976,64.55297415643578,
main,27,0.008,60,4,SGA,cert,-0.04609189298073708,0.008256200295947758,0.01549115301142639,100.13140077726976,0.00998687716577919,
main,27,0.008,60,4,ASGA,cert,-2.072573194510235,0.00012191519757973751,0.01549115301142639,100.13140077726976,0.00998687716577919,
main,28,0.008,60,4,SGA,emp,-0.9846123065359529,6.673603215184842e-07,0.015441293875569915,97.14681478584347,64.7614123569092,
main,28,0.008,60,4,ASGA,emp,-2.023807448265565,1.1432670019018154e-08,0.015441293875569915,97.14681478584347,64.7614123569092,
main,28,0.008,60,4,SGA,cert,-0.052426167006946994,0.02190991288753452,0.015441293875569915,97.14681478584347,0.010293698277235983,
main,28,0.008,60,4,ASGA,cert,-2.5930454550872053,0.00014348840746207514,0.015441293875569915,97.14681478584347,0.010293698277235983,
main,29,0.008,60,4,SGA,emp,-1.0663479374022662,5.73216676250099e-07,0.014864241147198384,99.08976827996561,67.27555010021351,
main,29,0.008,60,4,ASGA,emp,-2.149764911981327,7.713337940584708e-09,0.014864241147198384,99.08976827996561,67.27555010021351,
main,29,0.008,60,4,SGA,cert,-0.04237736083890535,0.0055019764999249265,0.014864241147198384,99.08976827996561,0.010091859304531084,
main,29,0.008,60,4,ASGA,cert,-1.7855644360593672,0.00014414082504530384,0.014864241147198384,99.08976827996561,0.010091859304531084,
main,30,0.008,60,4,SGA,emp,-1.060827494452482,5.408083634320104e-07,0.015399456397103294,92.43459293936893,64.93735715165273,
main,30,0.008,60,4,ASGA,emp,-2.147374436637472,7.469353850708682e-09,0.015399456397103294,92.43459293936893,64.93735715165273,
main,30,0.008,60,4,SGA,cert,-0.049193591493162867,0.0075185909771026335,0.015399456397103294,92.43459293936893,0.010818460580617636,
main,30,0.008,60,4,ASGA,cert,-2.10889343375282,0.00011980126500147487,0.015399456397103294,92.43459293936893,0.010818460580617636,
main,31,0.008,60,4,SGA,emp,-1.0166884942194365,6.653211818141713e-07,0.015058020921068805,97.28519013291019,66.40978952292629,
main,31,0.008,60,4,ASGA,emp,-2.067386719759175,1.0326377510028184e-08,0.015058020921068805,97.28519013291019,66.40978952292629,
main,31,0.008,60,4,SGA,cert,-0.05016217183690912,0.012687816421428154,0.015058020921068805,97.28519013291019,0.01027905684959662,
main,31,0.008,60,4,ASGA,cert,-2.2844991483308914,0.00014280237474603025,0.015058020921068805,97.28519013291019,0.01027905684959662,
main,32,0.008,60,4,SGA,emp,-1.1124776841799524,3.665847525952115e-07,0.015402164340002402,65.68941783070846,64.92594014224393,
main,32,0.008,60,4,ASGA,emp,-2.2540387703714435,3.9752105496226875e-09,0.015402164340002402,65.68941783070846,64.92594014224393,
main,32,0.008,60,4,SGA,cert,-0.06955681198897115,0.007485641996510136,0.015402164340002402,65.68941783070846,0.015223152115263844,
main,32,0.008,60,4,ASGA,cert,-2.6089243886605784,8.463632741157606e-05,0.015402164340002402,65.68941783070846,0.015223152115263844,
main,33,0.008,60,4,SGA,emp,-1.0670854475069649,5.644427465492652e-07,0.015306650521475295,78.2067585825318,65.33107936298642,
main,33,0.008,60,4,ASGA,emp,-2.1569412144311464,7.639782091672931e-09,0.015306650521475295,78.2067585825318,65.33107936298642,
main,33,0.008,60,4,SGA,cert,-0.05815123151792658,0.007618575215769051,0.015306650521475295,78.2067585825318,0.012786618677523853,
main,33,0.008,60,4,ASGA,cert,-2.3112989533026846,0.00010958452039169092,0.015306650521475295,78.2067585825318,0.012786618677523853,
main,34,0.008,60,4,SGA,emp,-1.021226347986483,5.318725076544628e-07,0.01548318723442373,73.5688057813202,64.58618531568892,
main,34,0.008,60,4,ASGA,emp,-2.0843566007250574,7.989356280713178e-09,0.01548318723442373,73.5688057813202,64.58618531568892,
main,34,0.008,60,4,SGA,cert,-0.0669699828671923,0.013608510972896247,0.01548318723442373,73.5688057813202,0.013592717584304043,
main,34,0.008,60,4,ASGA,cert,-2.783849725807735,0.00011425422840610766,0.01548318723442373,73.5688057813202,0.013592717584304043,
main,35,0.008,60,4,SGA,emp,-1.0338130262034626,6.924954016468421e-07,0.015317375293983205,100.71589341136882,65.2853364762048,
main,35,0.008,60,4,ASGA,emp,-2.084351375514196,1.0771468467174472e-08,0.015317375293983205,100.71589341136882,65.2853364762048,
main,35,0.008,60,4,SGA,cert,-0.04619993819965626,0.008719975696105359,0.015317375293983205,100.71589341136882,0.009928919519340926,
main,35,0.008,60,4,ASGA,cert,-2.0051663775317605,0.00015655338616091946,0.015317375293983205,100.71589341136882,0.009928919519340926,
main,36,0.008,60,4,SGA,emp,-1.01014874810013,5.932177047918152e-07,0.015352553150210294,71.54360505013473,65.13574584083445,
main,36,0.008,60,4,ASGA,emp,-2.0684557414413267,9.294917523161583e-09,0.015352553150210294,71.54360505013473,65.13574584083445,
main,36,0.008,60,4,SGA,cert,-0.0687409662630159,0.013309032299842323,0.015352553150210294,71.54360505013473,0.013977489662412766,
main,36,0.008,60,4,ASGA,cert,-2.779504934863157,0.0001141780591260369,0.015352553150210294,71.54360505013473,0.013977489662412766,
main,37,0.008,60,4,SGA,emp,-1.018929890589649,6.300693349767239e-07,0.015496253081960433,96.0226254750222,64.53172871602906,
main,37,0.008,60,4,ASGA,emp,-2.0672516333524533,1.001962195851247e-08,0.015496253081960433,96.0226254750222,64.53172871602906,
main,37,0.008,60,4,SGA,cert,-0.05195799855854934,0.015042539923789504,0.015496253081960433,96.0226254750222,0.010414212223973445,
main,37,0.008,60,4,ASGA,cert,-2.4221070656115846,0.00013860063452374172,0.015496253081960433,96.0226254750222,0.010414212223973445,
main,38,0.008,60,4,SGA,emp,-1.088290285756985,4.901184836383909e-07,0.015495920152077628,97.81359422071111,64.53311518038018,
main,38,0.008,60,4,ASGA,emp,-2.1900198210546185,6.3464515170919e-09,0.015495920152077628,97.81359422071111,64.53311518038018,
main,38,0.008,60,4,SGA,cert,-0.043746277327430444,0.00584171326738428,0.015495920152077628,97.81359422071111,0.010223527802726009,
main,38,0.008,60,4,ASGA,cert,-1.8876875755803355,0.00012603573642515353,0.015495920152077628,97.81359422071111,0.010223527802726009,
main,39,0.008,60,4,SGA,emp,-1.0626630742455043,5.7599214518117e-07,0.015276979823340147,89.28293489451274,65.45796430733,
main,39,0.008,60,4,ASGA,emp,-2.145045997202012,7.84694498962013e-09,0.015276979823340147,89.28293489451274,65.45796430733,
main,39,0.008,60,4,SGA,cert,-0.048774139069373945,0.0065052803300772385,0.015276979823340147,89.28293489451274,0.01120034865768575,
main,39,0.008,60,4,ASGA,cert,-2.041665281132283,0.00011972892948040187,0.015276979823340147,89.28293489451274,0.01120034865768575,
main,40,0.008,60,4,SGA,emp,-1.052225092420707,4.5404551584499186e-07,0.015438093619726371,79.3094141175714,64.77483714195304,
main,40,0.008,60,4,ASGA,emp,-2.1342516252232375,6.276371387892166e-09,0.015438093619726371,79.3094141175714,64.77483714195304,
main,40,0.008,60,4,SGA,cert,-0.0599808457954626,0.009731318202527872,0.015438093619726371,79.3094141175714,0.012608843617449508,
main,40,0.008,60,4,ASGA,cert,-2.5421795319271383,9.887313014700361e-05,0.015438093619726371,79.3094141175714,0.012608843617449508,
main,41,0.008,60,4,SGA,emp,-0.991972494268687,6.647127386988361e-07,0.015469886366358158,78.43767007940231,64.64171593235916,
main,41,0.008,60,4,ASGA,emp,-2.0431240014233483,1.0804575442668884e-08,0.015469886366358158,78.43767007940231,64.64171593235916,
main,41,0.008,60,4,SGA,cert,-0.06352353659605124,0.015689007381035056,0.015469886366358158,78.43767007940231,0.012748976339910427,
main,41,0.008,60,4,ASGA,cert,-2.745970946248507,0.00012785373344545437,0.015469886366358158,78.43767007940231,0.012748976339910427,
main,42,0.008,60,4,SGA,emp,-1.1028187076998446,3.920997872566834e-07,0.015484326441625097,93.81241873459031,64.58143360448612,
main,42,0.008,60,4,ASGA,emp,-2.228707757690832,4.573497393300929e-09,0.015484326441625097,93.81241873459031,64.58143360448612,
main,42,0.008,60,4,SGA,cert,-0.048320032978820704,0.007467180308429761,0.015484326441625097,93.81241873459031,0.010659569527027686,
main,42,0.008,60,4,ASGA,cert,-2.1456625679559993,0.00010484614793748043,0.015484326441625097,93.81241873459031,0.010659569527027686,
main,43,0.008,60,4,SGA,emp,-1.0039324052932412,6.783626095713258e-07,0.015089009072832489,85.29795356276637,66.27340438150333,
main,43,0.008,60,4,ASGA,emp,-2.0437015617648,1.1130555963023703e-08,0.015089009072832489,85.29795356276637,66.27340438150333,
main,43,0.008,60,4,SGA,cert,-0.05716782577733264,0.013354317362740842,0.015089009072832489,85.29795356276637,0.011723610687378936,
main,43,0.008,60,4,ASGA,cert,-2.5095047086878046,0.00013072760387561333,0.015089009072832489,85.29795356276637,0.011723610687378936,
main,44,0.008,60,4,SGA,emp,-1.0227856196072151,6.514048483882706e-07,0.014983694189550346,89.40868149016843,66.73921580015973,
main,44,0.008,60,4,ASGA,emp,-2.0798282435106423,9.989988572489672e-09,0.014983694189550346,89.40868149016843,66.73921580015973,
main,44,0.008,60,4,SGA,cert,-0.05246897109430559,0.009489484716270334,0.014983694189550346,89.40868149016843,0.011184596208478503,
main,44,0.008,60,4,ASGA,cert,-2.2506475255853315,0.0001275145639430611,0.014983694189550346,89.40868149016843,0.011184596208478503,
main,45,0.008,60,4,SGA,emp,-1.0270713511909866,5.569734783036906e-07,0.01535296080891112,71.28458189457857,65.1340163272991,
main,45,0.008,60,4,ASGA,emp,-2.1012440270438972,8.28495016341746e-09,0.01535296080891112,71.28458189457857,65.1340163272991,
main,45,0.008,60,4,SGA,cert,-0.06732133053613297,0.010486626621578218,0.01535296080891112,71.28458189457857,0.014028278954892115,
main,45,0.008,60,4,ASGA,cert,-2.659101299481301,0.00010350525466022026,0.01535296080891112,71.28458189457857,0.014028278954892115,
main,46,0.008,60,4,SGA,emp,-1.0076058731267974,6.744615571596668e-07,0.015377248930381697,94.61854206992903,65.03113817870528,
main,46,0.008,60,4,ASGA,emp,-2.0520612545948445,1.068586825969664e-08,0.015377248930381697,94.61854206992903,65.03113817870528,
main,46,0.008,60,4,SGA,cert,-0.05123014885019325,0.01268683695925274,0.015377248930381697,94.61854206992903,0.01056875299622496,
main,46,0.008,60,4,ASGA,cert,-2.33595939887268,0.00013418568122193497,0.015377248930381697,94.61854206992903,0.01056875299622496,
main,47,0.008,60,4,SGA,emp,-1.0144465363952364,5.781229530515963e-07,0.01514751263141344,87.08069743932265,66.01743958451404,
main,47,0.008,60,4,ASGA,emp,-2.0738210649060016,8.939069012781076e-09,0.01514751263141344,87.08069743932265,66.01743958451404,
main,47,0.008,60,4,SGA,cert,-0.057479443666689035,0.015528052757272946,0.01514751263141344,87.08069743932265,0.011483601181499431,
main,47,0.008,60,4,ASGA,cert,-2.6209199623791344,0.00012723784673961125,0.01514751263141344,87.08069743932265,0.011483601181499431,
main,48,0.008,60,4,SGA,emp,-1.1127682583523255,4.303106313288674e-07,0.015435919179384801,70.60570464606569,64.7839618994335,
main,48,0.008,60,4,ASGA,emp,-2.2600773747432745,4.706318113001373e-09,0.015435919179384801,70.60570464606569,64.7839618994335,
main,48,0.008,60,4,SGA,cert,-0.059741650537711584,0.0055142106333862725,0.015435919179384801,70.60570464606569,0.01416316153224203,
main,48,0.008,60,4,ASGA,cert,-2.3011570953805576,8.775403422640188e-05,0.015435919179384801,70.60570464606569,0.01416316153224203,
main,49,0.008,60,4,SGA,emp,-1.1163624954779916,4.078302555873825e-07,0.015523424500963534,99.28107672484047,64.41877563407033,
main,49,0.008,60,4,ASGA,emp,-2.2667729740155433,4.348781598717544e-09,0.015523424500963534,99.28107672484047,64.41877563407033,
main,49,0.008,60,4,SGA,cert,-0.043342686214697966,0.006062297369953774,0.015523424500963534,99.28107672484047,0.010072412920858226,
main,49,0.008,60,4,ASGA,cert,-1.9116343029162017,0.00012006687646624187,0.015523424500963534,99.28107672484047,0.010072412920858226,
main,0,0.008,60,8,SGA,emp,-1.044806441576624,6.133599022919989e-07,0.015394011145560249,99.612461613954,64.9603271391945,
main,0,0.008,60,8,ASGA,emp,-2.109130496343113,9.041829437950177e-09,0.015394011145560249,99.612461613954,64.9603271391945,
main,0,0.008,60,8,SGA,cert,-0.046157992773115435,0.009007267919629462,0.015394011145560249,99.612461613954,0.010038904608898022,
main,0,0.008,60,8,ASGA,cert,-2.0552060072545215,0.00014275976990617278,0.015394011145560249,99.612461613954,0.010038904608898022,
main,1,0.008,60,8,SGA,emp,-1.0484139772463366,6.026234227601845e-07,0.015345372301702558,98.82163524753386,65.16622603474083,
main,1,0.008,60,8,ASGA,emp,-2.124077615792551,8.615618815599468e-09,0.015345372301702558,98.82163524753386,65.16622603474083,
main,1,0.008,60,8,SGA,cert,-0.046333353253022645,0.008425647670301455,0.015345372301702558,98.82163524753386,0.010119241575947869,
main,1,0.008,60,8,ASGA,cert,-2.036158900572347,0.0001400897949303606,0.015345372301702558,98.82163524753386,0.010119241575947869,
main,2,0.008,60,8,SGA,emp,-1.0233393579213257,6.004870816145313e-07,0.015306475863079089,89.70907529169484,65.33182483971444,
main,2,0.008,60,8,ASGA,emp,-2.076342559459956,9.157333127896017e-09,0.015306475863079089,89.70907529169484,65.33182483971444,
main,2,0.008,60,8,SGA,cert,-0.053636330330420194,0.011285787720937933,0.015306475863079089,89.70907529169484,0.011147144218669466,
main,2,0.008,60,8,ASGA,cert,-2.376585609305089,0.00012169822044218875,0.015306475863079089,89.70907529169484,0.011147144218669466,
main,3,0.008,60,8,SGA,emp,-1.0437407946080053,5.67983492759383e-07,0.015399977408927502,92.02047055302998,64.93516019187737,
main,3,0.008,60,8,ASGA,emp,-2.11642152335546,8.239542693966317e-09,0.015399977408927502,92.02047055302998,64.93516019187737,
main,3,0.008,60,8,SGA,cert,-0.051983250016454124,0.010473171496295126,0.015399977408927502,92.02047055302998,0.010867147211812131,
main,3,0.008,60,8,ASGA,cert,-2.3032019011297153,0.0001230870068083742,0.015399977408927502,92.02047055302998,0.010867147211812131,
main,4,0.008,60,8,SGA,emp,-1.0734330935477177,4.941072963976501e-07,0.015425305792963173,77.97796419126394,64.82853652445498,
main,4,0.008,60,8,ASGA,emp,-2.1734031125589257,6.432272582623799e-09,0.015425305792963173,77.97796419126394,64.82853652445498,
main,4,0.008,60,8,SGA,cert,-0.05978232008224025,0.008772084530503113,0.015425305792963173,77.97796419126394,0.012824135771834276,
main,4,0.008,60,8,ASGA,cert,-2.4427440493587373,0.00010525545021119326,0.015425305792963173,77.97796419126394,0.012824135771834276,
main,5,0.008,60,8,SGA,emp,-1.0548297302122283,5.06780853060107e-07,0.015475461673370161,97.21122678666906,64.61842761827121,
main,5,0.008,60,8,ASGA,emp,-2.1417741383554985,6.995143145283045e-09,0.015475461673370161,97.21122678666906,64.61842761827121,
main,5,0.008,60,8,SGA,cert,-0.04884950810809579,0.009890695620564355,0.015475461673370161,97.21122678666906,0.010286877689492688,
main,5,0.008,60,8,ASGA,cert,-2.2146324755734836,0.00012085861839725154,0.015475461673370161,97.21122678666906,0.010286877689492688,
main,6,0.008,60,8,SGA,emp,-1.0884977500337376,4.428393886451998e-07,0.015436263216819216,99.61237440250467,64.7825180196726,
main,6,0.008,60,8,ASGA,emp,-2.19163841026712,5.558390171744865e-09,0.015436263216819216,99.61237440250467,64.7825180196726,
main,6,0.008,60,8,SGA,cert,-0.04505476552559282,0.007353097338681801,0.015436263216819216,99.61237440250467,0.010038913398041195,
main,6,0.008,60,8,ASGA,cert,-2.0114722912404646,0.00012188252747886985,0.015436263216819216,99.61237440250467,0.010038913398041195,
main,7,0.008,60,8,SGA,emp,-1.035179911996163,5.666194816747461e-07,0.015376371134457114,83.73601154979433,65.03485063254533,
main,7,0.008,60,8,ASGA,emp,-2.0952740706275854,8.444813189012468e-09,0.015376371134457114,83.73601154979433,65.03485063254533,
main,7,0.008,60,8,SGA,cert,-0.05733325762096497,0.01144156551712984,0.015376371134457114,83.73601154979433,0.011942293184161769,
main,7,0.008,60,8,ASGA,cert,-2.487366277096042,0.0001172055697484034,0.015376371134457114,83.73601154979433,0.011942293184161769,
main,8,0.008,60,8,SGA,emp,-1.0282778350230413,6.664338242923229e-07,0.015440056770751377,92.52148500594457,64.76660124037458,
main,8,0.008,60,8,ASGA,emp,-2.075897966694469,1.0269669614704213e-08,0.015440056770751377,92.52148500594457,64.76660124037458,
main,8,0.008,60,8,SGA,cert,-0.050082472244805436,0.008841376177852973,0.015440056770751377,92.52148500594457,0.01080830036326967,
main,8,0.008,60,8,ASGA,cert,-2.1560890449202796,0.0001309463405795505,0.015440056770751377,92.52148500594457,0.01080830036326967,
main,9,0.008,60,8,SGA,emp,-1.0231644328215808,6.167006150747945e-07,0.015381617524219897,99.57648271743511,65.01266842875269,
main,9,0.008,60,8,ASGA,emp,-2.079001636219022,9.541730398854309e-09,0.015381617524219897,99.57648271743511,65.01266842875269,
main,9,0.008,60,8,SGA,cert,-0.04915720790766683,0.012730602686027173,0.015381617524219897,99.57648271743511,0.010042531858025824,
main,9,0.008,60,8,ASGA,cert,-2.2729890899605474,0.00013786774459241535,0.015381617524219897,99.57648271743511,0.010042531858025824,
main,10,0.008,60,8,SGA,emp,-1.013744450611584,5.680521351428269e-07,0.015456489415751649,79.5343045954711,64.6977443002616,
main,10,0.008,60,8,ASGA,emp,-2.0813637347825824,8.665901073123816e-09,0.015456489415751649,79.5343045954711,64.6977443002616,
main,10,0.008,60,8,SGA,cert,-0.062478711557280846,0.014362051548307976,0.015456489415751649,79.5343045954711,0.012573190965662165,
main,10,0.008,60,8,ASGA,cert,-2.7212581685110675,0.00011876638606245216,0.015456489415751649,79.5343045954711,0.012573190965662165,
main,11,0.008,60,8,SGA,emp,-1.036369698864382,5.929787533776043e-07,0.015297109280078752,90.7688069876893,65.37182821216349,
main,11,0.008,60,8,ASGA,emp,-2.1064194837184704,8.679321372717652e-09,0.015297109280078752,90.7688069876893,65.37182821216349,
main,11,0.008,60,8,SGA,cert,-0.053138827074665364,0.011823799704764895,0.015297109280078752,90.7688069876893,0.01101700058849101,
main,11,0.008,60,8,ASGA,cert,-2.3728925692765874,0.00012740167807875902,0.015297109280078752,90.7688069876893,0.01101700058849101,
main,12,0.008,60,8,SGA,emp,-1.0149699636885325,6.358977002254851e-07,0.015275530228962574,100.19513487979144,65.46417603913932,
main,12,0.008,60,8,ASGA,emp,-2.068216029574579,1.0004010446429401e-08,0.015275530228962574,100.19513487979144,65.46417603913932,
main,12,0.008,60,8,SGA,cert,-0.04865852770814754,0.012633802728220532,0.015275530228962574,100.19513487979144,0.009980524515484155,
main,12,0.008,60,8,ASGA,cert,-2.2500610280774564,0.00013996101980258413,0.015275530228962574,100.19513487979144,0.009980524515484155,
main,13,0.008,60,8,SGA,emp,-1.00172895000927,6.753488063365731e-07,0.01531911194747318,94.79913344855294,65.27793539396033,
main,13,0.008,60,8,ASGA,emp,-2.043502132822882,1.088966841700234e-08,0.01531911194747318,94.79913344855294,65.27793539396033,
main,13,0.008,60,8,SGA,cert,-0.0518280834573995,0.014315971190575552,0.01531911194747318,94.79913344855294,0.010548619629974734,
main,13,0.008,60,8,ASGA,cert,-2.4003023082126362,0.00013530668949882085,0.01531911194747318,94.79913344855294,0.010548619629974734,
main,14,0.008,60,8,SGA,emp,-1.0745072083044422,4.794663627794016e-07,0.015305682140944734,95.47005938958458,65.3352128177853,
main,14,0.008,60,8,ASGA,emp,-2.1736982263464513,6.129788031328243e-09,0.015305682140944734,95.47005938958458,65.3352128177853,
main,14,0.008,60,8,SGA,cert,-0.0471883050930288,0.007405535542744993,0.015305682140944734,95.47005938958458,0.010474488089708849,
main,14,0.008,60,8,ASGA,cert,-2.068630298196926,0.00011774433309512389,0.015305682140944734,95.47005938958458,0.010474488089708849,
main,15,0.008,60,8,SGA,emp,-1.0268560032819694,5.469081786474428e-07,0.015418925106643668,98.39993175975776,64.85536398183311,
main,15,0.008,60,8,ASGA,emp,-2.090748395543615,8.20758575686975e-09,0.015418925106643668,98.39993175975776,64.85536398183311,
main,15,0.008,60,8,SGA,cert,-0.050541951479367804,0.014789406236742075,0.015418925106643668,98.39993175975776,0.010162608673769082,
main,15,0.008,60,8,ASGA,cert,-2.4057210380079987,0.00012775922465255163,0.015418925106643668,98.39993175975776,0.010162608673769082,
main,16,0.008,60,8,SGA,emp,-1.0359272874835335,6.523245880268869e-07,0.015470838505487323,97.23128612083016,64.63773761488828,
main,16,0.008,60,8,ASGA,emp,-2.0924376913465,9.834120046070538e-09,0.015470838505487323,97.23128612083016,64.63773761488828,
main,16,0.008,60,8,SGA,cert,-0.04898040988603808,0.010311734202821068,0.015470838505487323,97.23128612083016,0.010284755451627898,
main,16,0.008,60,8,ASGA,cert,-2.1676427306340362,0.000143655246579312,0.015470838505487323,97.23128612083016,0.010284755451627898,
main,17,0.008,60,8,SGA,emp,-1.0683289163232246,5.311724958004249e-07,0.015459349120309008,98.45237804949572,64.68577636857273,
main,17,0.008,60,8,ASGA,emp,-2.1554603573598516,7.1046528590801294e-09,0.015459349120309008,98.45237804949572,64.68577636857273,
main,17,0.008,60,8,SGA,cert,-0.04566061922525776,0.0071800392570855465,0.015459349120309008,98.45237804949572,0.010157194979051317,
main,17,0.008,60,8,ASGA,cert,-1.987907283232168,0.00013047192867005064,0.015459349120309008,98.45237804949572,0.010157194979051317,
main,18,0.008,60,8,SGA,emp,-1.047457659274971,5.716112846804178e-07,0.015473773495693602,98.46405255230336,64.62547744273903,
main,18,0.008,60,8,ASGA,emp,-2.1154209241269673,8.252235277061981e-09,0.015473773495693602,98.46405255230336,64.62547744273903,
main,18,0.008,60,8,SGA,cert,-0.04826069553718618,0.010121243914003555,0.015473773495693602,98.46405255230336,0.010155990679632118,
main,18,0.008,60,8,ASGA,cert,-2.1682632762652974,0.0001342103104468445,0.015473773495693602,98.46405255230336,0.010155990679632118,
main,19,0.008,60,8,SGA,emp,-1.0202450598502044,5.916859854016021e-07,0.015414852314087183,80.75255260754636,64.87249956239472,
main,19,0.008,60,8,ASGA,emp,-2.0763116604142255,9.039152495948777e-09,0.015414852314087183,80.75255260754636,64.87249956239472,
main,19,0.008,60,8,SGA,cert,-0.06126340906571202,0.014421004580761551,0.015414852314087183,80.75255260754636,0.012383509470715474,
main,19,0.008,60,8,ASGA,cert,-2.6666987095123,0.00012552148883224895,0.015414852314087183,80.75255260754636,0.012383509470715474,
main,20,0.008,60,8,SGA,emp,-1.0245150089267314,6.29920366146397e-07,0.015170295459975577,96.95412055984694,65.91829425065198,
main,20,0.008,60,8,ASGA,emp,-2.0802504701454314,9.812886392346343e-09,0.015170295459975577,96.95412055984694,65.91829425065198,
main,20,0.008,60,8,SGA,cert,-0.04890275612258905,0.01046323708753956,0.015170295459975577,96.95412055984694,0.010314156780811903,
main,20,0.008,60,8,ASGA,cert,-2.1915521326944734,0.00013604758604468525,0.015170295459975577,96.95412055984694,0.010314156780811903,
main,21,0.008,60,8,SGA,emp,-1.0563442489105608,5.286120441372333e-07,0.015436134234848069,87.18232611982697,64.78305933246133,
main,21,0.008,60,8,ASGA,emp,-2.13125236116727,7.460967690886555e-09,0.015436134234848069,87.18232611982697,64.78305933246133,
main,21,0.008,60,8,SGA,cert,-0.05378803629984296,0.009592621340432914,0.015436134234848069,87.18232611982697,0.011470214715601404,
main,21,0.008,60,8,ASGA,cert,-2.338943474927627,0.00011440866141582823,0.015436134234848069,87.18232611982697,0.011470214715601404,
main,22,0.008,60,8,SGA,emp,-1.028938769313654,6.868722602221267e-07,0.015353359287641248,97.05714503893154,65.13232584903776,
main,22,0.008,60,8,ASGA,emp,-2.0805571082888688,1.0758608171013151e-08,0.015353359287641248,97.05714503893154,65.13232584903776,
main,22,0.008,60,8,SGA,cert,-0.0486983267370545,0.009737831377055743,0.015353359287641248,97.05714503893154,0.010303208481960605,
main,22,0.008,60,8,ASGA,cert,-2.1301244990542227,0.00014594989875564568,0.015353359287641248,97.05714503893154,0.010303208481960605,
main,23,0.008,60,8,SGA,emp,-1.0157879862691594,6.231874475418064e-07,0.015189230467061283,96.00297724893584,65.83612001730813,
main,23,0.008,60,8,ASGA,emp,-2.0684963277754997,9.740034667693465e-09,0.015189230467061283,96.00297724893584,65.83612001730813,
main,23,0.008,60,8,SGA,cert,-0.04979346173440108,0.010838555932140746,0.015189230467061283,96.00297724893584,0.010416343624500298,
main,23,0.008,60,8,ASGA,cert,-2.2417279511494286,0.00012907137087158488,0.015189230467061283,96.00297724893584,0.010416343624500298,
main,24,0.008,60,8,SGA,emp,-1.1173929159335612,4.1649140111038596e-07,0.015480345740404073,97.84346679799155,64.59804042941857,
main,24,0.008,60,8,ASGA,emp,-2.2581572236523915,4.575349731028577e-09,0.015480345740404073,97.84346679799155,64.59804042941857,
main,24,0.008,60,8,SGA,cert,-0.0439560453662712,0.0059614380319410396,0.015480345740404073,97.84346679799155,0.010220406458661246,
main,24,0.008,60,8,ASGA,cert,-1.9203099479556296,0.00011982990163291601,0.015480345740404073,97.84346679799155,0.010220406458661246,
main,25,0.008,60,8,SGA,emp,-0.9942407768727812,7.662724869905713e-07,0.015347706453245749,91.07531777532868,65.15631524790591,
main,25,0.008,60,8,ASGA,emp,-2.0198928030917602,1.3057898637369725e-08,0.015347706453245749,91.07531777532868,65.15631524790591,
main,25,0.008,60,8,SGA,cert,-0.053684788858680346,0.015929465307228427,0.015347706453245749,91.07531777532868,0.010979923259415617,
main,25,0.008,60,8,ASGA,cert,-2.4690197923907187,0.00014727291223649852,0.015347706453245749,91.07531777532868,0.010979923259415617,
main,26,0.008,60,8,SGA,emp,-1.0444251378622327,6.088182520277985e-07,0.015373886365021657,87.73527892753343,65.04536174244002,
main,26,0.008,60,8,ASGA,emp,-2.111594455877296,8.79204243436904e-09,0.015373886365021657,87.73527892753343,65.04536174244002,
main,26,0.008,60,8,SGA,cert,-0.05325834831710366,0.00916620958442789,0.015373886365021657,87.73527892753343,0.011397923528868797,
main,26,0.008,60,8,ASGA,cert,-2.267879210329301,0.00012250546990801026,0.015373886365021657,87.73527892753343,0.011397923528868797,
main,27,0.008,60,8,SGA,emp,-1.0294846289332444,6.045098236359681e-07,0.015428826327333695,88.04394312091398,64.81374401294549,
main,27,0.008,60,8,ASGA,emp,-2.083231054014491,9.145328126736185e-09,0.015428826327333695,88.04394312091398,64.81374401294549,
main,27,0.008,60,8,SGA,cert,-0.05410437245767303,0.010596913525905284,0.015428826327333695,88.04394312091398,0.011357964722532511,
main,27,0.008,60,8,ASGA,cert,-2.363108667234799,0.00012102509819770374,0.015428826327333695,88.04394312091398,0.011357964722532511,
main,28,0.008,60,8,SGA,emp,-1.0076851587509394,6.637523496250131e-07,0.015451806278420275,94.48915413315093,64.71735290886883,
main,28,0.008,60,8,ASGA,emp,-2.0550098831681725,1.0562472591013616e-08,0.015451806278420275,94.48915413315093,64.71735290886883,
main,28,0.008,60,8,SGA,cert,-0.052171314830717096,0.014070140994144713,0.015451806278420275,94.48915413315093,0.01058322523017651,
main,28,0.008,60,8,ASGA,cert,-2.405286977285266,0.0001338582081782183,0.015451806278420275,94.48915413315093,0.01058322523017651,
main,29,0.008,60,8,SGA,emp,-1.031700256365399,5.923451878997454e-07,0.015388923289650252,99.16109827967229,64.98180419630432,
main,29,0.008,60,8,ASGA,emp,-2.0954503588801905,8.709459035916023e-09,0.015388923289650252,99.16109827967229,64.98180419630432,
main,29,0.008,60,8,SGA,cert,-0.04875787122041201,0.011996025358552175,0.015388923289650252,99.16109827967229,0.010084599881897404,
main,29,0.008,60,8,ASGA,cert,-2.2451129937604626,0.00013627382272581728,0.015388923289650252,99.16109827967229,0.010084599881897404,
main,30,0.008,60,8,SGA,emp,-1.050891399714072,5.459842447735896e-07,0.015289116972066346,83.82398092432379,65.40600100234883,
main,30,0.008,60,8,ASGA,emp,-2.1304268052585833,7.621547316871702e-09,0.015289116972066346,83.82398092432379,65.40600100234883,
main,30,0.008,60,8,SGA,cert,-0.05617794104931522,0.009673697869291828,0.015289116972066346,83.82398092432379,0.01192976030215982,
main,30,0.008,60,8,ASGA,cert,-2.3916374120662502,0.00011314191148419084,0.015289116972066346,83.82398092432379,0.01192976030215982,
main,31,0.008,60,8,SGA,emp,-1.0111936440383469,6.736199860135628e-07,0.015235911703038847,93.21870546541506,65.63440504847156,
main,31,0.008,60,8,ASGA,emp,-2.054772244808506,1.0709258729812987e-08,0.015235911703038847,93.21870546541506,65.63440504847156,
main,31,0.008,60,8,SGA,cert,-0.05205881569979253,0.013245864821035423,0.015235911703038847,93.21870546541506,0.010727460706596153,
main,31,0.008,60,8,ASGA,cert,-2.3709597896730177,0.00013613167792746184,0.015235911703038847,93.21870546541506,0.010727460706596153,
main,32,0.008,60,8,SGA,emp,-1.0062552484603187,5.863459479893418e-07,0.015433386443941894,80.0742281640237,64.79459343756227,
main,32,0.008,60,8,ASGA,emp,-2.053877262279726,9.349524460189329e-09,0.015433386443941894,80.0742281640237,64.79459343756227,
main,32,0.008,60,8,SGA,cert,-0.0632982705968703,0.01938955513769653,0.015433386443941894,80.0742281640237,0.012488412600763436,
main,32,0.008,60,8,ASGA,cert,-2.8379563373217787,0.00014139450058930914,0.015433386443941894,80.0742281640237,0.012488412600763436,
main,33,0.008,60,8,SGA,emp,-1.0335681269213361,7.134248892343154e-07,0.015386988801307627,99.777015244966,64.9899738612286,
main,33,0.008,60,8,ASGA,emp,-2.08729213757878,1.0598132794970017e-08,0.015386988801307627,99.777015244966,64.9899738612286,
main,33,0.008,60,8,SGA,cert,-0.044593738112325844,0.0069047138526756105,0.015386988801307627,99.777015244966,0.01002234830882509,
main,33,0.008,60,8,ASGA,cert,-1.8843723793951608,0.00015484185953913016,0.015386988801307627,99.777015244966,0.01002234830882509,
main,34,0.008,60,8,SGA,emp,-1.0077073454712184,6.344390753310059e-07,0.015443106187918526,87.74135178937377,64.75381233746366,
main,34,0.008,60,8,ASGA,emp,-2.055922783596942,1.0039884021373346e-08,0.015443106187918526,87.74135178937377,64.75381233746366,
main,34,0.008,60,8,SGA,cert,-0.056517108403497905,0.01552243417367262,0.015443106187918526,87.74135178937377,0.011397134641833825,
main,34,0.008,60,8,ASGA,cert,-2.5793002187346104,0.00013137449536450296,0.015443106187918526,87.74135178937377,0.011397134641833825,
main,35,0.008,60,8,SGA,emp,-1.015438703722204,6.282878238089706e-07,0.015459916305879109,99.90905884261757,64.68340320960982,
main,35,0.008,60,8,ASGA,emp,-2.0645904572680003,9.901072711704373e-09,0.015459916305879109,99.90905884261757,64.68340320960982,
main,35,0.008,60,8,SGA,cert,-0.0499675967272244,0.015972019302874507,0.015459916305879109,99.90905884261757,0.010009102393560296,
main,35,0.008,60,8,ASGA,cert,-2.3853543896452924,0.00014112062920572377,0.015459916305879109,99.90905884261757,0.010009102393560296,
main,36,0.008,60,8,SGA,emp,-1.06985334985251,4.98975343807273e-07,0.015369418079539532,90.36464467793974,65.06427210352521,
main,36,0.008,60,8,ASGA,emp,-2.1605220241366183,6.585001023629022e-09,0.015369418079539532,90.36464467793974,65.06427210352521,
main,36,0.008,60,8,SGA,cert,-0.0499676611554694,0.007464351432058737,0.015369418079539532,90.36464467793974,0.011066274908333977,
main,36,0.008,60,8,ASGA,cert,-2.1506731611089944,0.00011178087758920846,0.015369418079539532,90.36464467793974,0.011066274908333977,
main,37,0.008,60,8,SGA,emp,-1.0401950902086543,6.399259001102497e-07,0.015365849760724295,92.85310969069259,65.07938158786627,
main,37,0.008,60,8,ASGA,emp,-2.097693926788812,9.663913488888731e-09,0.015365849760724295,92.85310969069259,65.07938158786627,
main,37,0.008,60,8,SGA,cert,-0.050541227196058205,0.009244862645930843,0.015365849760724295,92.85310969069259,0.010769698541396703,
main,37,0.008,60,8,ASGA,cert,-2.1748630964586626,0.00013520988424751967,0.015365849760724295,92.85310969069259,0.010769698541396703,
main,38,0.008,60,8,SGA,emp,-1.037330120970258,6.212958051851625e-07,0.015253294889133108,95.41811998393153,65.55960579457683,
main,38,0.008,60,8,ASGA,emp,-2.0962406987002407,9.4554459609264e-09,0.015253294889133108,95.41811998393153,65.55960579457683,
main,38,0.008,60,8,SGA,cert,-0.05004303177842017,0.010519411706916122,0.015253294889133108,95.41811998393153,0.010480189718351195,
main,38,0.008,60,8,ASGA,cert,-2.215992498548936,0.00013731442612793798,0.015253294889133108,95.41811998393153,0.010480189718351195,
main,39,0.008,60,8,SGA,emp,-1.069623858903685,5.097642354345844e-07,0.015406219373000669,86.20943847797085,64.9088511456935,
main,39,0.008,60,8,ASGA,emp,-2.1644616734112434,6.657997542180993e-09,0.015406219373000669,86.20943847797085,64.9088511456935,
main,39,0.008,60,8,SGA,cert,-0.05310710462524716,0.008044134800337867,0.015406219373000669,86.20943847797085,0.011599657968489501,
main,39,0.008,60,8,ASGA,cert,-2.2566641244950976,0.00010964956975419854,0.015406219373000669,86.20943847797085,0.011599657968489501,
main,40,0.008,60,8,SGA,emp,-1.0256708940499153,6.318183846873437e-07,0.015179150458812333,97.72923206508459,65.87983976530418,
main,40,0.008,60,8,ASGA,emp,-2.0813985659306624,9.763142544416681e-09,0.015179150458812333,97.72923206508459,65.87983976530418,
main,40,0.008,60,8,SGA,cert,-0.04787565863321453,0.009784700534712386,0.015179150458812333,97.72923206508459,0.010232352990700178,
main,40,0.008,60,8,ASGA,cert,-2.1393825401052524,0.00013670859761123755,0.015179150458812333,97.72923206508459,0.010232352990700178,
main,41,0.008,60,8,SGA,emp,-1.0482354214612486,5.760985185981893e-07,0.015245363054821888,79.53478244847848,65.59371504660326,
main,41,0.008,60,8,ASGA,emp,-2.1192337888168353,8.249527790049616e-09,0.015245363054821888,79.53478244847848,65.59371504660326,
main,41,0.008,60,8,SGA,cert,-0.05917457390589936,0.010035052424288232,0.015245363054821888,79.53478244847848,0.012573115424660726,
main,41,0.008,60,8,ASGA,cert,-2.4575178133549356,0.00011559331913839344,0.015245363054821888,79.53478244847848,0.012573115424660726,
main,42,0.008,60,8,SGA,emp,-1.0134293418741613,6.390855305793419e-07,0.015307724414009087,91.50989174740168,65.3264961501943,
main,42,0.008,60,8,ASGA,emp,-2.062958960074002,1.0159074900761844e-08,0.015307724414009087,91.50989174740168,65.3264961501943,
main,42,0.008,60,8,SGA,cert,-0.052993420707742295,0.012081132369098524,0.015307724414009087,91.50989174740168,0.010927780384227084,
main,42,0.008,60,8,ASGA,cert,-2.3749224107265237,0.00012698476012430737,0.015307724414009087,91.50989174740168,0.010927780384227084,
main,43,0.008,60,8,SGA,emp,-1.0385624354424385,6.164540075209723e-07,0.015370116256732064,100.33820953743476,65.0613166027292,
main,43,0.008,60,8,ASGA,emp,-2.103472700319862,9.148755406029885e-09,0.015370116256732064,100.33820953743476,65.0613166027292,
main,43,0.008,60,8,SGA,cert,-0.04746857985345442,0.010312282313902514,0.015370116256732064,100.33820953743476,0.009966293046388417,
main,43,0.008,60,8,ASGA,cert,-2.1285913196762225,0.00014481106540690375,0.015370116256732064,100.33820953743476,0.009966293046388417,
main,44,0.008,60,8,SGA,emp,-1.0213521355662136,5.407910582191922e-07,0.01550450201766949,99.29952062124062,64.4973955861571,
main,44,0.008,60,8,ASGA,emp,-2.085748860747995,8.12517549075853e-09,0.01550450201766949,99.29952062124062,64.4973955861571,
main,44,0.008,60,8,SGA,cert,-0.05006264014178776,0.014639190568914155,0.01550450201766949,99.29952062124062,0.010070542070533374,
main,44,0.008,60,8,ASGA,cert,-2.399510230545294,0.00012262453076936075,0.01550450201766949,99.29952062124062,0.010070542070533374,
main,45,0.008,60,8,SGA,emp,-1.0649026601079625,5.250201279630162e-07,0.015411397511543311,75.58976983490257,64.88704215506664,
main,45,0.008,60,8,ASGA,emp,-2.162724178056047,6.928890121382647e-09,0.015411397511543311,75.58976983490257,64.88704215506664,
main,45,0.008,60,8,SGA,cert,-0.06075588363003424,0.007768361551957155,0.015411397511543311,75.58976983490257,0.013229303412143257,
main,45,0.008,60,8,ASGA,cert,-2.4045424488789506,0.00010127999678735677,0.015411397511543311,75.58976983490257,0.013229303412143257,
main,46,0.008,60,8,SGA,emp,-0.996062147740832,7.605494483226005e-07,0.015455811410803108,96.13027812132049,64.70058241659397,
main,46,0.008,60,8,ASGA,emp,-2.0320999742646877,1.2395079268534559e-08,0.015455811410803108,96.13027812132049,64.70058241659397,
main,46,0.008,60,8,SGA,cert,-0.05073543102707293,0.014050600056448988,0.015455811410803108,96.13027812132049,0.010402549743359295,
main,46,0.008,60,8,ASGA,cert,-2.337114857018463,0.00014560468303313756,0.015455811410803108,96.13027812132049,0.010402549743359295,
main,47,0.008,60,8,SGA,emp,-1.0279499889479944,6.009235010845382e-07,0.015199252680546367,88.37809662877198,65.79270843229727,
main,47,0.008,60,8,ASGA,emp,-2.0834017882961215,9.252337208887074e-09,0.015199252680546367,88.37809662877198,65.79270843229727,
main,47,0.008,60,8,SGA,cert,-0.05453861852647637,0.011600200912619742,0.015199252680546367,88.37809662877198,0.011315020781681378,
main,47,0.008,60,8,ASGA,cert,-2.4043182003277037,0.00012411435610083094,0.015199252680546367,88.37809662877198,0.011315020781681378,
main,48,0.008,60,8,SGA,emp,-1.0592673762872316,6.183837777395951e-07,0.015308244438118125,93.54800455294574,65.3242769961238,
main,48,0.008,60,8,ASGA,emp,-2.136828001850852,8.568417746157575e-09,0.015308244438118125,93.54800455294574,65.3242769961238,
main,48,0.008,60,8,SGA,cert,-0.04560384028592774,0.0056826201517966995,0.015308244438118125,93.54800455294574,0.010689698885389115,
main,48,0.008,60,8,ASGA,cert,-1.882169770582265,0.0001332646014644348,0.015308244438118125,93.54800455294574,0.010689698885389115,
main,49,0.008,60,8,SGA,emp,-1.0483128172497207,5.369762956924928e-07,0.01533340614335015,92.21813610469414,65.21708162238198,
main,49,0.008,60,8,ASGA,emp,-2.1150147364632774,7.637170944263527e-09,0.01533340614335015,92.21813610469414,65.21708162238198,
main,49,0.008,60,8,SGA,cert,-0.052508642321079865,0.012233178653626664,0.01533340614335015,92.21813610469414,0.010843853955849986,
main,49,0.008,60,8,ASGA,cert,-2.3802630870448436,0.00012645355081159632,0.01533340614335015,92.21813610469414,0.010843853955849986,
main,0,0.008,120,2,SGA,emp,-1.039939956029111,6.754990720947429e-07,0.007265273319827689,99.59130971271556,137.64107088316908,
main,0,0.008,120,2,ASGA,emp,-2.0958591091972383,1.0190368320006638e-08,0.007265273319827689,99.59130971271556,137.64107088316908,
main,0,0.008,120,2,SGA,cert,-0.020901622009576515,0.00516594721056679,0.007265273319827689,99.59130971271556,0.010041036741906836,
main,0,0.008,120,2,ASGA,cert,-0.9016571435899715,0.0007089807208285406,0.007265273319827689,99.59130971271556,0.010041036741906836,
main,1,0.008,120,2,SGA,emp,-1.0568565451957561,6.276829501022929e-07,0.007756637413490763,90.36270837211299,128.9218441822156,
main,1,0.008,120,2,ASGA,emp,-2.127109589048595,8.958544482629005e-09,0.007756637413490763,90.36270837211299,128.9218441822156,
main,1,0.008,120,2,SGA,cert,-0.02588303066237732,0.008985314898191626,0.007756637413490763,90.36270837211299,0.011066512038151923,
main,1,0.008,120,2,ASGA,cert,-1.1722308649967152,0.000662508346586127,0.007756637413490763,90.36270837211299,0.011066512038151923,
main,2,0.008,120,2,SGA,emp,-1.0405595564113945,5.912497941587547e-07,0.007700981286008343,94.0374072556058,129.85358136330845,
main,2,0.008,120,2,ASGA,emp,-2.109313733157961,8.624519758082538e-09,0.007700981286008343,94.0374072556058,129.85358136330845,
main,2,0.008,120,2,SGA,cert,-0.02443498480001253,0.008074864660816646,0.007700981286008343,94.0374072556058,0.010634066050777762,
main,2,0.008,120,2,ASGA,cert,-1.0991925610672797,0.0006961283046200348,0.007700981286008343,94.0374072556058,0.010634066050777762,
main,3,0.008,120,2,SGA,emp,-1.001232930577554,6.041237309434289e-07,0.007678091477442001,68.86311670058942,130.24069886871882,
main,3,0.008,120,2,ASGA,emp,-2.0508830121278216,9.700414776991906e-09,0.007678091477442001,68.86311670058942,130.24069886871882,
main,3,0.008,120,2,SGA,cert,-0.03639250274899547,0.017340706967001067,0.007678091477442001,68.86311670058942,0.014521561728724961,
main,3,0.008,120,2,ASGA,cert,-1.7910421278236055,0.0003043920976798231,0.007678091477442001,68.86311670058942,0.014521561728724961,
main,4,0.008,120,2,SGA,emp,-1.0255564548272038,5.876215843358956e-07,0.007338996881970546,94.68279065788587,136.25840371409132,
main,4,0.008,120,2,ASGA,emp,-2.086642464753987,8.970570015975898e-09,0.007338996881970546,94.68279065788587,136.25840371409132,
main,4,0.008,120,2,SGA,cert,-0.02640613051483826,0.01610983959283585,0.007338996881970546,94.68279065788587,0.010561581392475705,
main,4,0.008,120,2,ASGA,cert,-1.2479450455290162,0.0009445724393237001,0.007338996881970546,94.68279065788587,0.010561581392475705,
main,5,0.008,120,2,SGA,emp,-1.0083816343157008,6.915953716518652e-07,0.0076121990173173585,82.23044244591692,131.36808400897715,
main,5,0.008,120,2,ASGA,emp,-2.0509543775011108,1.1166277069651898e-08,0.0076121990173173585,82.23044244591692,131.36808400897715,
main,5,0.008,120,2,SGA,cert,-0.028796626668550672,0.010627731289678553,0.0076121990173173585,82.23044244591692,0.01216094636311487,
main,5,0.008,120,2,ASGA,cert,-1.3245140204045094,0.0005515189490012257,0.0076121990173173585,82.23044244591692,0.01216094636311487,
main,6,0.008,120,2,SGA,emp,-1.0769656525639333,5.512241915209271e-07,0.007541724803431068,77.95050755485661,132.59566293708505,
main,6,0.008,120,2,ASGA,emp,-2.1745206921770275,7.16556213670172e-09,0.007541724803431068,77.95050755485661,132.59566293708505,
main,6,0.008,120,2,SGA,cert,-0.026161395538032078,0.005172538122658728,0.007541724803431068,77.95050755485661,0.0128286528384214,
main,6,0.008,120,2,ASGA,cert,-1.1466298603421634,0.0004158642147745889,0.007541724803431068,77.95050755485661,0.0128286528384214,
main,7,0.008,120,2,SGA,emp,-0.9907585275776486,7.630818132375872e-07,0.007463532488837886,85.48435583959389,133.98481235200003,
main,7,0.008,120,2,ASGA,emp,-2.035509039103958,1.2641565461102289e-08,0.007463532488837886,85.48435583959389,133.98481235200003,
main,7,0.008,120,2,SGA,cert,-0.028241750741294463,0.013858249509531954,0.007463532488837886,85.48435583959389,0.011698046855221536,
main,7,0.008,120,2,ASGA,cert,-1.3230097058193626,0.0007015999960403307,0.007463532488837886,85.48435583959389,0.011698046855221536,
main,8,0.008,120,2,SGA,emp,-1.0364957916077957,6.121763149180559e-07,0.007617731550388502,80.5170971745268,131.27267525579848,
main,8,0.008,120,2,ASGA,emp,-2.09567433390805,9.137284186222505e-09,0.007617731550388502,80.5170971745268,131.27267525579848,
main,8,0.008,120,2,SGA,cert,-0.029936130109148147,0.012148578055114469,0.007617731550388502,80.5170971745268,0.012419722457609538,
main,8,0.008,120,2,ASGA,cert,-1.4005092730252153,0.0005271272419448622,0.007617731550388502,80.5170971745268,0.012419722457609538,
main,9,0.008,120,2,SGA,emp,-1.0240074626852707,5.370930172207689e-07,0.007664677903062715,68.14418925025984,130.4686266855926,
main,9,0.008,120,2,ASGA,emp,-2.0900124868870473,8.034768711473461e-09,0.007664677903062715,68.14418925025984,130.4686266855926,
main,9,0.008,120,2,SGA,cert,-0.035643534003185484,0.012288854623179642,0.007664677903062715,68.14418925025984,0.014674765537638074,
main,9,0.008,120,2,ASGA,cert,-1.7015781743654594,0.00027749843380203004,0.007664677903062715,68.14418925025984,0.014674765537638074,
main,10,0.008,120,2,SGA,emp,-0.9821241305039115,6.453226088498631e-07,0.007714929148043792,90.24956088197544,129.61881837288956,
main,10,0.008,120,2,ASGA,emp,-2.014804470098071,1.1039031092008322e-08,0.007714929148043792,90.24956088197544,129.61881837288956,
main,10,0.008,120,2,SGA,cert,-0.028394143675675897,0.026445937509426393,0.007714929148043792,90.24956088197544,0.011080386322408346,
main,10,0.008,120,2,ASGA,cert,-1.388935745887492,0.0010655499458197548,0.007714929148043792,90.24956088197544,0.011080386322408346,
main,11,0.008,120,2,SGA,emp,-1.0672940234241624,6.559372145442666e-07,0.007640027506831655,98.52839619881571,130.88958110501665,
main,11,0.008,120,2,ASGA,emp,-2.140861616548924,9.192523416079457e-09,0.007640027506831655,98.52839619881571,130.88958110501665,
main,11,0.008,120,2,SGA,cert,-0.017602176172366573,0.003139543408087371,0.007640027506831655,98.52839619881571,0.010149358343173962,
main,11,0.008,120,2,ASGA,cert,-0.749690410875936,0.0006034362768953944,0.007640027506831655,98.52839619881571,0.010149358343173962,
main,12,0.008,120,2,SGA,emp,-1.0009805139074612,7.660787455787688e-07,0.007420517624167317,88.33470992253235,134.76148843622127,
main,12,0.008,120,2,ASGA,emp,-2.0419255854878235,1.2587186737356149e-08,0.007420517624167317,88.33470992253235,134.76148843622127,
main,12,0.008,120,2,SGA,cert,-0.026995197374186427,0.012755214576438141,0.007420517624167317,88.33470992253235,0.011320578296764415,
main,12,0.008,120,2,ASGA,cert,-1.252839277947753,0.0007627678622811052,0.007420517624167317,88.33470992253235,0.011320578296764415,
main,13,0.008,120,2,SGA,emp,-0.9946415082503445,7.335737618741067e-07,0.0076805517231453065,83.56674071449983,130.19897997516307,
main,13,0.008,120,2,ASGA,emp,-2.037653171364784,1.2105085295255336e-08,0.0076805517231453065,83.56674071449983,130.19897997516307,
main,13,0.008,120,2,SGA,cert,-0.029056020097952454,0.01343925791741614,0.0076805517231453065,83.56674071449983,0.011966483213895263,
main,13,0.008,120,2,ASGA,cert,-1.3623186453682918,0.0006240370560563341,0.0076805517231453065,83.56674071449983,0.011966483213895263,
main,14,0.008,120,2,SGA,emp,-1.034225738715151,5.097621152971854e-07,0.007704766719243783,64.70057240014386,129.78978292780153,
main,14,0.008,120,2,ASGA,emp,-2.1118317997755947,7.32158401267613e-09,0.007704766719243783,64.70057240014386,129.78978292780153,
main,14,0.008,120,2,SGA,cert,-0.03747945801834243,0.011921843178223326,0.007704766719243783,64.70057240014386,0.01545581380355418,
main,14,0.008,120,2,ASGA,cert,-1.7917492745685377,0.0002274433508364579,0.007704766719243783,64.70057240014386,0.01545581380355418,
main,15,0.008,120,2,SGA,emp,-1.046492093718456,6.112200062885487e-07,0.007523633651016124,97.50641261105937,132.91449934765794,
main,15,0.008,120,2,ASGA,emp,-2.112419019506781,8.87348527989218e-09,0.007523633651016124,97.50641261105937,132.91449934765794,
main,15,0.008,120,2,SGA,cert,-0.022606456799054476,0.0069483636837994606,0.007523633651016124,97.50641261105937,0.010255735732878126,
main,15,0.008,120,2,ASGA,cert,-1.0017470774328043,0.0007503468363566287,0.007523633651016124,97.50641261105937,0.010255735732878126,
main,16,0.008,120,2,SGA,emp,-1.0704648722035153,6.218950411168711e-07,0.007429442247318677,93.9740690088253,134.5996060957207,
main,16,0.008,120,2,ASGA,emp,-2.151098923567042,8.554823703599279e-09,0.007429442247318677,93.9740690088253,134.5996060957207,
main,16,0.008,120,2,SGA,cert,-0.018364708739849876,0.0032379508114009775,0.007429442247318677,93.9740690088253,0.010641233380094331,
main,16,0.008,120,2,ASGA,cert,-0.7881048397620303,0.0005699564907649321,0.007429442247318677,93.9740690088253,0.010641233380094331,
main,17,0.008,120,2,SGA,emp,-0.9946477104516696,6.840733236535002e-07,0.007612978207148358,78.02301177373647,131.3546384594967,
main,17,0.008,120,2,ASGA,emp,-2.0442193458857827,1.1162593252511677e-08,0.007612978207148358,78.02301177373647,131.3546384594967,
main,17,0.008,120,2,SGA,cert,-0.031261926400690886,0.013586004987677647,0.007612978207148358,78.02301177373647,0.012816731593237632,
main,17,0.008,120,2,ASGA,cert,-1.4779648821828952,0.0004877610526923745,0.007612978207148358,78.02301177373647,0.012816731593237632,
main,18,0.008,120,2,SGA,emp,-1.0668752247514761,5.988601816178662e-07,0.0074645401033442485,94.60232708097668,133.9667261687002,
main,18,0.008,120,2,ASGA,emp,-2.1497814599449563,8.18941325864131e-09,0.0074645401033442485,94.60232708097668,133.9667261687002,
main,18,0.008,120,2,SGA,cert,-0.02098052160664204,0.004695864792419978,0.0074645401033442485,94.60232708097668,0.010570564497256296,
main,18,0.008,120,2,ASGA,cert,-0.9097514645993733,0.0006304073131324847,0.0074645401033442485,94.60232708097668,0.010570564497256296,
main,19,0.008,120,2,SGA,emp,-1.0130810847017093,7.649180617796958e-07,0.007455874250351295,96.42448454522605,134.1224337243729,
main,19,0.008,120,2,ASGA,emp,-2.0608235602538763,1.2156847889466249e-08,0.007455874250351295,96.42448454522605,134.1224337243729,
main,19,0.008,120,2,SGA,cert,-0.023941935876759815,0.010247588721464529,0.007455874250351295,96.42448454522605,0.010370809911158707,
main,19,0.008,120,2,ASGA,cert,-1.0887926230999994,0.0008957776933886386,0.007455874250351295,96.42448454522605,0.010370809911158707,
main,20,0.008,120,2,SGA,emp,-1.0624932553458062,6.003362533479883e-07,0.007577054940839577,92.05117583006844,131.97739858135367,
main,20,0.008,120,2,ASGA,emp,-2.1418349687078706,8.284344904518903e-09,0.007577054940839577,92.05117583006844,131.97739858135367,
main,20,0.008,120,2,SGA,cert,-0.022569339185684347,0.005459237459641164,0.007577054940839577,92.05117583006844,0.010863522285104269,
main,20,0.008,120,2,ASGA,cert,-0.9875195027426908,0.0006154653909652488,0.007577054940839577,92.05117583006844,0.010863522285104269,
main,21,0.008,120,2,SGA,emp,-1.0464096414145656,6.130808727980441e-07,0.007659902512302497,94.21298253832893,130.5499643623283,
main,21,0.008,120,2,ASGA,emp,-2.119003251372989,8.847048475757457e-09,0.007659902512302497,94.21298253832893,130.5499643623283,
main,21,0.008,120,2,SGA,cert,-0.023945054095364068,0.007213479539097387,0.007659902512302497,94.21298253832893,0.010614248408845004,
main,21,0.008,120,2,ASGA,cert,-1.0650620264904054,0.0006786400939175277,0.007659902512302497,94.21298253832893,0.010614248408845004,
main,22,0.008,120,2,SGA,emp,-1.0403009540252066,6.298063994214509e-07,0.007624466698570553,94.21146817880981,131.15671423779472,
main,22,0.008,120,2,ASGA,emp,-2.106946657864655,9.302928712096037e-09,0.007624466698570553,94.21146817880981,131.15671423779472,
main,22,0.008,120,2,SGA,cert,-0.024171368047092388,0.007643430265159373,0.007624466698570553,94.21146817880981,0.010614419022767354,
main,22,0.008,120,2,ASGA,cert,-1.0786667649294648,0.0006959584347291659,0.007624466698570553,94.21146817880981,0.010614419022767354,
main,23,0.008,120,2,SGA,emp,-1.05532435601404,6.344862899451686e-07,0.00735994871358732,92.53900642095671,135.87051199879747,
main,23,0.008,120,2,ASGA,emp,-2.1250646993942364,9.088529429046588e-09,0.00735994871358732,92.53900642095671,135.87051199879747,
main,23,0.008,120,2,SGA,cert,-0.02157083835579615,0.004582532448495262,0.00735994871358732,92.53900642095671,0.010806253910389257,
main,23,0.008,120,2,ASGA,cert,-0.9272436232016882,0.0005966641204618872,0.00735994871358732,92.53900642095671,0.010806253910389257,
main,24,0.008,120,2,SGA,emp,-1.0830724863516257,4.951414580081637e-07,0.007637386146271438,71.8361515704244,130.93484876212509,
main,24,0.008,120,2,ASGA,emp,-2.189823670034826,6.209660972922304e-09,0.007637386146271438,71.8361515704244,130.93484876212509,
main,24,0.008,120,2,SGA,cert,-0.029974093107900664,0.006265637878409926,0.007637386146271438,71.8361515704244,0.013920567543483343,
main,24,0.008,120,2,ASGA,cert,-1.3393657966631194,0.00033000524217915994,0.007637386146271438,71.8361515704244,0.013920567543483343,
main,25,0.008,120,2,SGA,emp,-0.9768578598667552,7.932773841146101e-07,0.007448825424966905,86.07910106888536,134.2493538173427,
main,25,0.008,120,2,ASGA,emp,-1.9991976171145422,1.3977577373314176e-08,0.007448825424966905,86.07910106888536,134.2493538173427,
main,25,0.008,120,2,SGA,cert,-0.028964179919622284,0.023217693308878837,0.007448825424966905,86.07910106888536,0.011617221690079494,
main,25,0.008,120,2,ASGA,cert,-1.4057375052021477,0.0009254892018123878,0.007448825424966905,86.07910106888536,0.011617221690079494,
main,26,0.008,120,2,SGA,emp,-1.052667019236662,6.013947155616983e-07,0.007688802676821893,95.81947852859278,130.0592617644523,
main,26,0.008,120,2,ASGA,emp,-2.1268237234670844,8.578199484077231e-09,0.007688802676821893,95.81947852859278,130.0592617644523,
main,26,0.008,120,2,SGA,cert,-0.023225798515235638,0.00668907765238682,0.007688802676821893,95.81947852859278,0.010436291402917595,
main,26,0.008,120,2,ASGA,cert,-1.0277626201062142,0.0006854340291576749,0.007688802676821893,95.81947852859278,0.010436291402917595,
main,27,0.008,120,2,SGA,emp,-1.047158618024693,6.479040587786811e-07,0.007499037139116173,92.12050176611879,133.35045305801202,
main,27,0.008,120,2,ASGA,emp,-2.111593186028912,9.48538447786973e-09,0.007499037139116173,92.12050176611879,133.35045305801202,
main,27,0.008,120,2,SGA,cert,-0.022991424475269744,0.005669875364044563,0.007499037139116173,92.12050176611879,0.010855346864467387,
main,27,0.008,120,2,ASGA,cert,-1.0014417968815439,0.0006230596252237292,0.007499037139116173,92.12050176611879,0.010855346864467387,
main,28,0.008,120,2,SGA,emp,-0.9960577956571007,8.106248453321196e-07,0.007705513609487622,98.26199090655815,129.77720249156695,
main,28,0.008,120,2,ASGA,emp,-2.032703460163742,1.3511455912440518e-08,0.007705513609487622,98.26199090655815,129.77720249156695,
main,28,0.008,120,2,SGA,cert,-0.024310727153884156,0.012398205905030588,0.007705513609487622,98.26199090655815,0.010176875013156877,
main,28,0.008,120,2,ASGA,cert,-1.117945354384541,0.0010008944670055059,0.007705513609487622,98.26199090655815,0.010176875013156877,
main,29,0.008,120,2,SGA,emp,-0.9896639355699849,7.152736320042985e-07,0.00757497205502439,83.36552606018992,132.01368833258095,
main,29,0.008,120,2,ASGA,emp,-2.0240730976613865,1.2068032337331225e-08,0.00757497205502439,83.36552606018992,132.01368833258095,
main,29,0.008,120,2,SGA,cert,-0.03002126676947883,0.020281993224051956,0.00757497205502439,83.36552606018992,0.011995366037491323,
main,29,0.008,120,2,ASGA,cert,-1.454435233711412,0.0007288443291923602,0.00757497205502439,83.36552606018992,0.011995366037491323,
main,30,0.008,120,2,SGA,emp,-1.0613034052782229,5.876650283412332e-07,0.0076147038462361285,93.82782469476939,131.32487095926783,
main,30,0.008,120,2,ASGA,emp,-2.1384715087641077,8.140990707949936e-09,0.0076147038462361285,93.82782469476939,131.32487095926783,
main,30,0.008,120,2,SGA,cert,-0.02274148406872079,0.006116135976671461,0.0076147038462361285,93.82782469476939,0.01065781929031279,
main,30,0.008,120,2,ASGA,cert,-1.0041532518500937,0.000659701559789394,0.0076147038462361285,93.82782469476939,0.01065781929031279,
main,31,0.008,120,2,SGA,emp,-0.9859391382913315,6.59719736048614e-07,0.0075936594535607575,73.32715323051643,131.68881303086195,
main,31,0.008,120,2,ASGA,emp,-2.0311468008839904,1.0972178277057765e-08,0.0075936594535607575,73.32715323051643,131.68881303086195,
main,31,0.008,120,2,SGA,cert,-0.03442115367696715,0.020153010712957907,0.0075936594535607575,73.32715323051643,0.013637512925891576,
main,31,0.008,120,2,ASGA,cert,-1.701228261812996,0.0004134080258829109,0.0075936594535607575,73.32715323051643,0.013637512925891576,
main,32,0.008,120,2,SGA,emp,-1.0043392766370607,6.776034542146925e-07,0.0075438109913288755,80.13915895902622,132.55899453862716,
main,32,0.008,120,2,ASGA,emp,-2.0551127671598577,1.0864449791203601e-08,0.0075438109913288755,80.13915895902622,132.55899453862716,
main,32,0.008,120,2,SGA,cert,-0.029959296584660483,0.011928979345068917,0.0075438109913288755,80.13915895902622,0.012478294169661588,
main,32,0.008,120,2,ASGA,cert,-1.395928821392311,0.0005223212226242308,0.0075438109913288755,80.13915895902622,0.012478294169661588,
main,33,0.008,120,2,SGA,emp,-1.1520384952422182,3.497014854011993e-07,0.007635631440888678,83.93863567220193,130.96493822960295,
main,33,0.008,120,2,ASGA,emp,-2.362393286889159,3.1629800723020907e-09,0.007635631440888678,83.93863567220193,130.96493822960295,
main,33,0.008,120,2,SGA,cert,-0.024368751516664205,0.005258534953439146,0.007635631440888678,83.93863567220193,0.011913465021104356,
main,33,0.008,120,2,ASGA,cert,-1.096494924270229,0.00045678402768876275,0.007635631440888678,83.93863567220193,0.011913465021104356,
main,34,0.008,120,2,SGA,emp,-0.9859840764806364,7.463761946963077e-07,0.00766581572603626,84.95226932156147,130.44926146653762,
main,34,0.008,120,2,ASGA,emp,-2.0216501582804973,1.2635600524224522e-08,0.00766581572603626,84.95226932156147,130.44926146653762,
main,34,0.008,120,2,SGA,cert,-0.0292460789040497,0.019106691548756397,0.00766581572603626,84.95226932156147,0.011771315916409465,
main,34,0.008,120,2,ASGA,cert,-1.4075881745035888,0.0007684890027125357,0.00766581572603626,84.95226932156147,0.011771315916409465,
main,35,0.008,120,2,SGA,emp,-1.112230136040477,3.536623171332409e-07,0.007753904330513765,57.8108311508165,128.96728633402435,
main,35,0.008,120,2,ASGA,emp,-2.251365809512761,3.907864622176849e-09,0.007753904330513765,57.8108311508165,128.96728633402435,
main,35,0.008,120,2,SGA,cert,-0.03927279635662296,0.007511166576478285,0.007753904330513765,57.8108311508165,0.017297796625535565,
main,35,0.008,120,2,ASGA,cert,-1.8148398231113914,0.00015153134633830168,0.007753904330513765,57.8108311508165,0.017297796625535565,
main,36,0.008,120,2,SGA,emp,-1.0387964957075773,5.430936315248269e-07,0.007732224392839561,76.39839060083183,129.32889026423646,
main,36,0.008,120,2,ASGA,emp,-2.1272800041674906,7.62646023416691e-09,0.007732224392839561,76.39839060083183,129.32889026423646,
main,36,0.008,120,2,SGA,cert,-0.031716009934766316,0.011618595002511105,0.007732224392839561,76.39839060083183,0.013089280966988222,
main,36,0.008,120,2,ASGA,cert,-1.4934739582589707,0.00040801240490224294,0.007732224392839561,76.39839060083183,0.013089280966988222,
main,37,0.008,120,2,SGA,emp,-1.0460056881894033,6.699522824213378e-07,0.0076607091805022355,95.47136850846341,130.5362175273752,
main,37,0.008,120,2,ASGA,emp,-2.1074120230936715,9.905620539096827e-09,0.0076607091805022355,95.47136850846341,130.5362175273752,
main,37,0.008,120,2,SGA,cert,-0.02214173721540835,0.005544399321241129,0.0076607091805022355,95.47136850846341,0.010474344461830473,
main,37,0.008,120,2,ASGA,cert,-0.9626464627918734,0.0006631927029917481,0.0076607091805022355,95.47136850846341,0.010474344461830473,
main,38,0.008,120,2,SGA,emp,-1.1379736281746848,3.932413764895504e-07,0.007673681872749784,66.97546796619012,130.31554038630748,
main,38,0.008,120,2,ASGA,emp,-2.3374332373680344,3.733693985930042e-09,0.007673681872749784,66.97546796619012,130.31554038630748,
main,38,0.008,120,2,SGA,cert,-0.03004825624320424,0.005076083572064769,0.007673681872749784,66.97546796619012,0.014930840057807582,
main,38,0.008,120,2,ASGA,cert,-1.3509578966462596,0.0002609342911940593,0.007673681872749784,66.97546796619012,0.014930840057807582,
main,39,0.008,120,2,SGA,emp,-1.0850707130371522,5.69349765042193e-07,0.007475193675752237,91.01210686767256,133.7757981099224,
main,39,0.008,120,2,ASGA,emp,-2.1857926292269707,7.312681286897327e-09,0.007475193675752237,91.01210686767256,133.7757981099224,
main,39,0.008,120,2,SGA,cert,-0.01943285122630635,0.003605085388854269,0.007475193675752237,91.01210686767256,0.010987549177978643,
main,39,0.008,120,2,ASGA,cert,-0.8460532249535412,0.0005549248809832499,0.007475193675752237,91.01210686767256,0.010987549177978643,
main,40,0.008,120,2,SGA,emp,-1.0444276282697493,6.021035149419984e-07,0.007682561494080046,96.2633360603849,130.16491970426404,
main,40,0.008,120,2,ASGA,emp,-2.1168233734910227,8.697661299517101e-09,0.007682561494080046,96.2633360603849,130.16491970426404,
main,40,0.008,120,2,SGA,cert,-0.02347387939678601,0.007229900181291646,0.007682561494080046,96.2633360603849,0.010388171041285244,
main,40,0.008,120,2,ASGA,cert,-1.0457329042258763,0.0007070405664395193,0.007682561494080046,96.2633360603849,0.010388171041285244,
main,41,0.008,120,2,SGA,emp,-0.9912279227372789,7.958620565629015e-07,0.007627521461799855,91.71705728056463,131.10418699025612,
main,41,0.008,120,2,ASGA,emp,-2.0298093785484976,1.3339984158977636e-08,0.007627521461799855,91.71705728056463,131.10418699025612,
main,41,0.008,120,2,SGA,cert,-0.02639023229381003,0.015229076706941916,0.007627521461799855,91.71705728056463,0.010903097304364841,
main,41,0.008,120,2,ASGA,cert,-1.2387465123034749,0.0009210798655279878,0.007627521461799855,91.71705728056463,0.010903097304364841,
main,42,0.008,120,2,SGA,emp,-1.1257461840885827,4.1120281295964345e-07,0.007724522015825395,64.8023014492635,129.45784838871305,
main,42,0.008,120,2,ASGA,emp,-2.3031881110489074,4.164059735911607e-09,0.007724522015825395,64.8023014492635,129.45784838871305,
main,42,0.008,120,2,SGA,cert,-0.031976888072541655,0.005498685521176567,0.007724522015825395,64.8023014492635,0.015431550695509525,
main,42,0.008,120,2,ASGA,cert,-1.4359403125767265,0.00023848225263697898,0.007724522015825395,64.8023014492635,0.015431550695509525,
main,43,0.008,120,2,SGA,emp,-1.0401378507452044,6.834924254142671e-07,0.007728002148988801,99.4122203138027,129.39954993812324,
main,43,0.008,120,2,ASGA,emp,-2.0959945281015138,1.0312374933152402e-08,0.007728002148988801,99.4122203138027,129.39954993812324,
main,43,0.008,120,2,SGA,cert,-0.023485907208628403,0.008730718625573335,0.007728002148988801,99.4122203138027,0.010059125496276205,
main,43,0.008,120,2,ASGA,cert,-1.0554437183425058,0.0008320083729389735,0.007728002148988801,99.4122203138027,0.010059125496276205,
main,44,0.008,120,2,SGA,emp,-0.9928830127737963,6.997234074795911e-07,0.007755863571887015,76.29747557962787,128.93470736446932,
main,44,0.008,120,2,ASGA,emp,-2.0420864879969787,1.1448424014348646e-08,0.007755863571887015,76.29747557962787,128.93470736446932,
main,44,0.008,120,2,SGA,cert,-0.032191996408807357,0.014871383565854768,0.007755863571887015,76.29747557962787,0.013106593532787987,
main,44,0.008,120,2,ASGA,cert,-1.5386813248714832,0.00046115542513147645,0.007755863571887015,76.29747557962787,0.013106593532787987,
main,45,0.008,120,2,SGA,emp,-1.1428866294760145,3.738559126373331e-07,0.007718101960071654,62.6732819960657,129.56553375082856,
main,45,0.008,120,2,ASGA,emp,-2.348559249826843,3.4671006135522653e-09,0.007718101960071654,62.6732819960657,129.56553375082856,
main,45,0.008,120,2,SGA,cert,-0.032734079389025145,0.005311203732130926,0.007718101960071654,62.6732819960657,0.01595576245812011,
main,45,0.008,120,2,ASGA,cert,-1.4759912719785533,0.0002121053940865661,0.007718101960071654,62.6732819960657,0.01595576245812011,
main,46,0.008,120,2,SGA,emp,-0.9863201304948829,7.928801262629959e-07,0.007652034642082455,82.91002440987758,130.684196658035,
main,46,0.008,120,2,ASGA,emp,-2.0256852357630524,1.3360375875071107e-08,0.007652034642082455,82.91002440987758,130.684196658035,
main,46,0.008,120,2,SGA,cert,-0.029489993999084706,0.01567830776618033,0.007652034642082455,82.91002440987758,0.012061267706982653,
main,46,0.008,120,2,ASGA,cert,-1.3981899267330127,0.0006628188677869767,0.007652034642082455,82.91002440987758,0.012061267706982653,
main,47,0.008,120,2,SGA,emp,-1.0301169798790573,6.425004644081134e-07,0.007381401313649856,93.15717316097388,135.47563091452258,
main,47,0.008,120,2,ASGA,emp,-2.084680178622694,9.798422150042452e-09,0.007381401313649856,93.15717316097388,135.47563091452258,
main,47,0.008,120,2,SGA,cert,-0.024294451767633708,0.007759922483660309,0.007381401313649856,93.15717316097388,0.010734546423730767,
main,47,0.008,120,2,ASGA,cert,-1.0838987380821958,0.0006978670558388869,0.007381401313649856,93.15717316097388,0.010734546423730767,
main,48,0.008,120,2,SGA,emp,-1.11626635905724,4.2205020251567804e-07,0.007625082678579829,71.60539456697471,131.14611895411605,
main,48,0.008,120,2,ASGA,emp,-2.271861282268106,4.534410881495976e-09,0.007625082678579829,71.60539456697471,131.14611895411605,
main,48,0.008,120,2,SGA,cert,-0.029038626439493634,0.0055803664546715676,0.007625082678579829,71.60539456697471,0.01396542824807242,
main,48,0.008,120,2,ASGA,cert,-1.3022067339188874,0.00031612737870495566,0.007625082678579829,71.60539456697471,0.01396542824807242,
main,49,0.008,120,2,SGA,emp,-1.0765849823208304,5.431268388575439e-07,0.007552974347521494,76.92720579149001,132.39817242701872,
main,49,0.008,120,2,ASGA,emp,-2.1749766519147054,7.040569349747727e-09,0.007552974347521494,76.92720579149001,132.39817242701872,
main,49,0.008,120,2,SGA,cert,-0.0268982132643844,0.0054215461397078765,0.007552974347521494,76.92720579149001,0.012999302258689656,
main,49,0.008,120,2,ASGA,cert,-1.1829014413341767,0.00040242451756115905,0.007552974347521494,76.92720579149001,0.012999302258689656,
main,0,0.008,120,4,SGA,emp,-1.0327316691826214,5.028972785287023e-07,0.007697300917828895,68.47563056429125,129.91566922942394,
main,0,0.008,120,4,ASGA,emp,-2.1036914370103714,7.322775566476203e-09,0.007697300917828895,68.47563056429125,129.91566922942394,
main,0,0.008,120,4,SGA,cert,-0.035710107810276163,0.013357824310920738,0.007697300917828895,68.47563056429125,0.014603735544444642,
main,0,0.008,120,4,ASGA,cert,-1.725381713761876,0.00028044226852562415,0.007697300917828895,68.47563056429125,0.014603735544444642,
main,1,0.008,120,4,SGA,emp,-1.0094538994349158,6.679653011265607e-07,0.007678993824912824,80.70547267084478,130.2253944723484,
main,1,0.008,120,4,ASGA,emp,-2.0589143792515014,1.0613061818265379e-08,0.007678993824912824,80.70547267084478,130.2253944723484,
main,1,0.008,120,4,SGA,cert,-0.030553099480641017,0.01576512616805978,0.007678993824912824,80.70547267084478,0.012390733452221692,
main,1,0.008,120,4,ASGA,cert,-1.4607577781672834,0.0005756067096134299,0.007678993824912824,80.70547267084478,0.012390733452221692,
main,2,0.008,120,4,SGA,emp,-1.0162249920760873,6.669380659615753e-07,0.007585163429401628,96.48001927064769,131.83631563214547,
main,2,0.008,120,4,ASGA,emp,-2.062366882827349,1.0560281808735805e-08,0.007585163429401628,96.48001927064769,131.83631563214547,
main,2,0.008,120,4,SGA,cert,-0.024281405520111994,0.010030830857938051,0.007585163429401628,96.48001927064769,0.010364840384150214,
main,2,0.008,120,4,ASGA,cert,-1.10476612725941,0.000842962649486835,0.007585163429401628,96.48001927064769,0.010364840384150214,
main,3,0.008,120,4,SGA,emp,-1.0451459059052124,6.647982254484597e-07,0.007525944112215464,93.97942012120907,132.87369466069862,
main,3,0.008,120,4,ASGA,emp,-2.109324365925499,9.784859533734647e-09,0.007525944112215464,93.97942012120907,132.87369466069862,
main,3,0.008,120,4,SGA,cert,-0.023053724918916135,0.0064973480050994625,0.007525944112215464,93.97942012120907,0.010640627476848222,
main,3,0.008,120,4,ASGA,cert,-1.0162287233551948,0.0006860097550013058,0.007525944112215464,93.97942012120907,0.010640627476848222,
main,4,0.008,120,4,SGA,emp,-1.019105768765141,6.571528012033756e-07,0.007581234552327025,88.51503238023459,131.90463810317735,
main,4,0.008,120,4,ASGA,emp,-2.070366677481511,1.0247018400466601e-08,0.007581234552327025,88.51503238023459,131.90463810317735,
main,4,0.008,120,4,SGA,cert,-0.02769378255758339,0.015225627561359006,0.007581234552327025,88.51503238023459,0.011297516061501211,
main,4,0.008,120,4,ASGA,cert,-1.3082828006682439,0.0007857409491495299,0.007581234552327025,88.51503238023459,0.011297516061501211,
main,5,0.008,120,4,SGA,emp,-1.0456146874082088,6.126959926008868e-07,0.007370778270077855,97.37046363433458,135.67088350216204,
main,5,0.008,120,4,ASGA,emp,-2.114291502871181,8.891972567981465e-09,0.007370778270077855,97.37046363433458,135.67088350216204,
main,5,0.008,120,4,SGA,cert,-0.022621991180439636,0.006861572419258437,0.007370778270077855,97.37046363433458,0.010270054826434881,
main,5,0.008,120,4,ASGA,cert,-1.0012270018318894,0.0007434476916999277,0.007370778270077855,97.37046363433458,0.010270054826434881,
main,6,0.008,120,4,SGA,emp,-1.0867144697021083,5.220713740761163e-07,0.007705711644306987,79.94758030540608,129.77386725063926,
main,6,0.008,120,4,ASGA,emp,-2.1920594966098887,6.556783213595985e-09,0.007705711644306987,79.94758030540608,129.77386725063926,
main,6,0.008,120,4,SGA,cert,-0.02564475910198937,0.005239569220080481,0.007705711644306987,79.94758030540608,0.012508195947643705,
main,6,0.008,120,4,ASGA,cert,-1.1303561530046657,0.00043312538058062205,0.007705711644306987,79.94758030540608,0.012508195947643705,
main,7,0.008,120,4,SGA,emp,-1.0332935196228266,6.355434810645377e-07,0.0077266742452508615,100.32561418066608,129.4217885029438,
main,7,0.008,120,4,ASGA,emp,-2.0966012753837573,9.492965254154218e-09,0.0077266742452508615,100.32561418066608,129.4217885029438,
main,7,0.008,120,4,SGA,cert,-0.023583394654762307,0.009982560652094047,0.0077266742452508615,100.32561418066608,0.0099675442624174,
main,7,0.008,120,4,ASGA,cert,-1.0720990719737542,0.0009020908202278244,0.0077266742452508615,100.32561418066608,0.0099675442624174,
main,8,0.008,120,4,SGA,emp,-1.0057025043995245,7.012197841549384e-07,0.0076884162825509896,77.70099340049826,130.06579811105175,
main,8,0.008,120,4,ASGA,emp,-2.0414920728966592,1.1479090469834752e-08,0.0076884162825509896,77.70099340049826,130.06579811105175,
main,8,0.008,120,4,SGA,cert,-0.03140783390727768,0.015334220313682895,0.0076884162825509896,77.70099340049826,0.012869848328008474,
main,8,0.008,120,4,ASGA,cert,-1.500092641983149,0.0005194267823234316,0.0076884162825509896,77.70099340049826,0.012869848328008474,
main,9,0.008,120,4,SGA,emp,-1.1230515701083243,3.637028896455452e-07,0.007714080196223462,64.26395281060046,129.633083214453,
main,9,0.008,120,4,ASGA,emp,-2.286584641550093,3.773835320630692e-09,0.007714080196223462,64.26395281060046,129.633083214453,
main,9,0.008,120,4,SGA,cert,-0.03449895541872474,0.006902323461874773,0.007714080196223462,64.26395281060046,0.01556082307833153,
main,9,0.008,120,4,ASGA,cert,-1.5820672195117023,0.0002155426961539253,0.007714080196223462,64.26395281060046,0.01556082307833153,
main,10,0.008,120,4,SGA,emp,-0.9972394802028717,6.845373338032479e-07,0.007659989965836209,91.11926537651793,130.5484738831292,
main,10,0.008,120,4,ASGA,emp,-2.042353985066201,1.118346898421052e-08,0.007659989965836209,91.11926537651793,130.5484738831292,
main,10,0.008,120,4,SGA,cert,-0.02717407054630795,0.016282360108370864,0.007659989965836209,91.11926537651793,0.01097462754849763,
main,10,0.008,120,4,ASGA,cert,-1.2861260070113043,0.000874372293225012,0.007659989965836209,91.11926537651793,0.01097462754849763,
main,11,0.008,120,4,SGA,emp,-1.0360384296323661,6.532243607901278e-07,0.0077020395819877244,95.66142258513962,129.83573887865197,
main,11,0.008,120,4,ASGA,emp,-2.0874932079542123,9.861284462620024e-09,0.0077020395819877244,95.66142258513962,129.83573887865197,
main,11,0.008,120,4,SGA,cert,-0.02422072273746003,0.01037756567234633,0.0077020395819877244,95.66142258513962,0.010453534695346916,
main,11,0.008,120,4,ASGA,cert,-1.1102020708108256,0.0008579499937966736,0.0077020395819877244,95.66142258513962,0.010453534695346916,
main,12,0.008,120,4,SGA,emp,-1.01805076010151,6.689037556767419e-07,0.007530506913081475,92.4835948778385,132.79318531171776,
main,12,0.008,120,4,ASGA,emp,-2.0659663342736296,1.051390844525324e-08,0.007530506913081475,92.4835948778385,132.79318531171776,
main,12,0.008,120,4,SGA,cert,-0.025423260312770955,0.01046754760022469,0.007530506913081475,92.4835948778385,0.01081272847709801,
main,12,0.008,120,4,ASGA,cert,-1.1620838399678668,0.0007739398309311654,0.007530506913081475,92.4835948778385,0.01081272847709801,
main,13,0.008,120,4,SGA,emp,-1.0133654590752492,6.722257788194241e-07,0.007701092581624313,100.6454672551457,129.85170472902954,
main,13,0.008,120,4,ASGA,emp,-2.066828394574754,1.0571774254619637e-08,0.007701092581624313,100.6454672551457,129.85170472902954,
main,13,0.008,120,4,SGA,cert,-0.02417475624181252,0.012358191573482266,0.007701092581624313,100.6454672551457,0.00993586723051229,
main,13,0.008,120,4,ASGA,cert,-1.1144442058038075,0.001000539015326013,0.007701092581624313,100.6454672551457,0.00993586723051229,
main,14,0.008,120,4,SGA,emp,-1.0381728536940376,5.153589512085777e-07,0.007702539185248801,70.23643362618306,129.8273174533287,
main,14,0.008,120,4,ASGA,emp,-2.1128319478672126,7.400490817377481e-09,0.007702539185248801,70.23643362618306,129.8273174533287,
main,14,0.008,120,4,SGA,cert,-0.034018189019461305,0.010664728676544603,0.007702539185248801,70.23643362618306,0.014237624952916394,
main,14,0.008,120,4,ASGA,cert,-1.5993545904207098,0.00030380989698282346,0.007702539185248801,70.23643362618306,0.014237624952916394,
main,15,0.008,120,4,SGA,emp,-0.9943760859569675,7.597173505985433e-07,0.007686915979260163,90.43085063554976,130.0911838633426,
main,15,0.008,120,4,ASGA,emp,-2.0273646488940096,1.2748746600066418e-08,0.007686915979260163,90.43085063554976,130.0911838633426,
main,15,0.008,120,4,SGA,cert,-0.027166007694612363,0.017115385512473102,0.007686915979260163,90.43085063554976,0.011058173101015647,
main,15,0.008,120,4,ASGA,cert,-1.2872373264725256,0.0009177947973573602,0.007686915979260163,90.43085063554976,0.011058173101015647,
main,16,0.008,120,4,SGA,emp,-1.0700763081892328,4.780731533357563e-07,0.007678432672125374,99.2343767599479,130.23491156343005,
main,16,0.008,120,4,ASGA,emp,-2.157404612999048,6.360336875232964e-09,0.007678432672125374,99.2343767599479,130.23491156343005,
main,16,0.008,120,4,SGA,cert,-0.02366458514751304,0.009395489432033728,0.007678432672125374,99.2343767599479,0.010077153025498832,
main,16,0.008,120,4,ASGA,cert,-1.080549236101551,0.0008289471183368022,0.007678432672125374,99.2343767599479,0.010077153025498832,
main,17,0.008,120,4,SGA,emp,-1.0339194151068134,6.219954159086827e-07,0.007552056878558828,86.17355861736752,132.41425694754986,
main,17,0.008,120,4,ASGA,emp,-2.0944188779350696,9.293955494094064e-09,0.007552056878558828,86.17355861736752,132.41425694754986,
main,17,0.008,120,4,SGA,cert,-0.026646150332769795,0.008901627296496156,0.007552056878558828,86.17355861736752,0.011604487687925874,
main,17,0.008,120,4,ASGA,cert,-1.2099695746197598,0.0005996290521118539,0.007552056878558828,86.17355861736752,0.011604487687925874,
main,18,0.008,120,4,SGA,emp,-1.0388181857262067,5.280527979184546e-07,0.007733259774125851,69.56636202303449,129.31157483495213,
main,18,0.008,120,4,ASGA,emp,-2.0999105848502992,7.749210037544252e-09,0.007733259774125851,69.56636202303449,129.31157483495213,
main,18,0.008,120,4,SGA,cert,-0.034735857729190994,0.012210873644658615,0.007733259774125851,69.56636202303449,0.014374763476475667,
main,18,0.008,120,4,ASGA,cert,-1.655084255647571,0.0003040834563404135,0.007733259774125851,69.56636202303449,0.014374763476475667,
main,19,0.008,120,4,SGA,emp,-1.0205906794555548,5.486512238347951e-07,0.007618322201184861,80.93109934565878,131.26249764606598,
main,19,0.008,120,4,ASGA,emp,-2.0804949895060374,8.353308329767106e-09,0.007618322201184861,80.93109934565878,131.26249764606598,
main,19,0.008,120,4,SGA,cert,-0.030270446690171017,0.01379596392778764,0.007618322201184861,80.93109934565878,0.012356189500515428,
main,19,0.008,120,4,ASGA,cert,-1.4403981739125054,0.0005284152968127939,0.007618322201184861,80.93109934565878,0.012356189500515428,
main,20,0.008,120,4,SGA,emp,-1.0528584985035845,5.982395009165864e-07,0.007752471495464897,95.49184829552371,128.99112245494717,
main,20,0.008,120,4,ASGA,emp,-2.12006580919147,8.560949560365572e-09,0.007752471495464897,95.49184829552371,128.99112245494717,
main,20,0.008,120,4,SGA,cert,-0.023250491377213228,0.0072325389068293375,0.007752471495464897,95.49184829552371,0.010472098067525583,
main,20,0.008,120,4,ASGA,cert,-1.0380649451733888,0.0007176829130038295,0.007752471495464897,95.49184829552371,0.010472098067525583,
main,21,0.008,120,4,SGA,emp,-1.0261896957151908,5.789488645505103e-07,0.007744587952389712,92.63779879292551,129.12242796486476,
main,21,0.008,120,4,ASGA,emp,-2.0861213952741466,8.741268958667447e-09,0.007744587952389712,92.63779879292551,129.12242796486476,
main,21,0.008,120,4,SGA,cert,-0.02568738886169707,0.011004996305630836,0.007744587952389712,92.63779879292551,0.01079472972188505,
main,21,0.008,120,4,ASGA,cert,-1.186431350146736,0.0007597237130455708,0.007744587952389712,92.63779879292551,0.01079472972188505,
main,22,0.008,120,4,SGA,emp,-0.9978703582941281,5.878822072896694e-07,0.0077394114223708595,73.82298014279104,129.20879191271422,
main,22,0.008,120,4,ASGA,emp,-2.0531791503385066,9.385180438359342e-09,0.0077394114223708595,73.82298014279104,129.20879191271422,
main,22,0.008,120,4,SGA,cert,-0.034396365968732176,0.02027358519283553,0.0077394114223708595,73.82298014279104,0.013545917518715235,
main,22,0.008,120,4,ASGA,cert,-1.7094438957768874,0.000401557145242995,0.0077394114223708595,73.82298014279104,0.013545917518715235,
main,23,0.008,120,4,SGA,emp,-1.029735406547249,5.801009498804244e-07,0.007500067140557793,86.8378599876088,133.3321397341022,
main,23,0.008,120,4,ASGA,emp,-2.0880767699172664,8.721854481696933e-09,0.007500067140557793,86.8378599876088,133.3321397341022,
main,23,0.008,120,4,SGA,cert,-0.02700211327460313,0.010188166039046681,0.007500067140557793,86.8378599876088,0.011515714460751262,
main,23,0.008,120,4,ASGA,cert,-1.2438800503257355,0.0006252738345381495,0.007500067140557793,86.8378599876088,0.011515714460751262,
main,24,0.008,120,4,SGA,emp,-1.1044939227926847,4.583413474174014e-07,0.007644125974747382,94.51660140385061,130.81940346136793,
main,24,0.008,120,4,ASGA,emp,-2.235156745610453,5.295238844627015e-09,0.007644125974747382,94.51660140385061,130.81940346136793,
main,24,0.008,120,4,SGA,cert,-0.02182668302071873,0.005404369100621038,0.007644125974747382,94.51660140385061,0.010580151900798878,
main,24,0.008,120,4,ASGA,cert,-0.9675654984244185,0.0006285028133503345,0.007644125974747382,94.51660140385061,0.010580151900798878,
main,25,0.008,120,4,SGA,emp,-1.052831970393605,4.902809226520199e-07,0.007637745719827818,100.80925431924165,130.92868454679893,
main,25,0.008,120,4,ASGA,emp,-2.13896571177256,6.700570868989342e-09,0.007637745719827818,100.80925431924165,130.92868454679893,
main,25,0.008,120,4,SGA,cert,-0.023576064045632096,0.01095064679112296,0.007637745719827818,100.80925431924165,0.009919724203426909,
main,25,0.008,120,4,ASGA,cert,-1.0867221934972684,0.0009418153110974797,0.007637745719827818,100.80925431924165,0.009919724203426909,
main,26,0.008,120,4,SGA,emp,-1.0175090911323774,5.93314980368298e-07,0.007617502438533223,88.95342257380146,131.27662354809218,
main,26,0.008,120,4,ASGA,emp,-2.069685630659921,9.206990857213437e-09,0.007617502438533223,88.95342257380146,131.27662354809218,
main,26,0.008,120,4,SGA,cert,-0.027763039786731367,0.015755788435737363,0.007617502438533223,88.95342257380146,0.011241838380871021,
main,26,0.008,120,4,ASGA,cert,-1.3180420603613,0.0007860494683397598,0.007617502438533223,88.95342257380146,0.011241838380871021,
main,27,0.008,120,4,SGA,emp,-1.0641904131480717,4.6700308167085813e-07,0.007679265371834042,100.24572575800278,130.22078956507914,
main,27,0.008,120,4,ASGA,emp,-2.14878927915271,6.2808560921667755e-09,0.007679265371834042,100.24572575800278,130.22078956507914,
main,27,0.008,120,4,SGA,cert,-0.023001552321171362,0.008574396818318869,0.007679265371834042,100.24572575800278,0.009975487657339528,
main,27,0.008,120,4,ASGA,cert,-1.044125851550218,0.0008227758501474086,0.007679265371834042,100.24572575800278,0.009975487657339528,
main,28,0.008,120,4,SGA,emp,-0.9872369730783139,6.757888731667716e-07,0.007756509210414879,97.1048506208268,128.92397506049144,
main,28,0.008,120,4,ASGA,emp,-2.0237748037246446,1.139985306153335e-08,0.007756509210414879,97.1048506208268,128.92397506049144,
main,28,0.008,120,4,SGA,cert,-0.02619294246278958,0.023120328098083273,0.007756509210414879,97.1048506208268,0.010298146731153332,
main,28,0.008,120,4,ASGA,cert,-1.2582051415246347,0.0012847428375429293,0.007756509210414879,97.1048506208268,0.010298146731153332,
main,29,0.008,120,4,SGA,emp,-1.0676033508296747,5.672322097999283e-07,0.007436229579331208,99.40368664647495,134.4767518716033,
main,29,0.008,120,4,ASGA,emp,-2.1534147452296515,7.68005811724315e-09,0.007436229579331208,99.40368664647495,134.4767518716033,
main,29,0.008,120,4,SGA,cert,-0.02107561456593438,0.005675544785391527,0.007436229579331208,99.40368664647495,0.01005998905811671,
main,29,0.008,120,4,ASGA,cert,-0.9249005647587952,0.0007305502043544951,0.007436229579331208,99.40368664647495,0.01005998905811671,
main,30,0.008,120,4,SGA,emp,-1.0616359558948314,5.298344269225042e-07,0.00761393043438484,92.85780980180999,131.338210746444,
main,30,0.008,120,4,ASGA,emp,-2.148025022847663,7.20555710237436e-09,0.00761393043438484,92.85780980180999,131.338210746444,
main,30,0.008,120,4,SGA,cert,-0.024465658835694206,0.007844167545785076,0.00761393043438484,92.85780980180999,0.010769153419990614,
main,30,0.008,120,4,ASGA,cert,-1.1032776211751227,0.0006692056747824929,0.00761393043438484,92.85780980180999,0.010769153419990614,
main,31,0.008,120,4,SGA,emp,-1.0159547007721317,6.51977042451235e-07,0.007377334370259749,97.64177479414549,135.55031530511894,
main,31,0.008,120,4,ASGA,emp,-2.071317098946326,1.0180651023594667e-08,0.007377334370259749,97.64177479414549,135.55031530511894,
main,31,0.008,120,4,SGA,cert,-0.024969926603356046,0.013345912826446753,0.007377334370259749,97.64177479414549,0.010241518060361589,
main,31,0.008,120,4,ASGA,cert,-1.1585354738281448,0.0009753101932870392,0.007377334370259749,97.64177479414549,0.010241518060361589,
main,32,0.008,120,4,SGA,emp,-1.1147078246039461,3.629025858847834e-07,0.007741196945865602,65.72098421567087,129.17898963080606,
main,32,0.008,120,4,ASGA,emp,-2.256231744469262,3.975842835512999e-09,0.007741196945865602,65.72098421567087,129.17898963080606,
main,32,0.008,120,4,SGA,cert,-0.03474595108272632,0.007970884942964912,0.007741196945865602,65.72098421567087,0.015215840297193153,
main,32,0.008,120,4,ASGA,cert,-1.6149155528144246,0.00022693365027923185,0.007741196945865602,65.72098421567087,0.015215840297193153,
main,33,0.008,120,4,SGA,emp,-1.068105631912789,5.534550552924178e-07,0.007585858592778034,78.47204723637842,131.8242342339508,
main,33,0.008,120,4,ASGA,emp,-2.1597457262535937,7.372277295580876e-09,0.007585858592778034,78.47204723637842,131.8242342339508,
main,33,0.008,120,4,SGA,cert,-0.02896597045739854,0.008037621656982429,0.007585858592778034,78.47204723637842,0.012743391248449748,
main,33,0.008,120,4,ASGA,cert,-1.310399375204492,0.00044352610231454537,0.007585858592778034,78.47204723637842,0.012743391248449748,
main,34,0.008,120,4,SGA,emp,-1.0218761905447884,5.307681636007588e-07,0.007713658139130086,73.69069264468882,129.64017616066866,
main,34,0.008,120,4,ASGA,emp,-2.0860969349837,7.98143928726347e-09,0.007713658139130086,73.69069264468882,129.64017616066866,
main,34,0.008,120,4,SGA,cert,-0.03341571407931877,0.01457116859292077,0.007713658139130086,73.69069264468882,0.013570234776074858,
main,34,0.008,120,4,ASGA,cert,-1.6166124291614663,0.0003756007123626795,0.007713658139130086,73.69069264468882,0.013570234776074858,
main,35,0.008,120,4,SGA,emp,-1.0343712440833694,6.960990647855714e-07,0.007720622820925348,100.97860405243145,129.5232293034289,
main,35,0.008,120,4,ASGA,emp,-2.088449524534482,1.0599706251612773e-08,0.007720622820925348,100.97860405243145,129.5232293034289,
main,35,0.008,120,4,SGA,cert,-0.02301988303883647,0.009110761247916828,0.007720622820925348,100.97860405243145,0.00990308797971466,
main,35,0.008,120,4,ASGA,cert,-1.0366198304812995,0.0009009473351202016,0.007720622820925348,100.97860405243145,0.00990308797971466,
main,36,0.008,120,4,SGA,emp,-1.0109228709147469,5.944441306832138e-07,0.0076726975336775345,71.72645709087715,130.33225871484322,
main,36,0.008,120,4,ASGA,emp,-2.0723906301443122,9.18313541181659e-09,0.0076726975336775345,71.72645709087715,130.33225871484322,
main,36,0.008,120,4,SGA,cert,-0.03427600982206555,0.014297671906299644,0.0076726975336775345,71.72645709087715,0.013941856890170998,
main,36,0.008,120,4,ASGA,cert,-1.649808612862274,0.00034933761742065444,0.0076726975336775345,71.72645709087715,0.013941856890170998,
main,37,0.008,120,4,SGA,emp,-1.0185480191356735,6.170077333986224e-07,0.007589854634344071,95.90998011388908,131.75482906813562,
main,37,0.008,120,4,ASGA,emp,-2.073233758124792,9.589680334542994e-09,0.007589854634344071,95.90998011388908,131.75482906813562,
main,37,0.008,120,4,SGA,cert,-0.02599260534316017,0.015844275696110015,0.007589854634344071,95.90998011388908,0.010426443617364344,
main,37,0.008,120,4,ASGA,cert,-1.2245452375472847,0.0009800777310125866,0.007589854634344071,95.90998011388908,0.010426443617364344,
main,38,0.008,120,4,SGA,emp,-1.089730339798684,4.825817830553247e-07,0.00773129799820435,97.79947955650889,129.34438696222256,
main,38,0.008,120,4,ASGA,emp,-2.1929578134307124,6.018384540729116e-09,0.00773129799820435,97.79947955650889,129.34438696222256,
main,38,0.008,120,4,SGA,cert,-0.02181835767291434,0.006023999497256995,0.00773129799820435,97.79947955650889,0.01022500328769333,
main,38,0.008,120,4,ASGA,cert,-0.9706744346209227,0.0006932342212443432,0.00773129799820435,97.79947955650889,0.01022500328769333,
main,39,0.008,120,4,SGA,emp,-1.0637080840208966,5.723860279430171e-07,0.007655765928886218,90.1286344609427,130.62050345960392,
main,39,0.008,120,4,ASGA,emp,-2.1466003224206363,7.780757267650262e-09,0.007655765928886218,90.1286344609427,130.62050345960392,
main,39,0.008,120,4,SGA,cert,-0.024115473835181585,0.00677876842863525,0.007655765928886218,90.1286344609427,0.01109525297904464,
main,39,0.008,120,4,ASGA,cert,-1.0758472290917338,0.0006209907399845269,0.007655765928886218,90.1286344609427,0.01109525297904464,
main,40,0.008,120,4,SGA,emp,-1.052287433595105,4.5000625072816325e-07,0.007684253116413435,79.58269324114569,130.13626501501062,
main,40,0.008,120,4,ASGA,emp,-2.1370020016907603,6.165493331156124e-09,0.007684253116413435,79.58269324114569,130.13626501501062,
main,40,0.008,120,4,SGA,cert,-0.029882059774388067,0.010294989332492309,0.007684253116413435,79.58269324114569,0.012565546091408,
main,40,0.008,120,4,ASGA,cert,-1.399330114655561,0.000441959904128951,0.007684253116413435,79.58269324114569,0.012565546091408,
main,41,0.008,120,4,SGA,emp,-0.9928762523361913,6.674159320207984e-07,0.007722387695768537,78.93624073484114,129.49362805857928,
main,41,0.008,120,4,ASGA,emp,-2.0424704398011015,1.0895855218073791e-08,0.007722387695768537,78.93624073484114,129.49362805857928,
main,41,0.008,120,4,SGA,cert,-0.03154455864070279,0.016778734030321596,0.007722387695768537,78.93624073484114,0.0126684522937842,
main,41,0.008,120,4,ASGA,cert,-1.5209181177097202,0.0005283515519117904,0.007722387695768537,78.93624073484114,0.0126684522937842,
main,42,0.008,120,4,SGA,emp,-1.1043546157056616,3.8497402848197693e-07,0.0077152529103356425,93.85529540323128,129.61337905856107,
main,42,0.008,120,4,ASGA,emp,-2.2303863939635113,4.433811727488912e-09,0.0077152529103356425,93.85529540323128,129.61337905856107,
main,42,0.008,120,4,SGA,cert,-0.02412015539290737,0.007751735436383286,0.0077152529103356425,93.85529540323128,0.01065469983024071,
main,42,0.008,120,4,ASGA,cert,-1.0979372429557885,0.0006598068730782891,0.0077152529103356425,93.85529540323128,0.01065469983024071,
main,43,0.008,120,4,SGA,emp,-1.0042796777060656,6.784279271560001e-07,0.007517921643339342,85.51466795656086,133.01548585385572,
main,43,0.008,120,4,ASGA,emp,-2.048318788269271,1.0988106258214003e-08,0.007517921643339342,85.51466795656086,133.01548585385572,
main,43,0.008,120,4,SGA,cert,-0.028484406307881113,0.014161934783790374,0.007517921643339342,85.51466795656086,0.011693900285129717,
main,43,0.008,120,4,ASGA,cert,-1.3409530202698956,0.0006844939906705538,0.007517921643339342,85.51466795656086,0.011693900285129717,
main,44,0.008,120,4,SGA,emp,-1.0236576784872777,6.621414853566487e-07,0.00761410624289947,89.43666259105443,131.3351781678315,
main,44,0.008,120,4,ASGA,emp,-2.0789315331764584,1.0206664249889918e-08,0.00761410624289947,89.43666259105443,131.3351781678315,
main,44,0.008,120,4,SGA,cert,-0.026203920498121737,0.00998613655224416,0.00761410624289947,89.43666259105443,0.01118109700238324,
main,44,0.008,120,4,ASGA,cert,-1.1978870441001237,0.0006850101828682689,0.00761410624289947,89.43666259105443,0.01118109700238324,
main,45,0.008,120,4,SGA,emp,-1.0278735614217223,5.570468153207053e-07,0.007687304581445894,71.67633004377261,130.08460760272249,
main,45,0.008,120,4,ASGA,emp,-2.102163971417595,8.169999843321563e-09,0.007687304581445894,71.67633004377261,130.08460760272249,
main,45,0.008,120,4,SGA,cert,-0.03348167007150945,0.01122219324773533,0.007687304581445894,71.67633004377261,0.013951607167795865,
main,45,0.008,120,4,ASGA,cert,-1.5751765980443317,0.0003349279220717649,0.007687304581445894,71.67633004377261,0.013951607167795865,
main,46,0.008,120,4,SGA,emp,-1.008017222735877,6.791575266756888e-07,0.007711666592788659,94.53360773833796,129.67365587811082,
main,46,0.008,120,4,ASGA,emp,-2.0550517882824235,1.0870760784598144e-08,0.007711666592788659,94.53360773833796,129.67365587811082,
main,46,0.008,120,4,SGA,cert,-0.025610000684947322,0.013353985598904952,0.007711666592788659,94.53360773833796,0.010578248560743879,
main,46,0.008,120,4,ASGA,cert,-1.1923172429890885,0.0009015021913397966,0.007711666592788659,94.53360773833796,0.010578248560743879,
main,47,0.008,120,4,SGA,emp,-1.0155843138993326,5.875669164753794e-07,0.007671554281922162,86.94855486414359,130.35168145215064,
main,47,0.008,120,4,ASGA,emp,-2.077820982307516,9.019030057511035e-09,0.007671554281922162,86.94855486414359,130.35168145215064,
main,47,0.008,120,4,SGA,cert,-0.028771016795610373,0.016465453865545203,0.007671554281922162,86.94855486414359,0.011501053715757461,
main,47,0.008,120,4,ASGA,cert,-1.3757949205956765,0.0007154959996580681,0.007671554281922162,86.94855486414359,0.011501053715757461,
main,48,0.008,120,4,SGA,emp,-1.1153563923046244,4.192389866097823e-07,0.00766999875172348,71.00099396342111,130.3781176985584,
main,48,0.008,120,4,ASGA,emp,-2.2653990114937232,4.556865558502654e-09,0.00766999875172348,71.00099396342111,130.3781176985584,
main,48,0.008,120,4,SGA,cert,-0.029635516705353054,0.005779541389880041,0.00766999875172348,71.00099396342111,0.014084309869171528,
main,48,0.008,120,4,ASGA,cert,-1.3320608457895076,0.0003068474228082041,0.00766999875172348,71.00099396342111,0.014084309869171528,
main,49,0.008,120,4,SGA,emp,-1.1188495963241751,3.956309878108688e-07,0.0076846499068714,99.86977396868072,130.12954553802481,
main,49,0.008,120,4,ASGA,emp,-2.270972301939903,4.245404597313929e-09,0.0076846499068714,99.86977396868072,130.12954553802481,
main,49,0.008,120,4,SGA,cert,-0.021488414038972434,0.006235099882545978,0.0076846499068714,99.86977396868072,0.010013039584064756,
main,49,0.008,120,4,ASGA,cert,-0.962358492498774,0.0007256486437757642,0.0076846499068714,99.86977396868072,0.010013039584064756,
main,0,0.008,120,8,SGA,emp,-1.0453680906183527,6.095299180941538e-07,0.007680079555253369,100.80616222868798,130.20698455082731,
main,0,0.008,120,8,ASGA,emp,-2.112696696687916,8.806993086196702e-09,0.007680079555253369,100.80616222868798,130.20698455082731,
main,0,0.008,120,8,SGA,cert,-0.0227672913764011,0.009396301678098413,0.007680079555253369,100.80616222868798,0.009920028477340588,
main,0,0.008,120,8,ASGA,cert,-1.033877955262534,0.0009250794901255188,0.007680079555253369,100.80616222868798,0.009920028477340588,
main,1,0.008,120,8,SGA,emp,-1.0490611449242253,5.972394856584851e-07,0.007647946199730834,98.88327457656084,130.75405787179758,
main,1,0.008,120,8,ASGA,emp,-2.120798870690408,8.514193128306147e-09,0.007647946199730834,98.88327457656084,130.75405787179758,
main,1,0.008,120,8,SGA,cert,-0.02312382436334128,0.008780058000785768,0.007647946199730834,98.88327457656084,0.01011293370170246,
main,1,0.008,120,8,ASGA,cert,-1.044704097914267,0.0008484792228654267,0.007647946199730834,98.88327457656084,0.01011293370170246,
main,2,0.008,120,8,SGA,emp,-1.0231574519784272,5.959634079913401e-07,0.007597876040736543,89.97939947419603,131.61572979585745,
main,2,0.008,120,8,ASGA,emp,-2.0776699365540714,9.144267953953289e-09,0.007597876040736543,89.97939947419603,131.61572979585745,
main,2,0.008,120,8,SGA,cert,-0.026723519277569413,0.011894555568701039,0.007597876040736543,89.97939947419603,0.011113654968177204,
main,2,0.008,120,8,ASGA,cert,-1.2406431534745752,0.0007263609799559242,0.007597876040736543,89.97939947419603,0.011113654968177204,
main,3,0.008,120,8,SGA,emp,-1.0441787740358213,5.612950941952244e-07,0.007643885742884428,92.43262266995751,130.8235148505306,
main,3,0.008,120,8,ASGA,emp,-2.1200952418497305,7.979710524297356e-09,0.007643885742884428,92.43262266995751,130.8235148505306,
main,3,0.008,120,8,SGA,cert,-0.02586333214653342,0.011005225186385137,0.007643885742884428,92.43262266995751,0.010818691184070669,
main,3,0.008,120,8,ASGA,cert,-1.19385245478168,0.0007496496208068554,0.007643885742884428,92.43262266995751,0.010818691184070669,
main,4,0.008,120,8,SGA,emp,-1.0746720021703795,4.834456878641258e-07,0.007632038138142746,77.88838391798532,131.0265989110151,
main,4,0.008,120,8,ASGA,emp,-2.17536079878684,6.2090771899003805e-09,0.007632038138142746,77.88838391798532,131.0265989110151,
main,4,0.008,120,8,SGA,cert,-0.02991290781536629,0.009268174095326272,0.007632038138142746,77.88838391798532,0.012838884949172614,
main,4,0.008,120,8,ASGA,cert,-1.3811873486865802,0.0004266445093508431,0.007632038138142746,77.88838391798532,0.012838884949172614,
main,5,0.008,120,8,SGA,emp,-1.0557894059480475,5.04983400081982e-07,0.0077511531552395515,97.24847387815481,129.01306166606054,
main,5,0.008,120,8,ASGA,emp,-2.140001254638845,6.901737951980902e-09,0.0077511531552395515,97.24847387815481,129.01306166606054,
main,5,0.008,120,8,SGA,cert,-0.024398266371490396,0.010335690163539413,0.0077511531552395515,97.24847387815481,0.010282937717386973,
main,5,0.008,120,8,ASGA,cert,-1.1223948057467803,0.0008242340356967373,0.0077511531552395515,97.24847387815481,0.010282937717386973,
main,6,0.008,120,8,SGA,emp,-1.0896099352174167,4.3441305347391435e-07,0.007667715264042854,100.3839065190114,130.41694501743189,
main,6,0.008,120,8,ASGA,emp,-2.1941142058782535,5.3720149578717624e-09,0.007667715264042854,100.3839065190114,130.41694501743189,
main,6,0.008,120,8,SGA,cert,-0.022317241159285833,0.007612883108567302,0.007667715264042854,100.3839065190114,0.009961756168660492,
main,6,0.008,120,8,ASGA,cert,-1.0087480809995284,0.0007937221084551166,0.007667715264042854,100.3839065190114,0.009961756168660492,
main,7,0.008,120,8,SGA,emp,-1.035322445277373,5.575346960218219e-07,0.007584903022357088,83.92108394242696,131.8408418739729,
main,7,0.008,120,8,ASGA,emp,-2.095642973631005,8.261374868923088e-09,0.007584903022357088,83.92108394242696,131.8408418739729,
main,7,0.008,120,8,SGA,cert,-0.028580813884375476,0.012103258568726863,0.007584903022357088,83.92108394242696,0.01191595667050771,
main,7,0.008,120,8,ASGA,cert,-1.339413246303655,0.0005915240289253443,0.007584903022357088,83.92108394242696,0.01191595667050771,
main,8,0.008,120,8,SGA,emp,-1.0283485312884477,6.600704423945225e-07,0.007662252612235043,93.07994958068615,130.50992320498617,
main,8,0.008,120,8,ASGA,emp,-2.081302417056418,1.010743347351628e-08,0.007662252612235043,93.07994958068615,130.50992320498617,
main,8,0.008,120,8,SGA,cert,-0.024869166423357934,0.009274533900275939,0.007662252612235043,93.07994958068615,0.01074345231711962,
main,8,0.008,120,8,ASGA,cert,-1.1268902328335626,0.0007478558068828994,0.007662252612235043,93.07994958068615,0.01074345231711962,
main,9,0.008,120,8,SGA,emp,-1.023293796546493,6.15311200005686e-07,0.007672452558038189,100.25044051598762,130.33642012583462,
main,9,0.008,120,8,ASGA,emp,-2.0799256324039237,9.426661402855974e-09,0.007672452558038189,100.25044051598762,130.33642012583462,
main,9,0.008,120,8,SGA,cert,-0.024398764177307537,0.013362429423580985,0.007672452558038189,100.25044051598762,0.009975018512168265,
main,9,0.008,120,8,ASGA,cert,-1.1320003245555683,0.0010326272492579489,0.007672452558038189,100.25044051598762,0.009975018512168265,
main,10,0.008,120,8,SGA,emp,-1.0143978348472389,5.671968869441768e-07,0.0076999043801650735,79.47891017538011,129.87174263825878,
main,10,0.008,120,8,ASGA,emp,-2.08497109957166,8.565022684148271e-09,0.0076999043801650735,79.47891017538011,129.87174263825878,
main,10,0.008,120,8,SGA,cert,-0.03125300217320499,0.015310401020481375,0.0076999043801650735,79.47891017538011,0.012581954103212733,
main,10,0.008,120,8,ASGA,cert,-1.5034248908800092,0.0005016423789427626,0.0076999043801650735,79.47891017538011,0.012581954103212733,
main,11,0.008,120,8,SGA,emp,-1.037374828830397,5.955094703746777e-07,0.0076955908991704755,90.93532379682678,129.94453747636095,
main,11,0.008,120,8,ASGA,emp,-2.1055289586643764,8.699505456288836e-09,0.0076955908991704755,90.93532379682678,129.94453747636095,
main,11,0.008,120,8,SGA,cert,-0.026500273069347716,0.012455018111548699,0.0076955908991704755,90.93532379682678,0.010996826736266544,
main,11,0.008,120,8,ASGA,cert,-1.2344223728143267,0.0007686140437300343,0.0076955908991704755,90.93532379682678,0.010996826736266544,
main,12,0.008,120,8,SGA,emp,-1.0157448466055734,6.390925205226883e-07,0.007666443661717832,100.62115990476651,130.4385767541046,
main,12,0.008,120,8,ASGA,emp,-2.0695600032778647,9.967107243713524e-09,0.007666443661717832,100.62115990476651,130.4385767541046,
main,12,0.008,120,8,SGA,cert,-0.024207836325478925,0.013253068523045794,0.007666443661717832,100.62115990476651,0.009938267467264896,
main,12,0.008,120,8,ASGA,cert,-1.1213176723978293,0.0010506431442521766,0.007666443661717832,100.62115990476651,0.009938267467264896,
main,13,0.008,120,8,SGA,emp,-1.0022786370635102,6.828728086327729e-07,0.007704814759327135,94.71476062309618,129.78897367901556,
main,13,0.008,120,8,ASGA,emp,-2.04521113001779,1.1099864083430333e-08,0.007704814759327135,94.71476062309618,129.78897367901556,
main,13,0.008,120,8,SGA,cert,-0.0259107088465903,0.015089496947451417,0.007704814759327135,94.71476062309618,0.010558016442435585,
main,13,0.008,120,8,ASGA,cert,-1.2155054816491964,0.0009576849469025012,0.007704814759327135,94.71476062309618,0.010558016442435585,
main,14,0.008,120,8,SGA,emp,-1.0757558456236913,4.7637156307123174e-07,0.007682030449929059,95.85892075567233,130.17391775754217,
main,14,0.008,120,8,ASGA,emp,-2.1745843682317636,6.120036290246933e-09,0.007682030449929059,95.85892075567233,130.17391775754217,
main,14,0.008,120,8,SGA,cert,-0.02347270196062967,0.007692551502416052,0.007682030449929059,95.85892075567233,0.010431997273877364,
main,14,0.008,120,8,ASGA,cert,-1.0593056199106494,0.000719371437371441,0.007682030449929059,95.85892075567233,0.010431997273877364,
main,15,0.008,120,8,SGA,emp,-1.0277538731817573,5.462738330228034e-07,0.0077005792824403636,99.48887998327574,129.86036028228432,
main,15,0.008,120,8,ASGA,emp,-2.0939901785687915,8.126302179778389e-09,0.0077005792824403636,99.48887998327574,129.86036028228432,
main,15,0.008,120,8,SGA,cert,-0.024978983076040805,0.015548001184333193,0.0077005792824403636,99.48887998327574,0.010051374587472508,
main,15,0.008,120,8,ASGA,cert,-1.1748225721786738,0.0010726145496377237,0.0077005792824403636,99.48887998327574,0.010051374587472508,
main,16,0.008,120,8,SGA,emp,-1.036672619902286,6.479694871427966e-07,0.007711899984782273,97.5871201891436,129.66973145052174,
main,16,0.008,120,8,ASGA,emp,-2.095201920869939,9.728564495659064e-09,0.007711899984782273,97.5871201891436,129.66973145052174,
main,16,0.008,120,8,SGA,cert,-0.024380923746845567,0.010806809465702102,0.007711899984782273,97.5871201891436,0.010247253921027667,
main,16,0.008,120,8,ASGA,cert,-1.1161986868817162,0.0008826317292151345,0.007711899984782273,97.5871201891436,0.010247253921027667,
main,17,0.008,120,8,SGA,emp,-1.0693029293431295,5.220500284841556e-07,0.007673228702180655,99.73983885493925,130.32323664689025,
main,17,0.008,120,8,ASGA,emp,-2.155794032168807,6.98690687944703e-09,0.007673228702180655,99.73983885493925,130.32323664689025,
main,17,0.008,120,8,SGA,cert,-0.02250693486590744,0.007457048171670713,0.007673228702180655,99.73983885493925,0.010026083974873784,
main,17,0.008,120,8,ASGA,cert,-1.0098481354805233,0.0007821586846759876,0.007673228702180655,99.73983885493925,0.010026083974873784,
main,18,0.008,120,8,SGA,emp,-1.047680533013087,5.629604483137207e-07,0.007661277886876686,99.02790852126347,130.5265276583872,
main,18,0.008,120,8,ASGA,emp,-2.1175105153117064,8.048140626160105e-09,0.007661277886876686,99.02790852126347,130.5265276583872,
main,18,0.008,120,8,SGA,cert,-0.023976550347760067,0.010585195710399856,0.007661277886876686,99.02790852126347,0.01009816338578208,
main,18,0.008,120,8,ASGA,cert,-1.0984078479741861,0.000895370313253499,0.007661277886876686,99.02790852126347,0.01009816338578208,
main,19,0.008,120,8,SGA,emp,-1.0203712716983164,5.895521510701496e-07,0.0076683433220590055,80.87297384749183,130.40626351761892,
main,19,0.008,120,8,ASGA,emp,-2.079416826434084,9.011523527391319e-09,0.0076683433220590055,80.87297384749183,130.40626351761892,
main,19,0.008,120,8,SGA,cert,-0.030569481614832264,0.015355247794060452,0.0076683433220590055,80.87297384749183,0.012365070213515014,
main,19,0.008,120,8,ASGA,cert,-1.4636913577300672,0.000554523655691988,0.0076683433220590055,80.87297384749183,0.012365070213515014,
main,20,0.008,120,8,SGA,emp,-1.0253438255912044,6.356617039751655e-07,0.007653409304200147,96.96345112428517,130.6607239013345,
main,20,0.008,120,8,ASGA,emp,-2.078537771090646,9.765193140220951e-09,0.007653409304200147,96.96345112428517,130.6607239013345,
main,20,0.008,120,8,SGA,cert,-0.02442296113820739,0.010961325605433156,0.007653409304200147,96.96345112428517,0.010313164273806907,
main,20,0.008,120,8,ASGA,cert,-1.1208220023129785,0.0008815526893975467,0.007653409304200147,96.96345112428517,0.010313164273806907,
main,21,0.008,120,8,SGA,emp,-1.0566140633451322,5.238836725679485e-07,0.007688584693693973,87.28335435022812,130.0629491433164,
main,21,0.008,120,8,ASGA,emp,-2.1312552798048916,7.276619994056599e-09,0.007688584693693973,87.28335435022812,130.0629491433164,
main,21,0.008,120,8,SGA,cert,-0.02683525873366855,0.010085575869832511,0.007688584693693973,87.28335435022812,0.011456938238045458,
main,21,0.008,120,8,ASGA,cert,-1.2401321344947027,0.0006223020952340827,0.007688584693693973,87.28335435022812,0.011456938238045458,
main,22,0.008,120,8,SGA,emp,-1.0289796216635287,6.787812920558411e-07,0.007604487685625459,97.06976012614409,131.5012978310519,
main,22,0.008,120,8,ASGA,emp,-2.0830271200478605,1.0438304429150058e-08,0.007604487685625459,97.06976012614409,131.5012978310519,
main,22,0.008,120,8,SGA,cert,-0.02432494532095095,0.010208362292324968,0.007604487685625459,97.06976012614409,0.010301869487474576,
main,22,0.008,120,8,ASGA,cert,-1.1078605201428988,0.0008547049528265377,0.007604487685625459,97.06976012614409,0.010301869487474576,
main,23,0.008,120,8,SGA,emp,-1.015929356063994,6.204437679804831e-07,0.007556781230931751,96.05002103316251,132.33147413435177,
main,23,0.008,120,8,ASGA,emp,-2.0700172361172697,9.656446559036524e-09,0.007556781230931751,96.05002103316251,132.33147413435177,
main,23,0.008,120,8,SGA,cert,-0.024868817765069925,0.011372346837882762,0.007556781230931751,96.05002103316251,0.010411241863806955,
main,23,0.008,120,8,ASGA,cert,-1.143835636119078,0.0008656771825355514,0.007556781230931751,96.05002103316251,0.010411241863806955,
main,24,0.008,120,8,SGA,emp,-1.1198773567722853,4.0623208980711256e-07,0.007699940503267781,98.48844456849315,129.87113336468113,
main,24,0.008,120,8,ASGA,emp,-2.2645847659441802,4.431737990473472e-09,0.007699940503267781,98.48844456849315,129.87113336468113,
main,24,0.008,120,8,SGA,cert,-0.021776936804095717,0.00613856294881188,0.007699940503267781,98.48844456849315,0.010153475409031934,
main,24,0.008,120,8,ASGA,cert,-0.9745804536727402,0.000696973647447939,0.007699940503267781,98.48844456849315,0.010153475409031934,
main,25,0.008,120,8,SGA,emp,-0.9932108362452927,7.617541367410663e-07,0.007567395900321437,92.0545377762805,132.14585481876577,
main,25,0.008,120,8,ASGA,emp,-2.0253913512008404,1.2822399447776078e-08,0.007567395900321437,92.0545377762805,132.14585481876577,
main,25,0.008,120,8,SGA,cert,-0.02650741761721826,0.016861596737964002,0.007567395900321437,92.0545377762805,0.010863125535758954,
main,25,0.008,120,8,ASGA,cert,-1.252934236689429,0.0009793626451394533,0.007567395900321437,92.0545377762805,0.010863125535758954,
main,26,0.008,120,8,SGA,emp,-1.0451572697815275,6.080979299341593e-07,0.007712630402771713,88.45725247475005,129.65745119079304,
main,26,0.008,120,8,ASGA,emp,-2.1146438310822524,8.771735469925712e-09,0.007712630402771713,88.45725247475005,129.65745119079304,
main,26,0.008,120,8,SGA,cert,-0.026394934273846673,0.009645333783924653,0.007712630402771713,88.45725247475005,0.01130489555150323,
main,26,0.008,120,8,ASGA,cert,-1.2061476570619472,0.0006505651207750554,0.007712630402771713,88.45725247475005,0.01130489555150323,
main,27,0.008,120,8,SGA,emp,-1.0293545116804685,5.984695582647581e-07,0.007646561958729747,88.18519058255681,130.7777280034125,
main,27,0.008,120,8,ASGA,emp,-2.0876751357379417,9.034061193569087e-09,0.007646561958729747,88.18519058255681,130.7777280034125,
main,27,0.008,120,8,SGA,cert,-0.026987808672959693,0.011168560144960094,0.007646561958729747,88.18519058255681,0.011339772510485471,
main,27,0.008,120,8,ASGA,cert,-1.25034955779797,0.0006714889033081137,0.007646561958729747,88.18519058255681,0.011339772510485471,
main,28,0.008,120,8,SGA,emp,-1.0076308055483736,6.625949303881717e-07,0.007687913888209334,95.3960827488184,130.07429772771812,
main,28,0.008,120,8,ASGA,emp,-2.055850442024201,1.058284228999673e-08,0.007687913888209334,95.3960827488184,130.07429772771812,
main,28,0.008,120,8,SGA,cert,-0.02581911553913585,0.014842806892768158,0.007687913888209334,95.3960827488184,0.010482610723472147,
main,28,0.008,120,8,ASGA,cert,-1.2095012549368318,0.0009559864153552353,0.007687913888209334,95.3960827488184,0.010482610723472147,
main,29,0.008,120,8,SGA,emp,-1.0326002529236193,5.922297253713182e-07,0.007703744547987074,99.20168845928441,129.8070040836559,
main,29,0.008,120,8,ASGA,emp,-2.0940393991006268,8.836223842900726e-09,0.007703744547987074,99.20168845928441,129.8070040836559,
main,29,0.008,120,8,SGA,cert,-0.024346685336431775,0.012565232424680293,0.007703744547987074,99.20168845928441,0.010080473583979696,
main,29,0.008,120,8,ASGA,cert,-1.1277648158459306,0.000983104948340939,0.007703744547987074,99.20168845928441,0.010080473583979696,
main,30,0.008,120,8,SGA,emp,-1.0517002274585563,5.412247395253367e-07,0.007621628682568858,84.0350871647403,131.20555220527373,
main,30,0.008,120,8,ASGA,emp,-2.1333792405772227,7.503433818722982e-09,0.007621628682568858,84.0350871647403,131.20555220527373,
main,30,0.008,120,8,SGA,cert,-0.02800279680138292,0.010204213576767318,0.007621628682568858,84.0350871647403,0.011899791310260971,
main,30,0.008,120,8,ASGA,cert,-1.2941092058100354,0.0005610865754157174,0.007621628682568858,84.0350871647403,0.011899791310260971,
main,31,0.008,120,8,SGA,emp,-1.011265150645166,6.793661276316421e-07,0.007650956653892605,93.0868738764236,130.7026095215461,
main,31,0.008,120,8,ASGA,emp,-2.053347586703943,1.0874293937535029e-08,0.007650956653892605,93.0868738764236,130.7026095215461,
main,31,0.008,120,8,SGA,cert,-0.026032730907711035,0.013963150727773467,0.007650956653892605,93.0868738764236,0.010742653162115407,
main,31,0.008,120,8,ASGA,cert,-1.216770403471316,0.0008902779716842835,0.007650956653892605,93.0868738764236,0.010742653162115407,
main,32,0.008,120,8,SGA,emp,-1.0082356360569993,5.861863382611299e-07,0.007690334334279269,80.55545892486076,130.03335830830545,
main,32,0.008,120,8,ASGA,emp,-2.055866477219147,9.334095357749206e-09,0.007690334334279269,80.55545892486076,130.03335830830545,
main,32,0.008,120,8,SGA,cert,-0.03143500739185836,0.020709937792072794,0.007690334334279269,80.55545892486076,0.012413807994474516,
main,32,0.008,120,8,ASGA,cert,-1.5428632855281754,0.0005987255044753448,0.007690334334279269,80.55545892486076,0.012413807994474516,
main,33,0.008,120,8,SGA,emp,-1.0337176544088489,6.999237167001904e-07,0.007580192905584949,99.79201777724664,131.9227640319309,
main,33,0.008,120,8,ASGA,emp,-2.0889951123191164,1.0662617941359365e-08,0.007580192905584949,99.79201777724664,131.9227640319309,
main,33,0.008,120,8,SGA,cert,-0.022263005379168616,0.007189800935648118,0.007580192905584949,99.79201777724664,0.01002084156903387,
main,33,0.008,120,8,ASGA,cert,-0.9855330159022906,0.0008066535887481657,0.007580192905584949,99.79201777724664,0.01002084156903387,
main,34,0.008,120,8,SGA,emp,-1.0088368989537109,6.395423793742472e-07,0.007752369820458482,88.20653201127038,128.9928142180476,
main,34,0.008,120,8,ASGA,emp,-2.054648668631249,1.0217281284918833e-08,0.007752369820458482,88.20653201127038,128.9928142180476,
main,34,0.008,120,8,SGA,cert,-0.02808305739108701,0.016449480163390436,0.007752369820458482,88.20653201127038,0.011337028870744259,
main,34,0.008,120,8,ASGA,cert,-1.3377508685316932,0.0007827847988915587,0.007752369820458482,88.20653201127038,0.011337028870744259,
main,35,0.008,120,8,SGA,emp,-1.0156588907182926,6.286504007219085e-07,0.007710494448777676,100.75284058234479,129.69336877721602,
main,35,0.008,120,8,ASGA,emp,-2.0651973855768126,9.896247016305537e-09,0.007710494448777676,100.75284058234479,129.69336877721602,
main,35,0.008,120,8,SGA,cert,-0.02475134407602375,0.016803133443625315,0.007710494448777676,100.75284058234479,0.009925278475724017,
main,35,0.008,120,8,ASGA,cert,-1.1648989846071751,0.0011851051301614152,0.007710494448777676,100.75284058234479,0.009925278475724017,
main,36,0.008,120,8,SGA,emp,-1.070282252017663,4.801721279409921e-07,0.007482890713618963,90.73451430215432,133.63819388408098,
main,36,0.008,120,8,ASGA,emp,-2.160188541191907,6.341397941478366e-09,0.007482890713618963,90.73451430215432,133.63819388408098,
main,36,0.008,120,8,SGA,cert,-0.024856787317351196,0.0077854057839856425,0.007482890713618963,90.73451430215432,0.011021164412363607,
main,36,0.008,120,8,ASGA,cert,-1.1244537806625425,0.000631394760512688,0.007482890713618963,90.73451430215432,0.011021164412363607,
main,37,0.008,120,8,SGA,emp,-1.0410230879715532,6.340294577272809e-07,0.007652481714487636,92.9934172316341,130.67656184095227,
main,37,0.008,120,8,ASGA,emp,-2.1011887659409108,9.406756880381284e-09,0.007652481714487636,92.9934172316341,130.67656184095227,
main,37,0.008,120,8,SGA,cert,-0.025214593466036793,0.009694155919520817,0.007652481714487636,92.9934172316341,0.010753449327592021,
main,37,0.008,120,8,ASGA,cert,-1.1475353159934527,0.0007461589884066519,0.007652481714487636,92.9934172316341,0.010753449327592021,
main,38,0.008,120,8,SGA,emp,-1.0377321152815107,6.169696903438049e-07,0.00760051587500348,95.33673501404571,131.57001662068657,
main,38,0.008,120,8,ASGA,emp,-2.099396647311161,9.171234653659877e-09,0.00760051587500348,95.33673501404571,131.57001662068657,
main,38,0.008,120,8,SGA,cert,-0.025026283869204302,0.011034704318808687,0.00760051587500348,95.33673501404571,0.010489136216513735,
main,38,0.008,120,8,ASGA,cert,-1.1494041821846048,0.0008348206699542657,0.00760051587500348,95.33673501404571,0.010489136216513735,
main,39,0.008,120,8,SGA,emp,-1.0702373650933812,4.927551400663033e-07,0.007530190857281032,86.39241508487845,132.7987588831282,
main,39,0.008,120,8,ASGA,emp,-2.166032757787268,6.434743134164922e-09,0.007530190857281032,86.39241508487845,132.7987588831282,
main,39,0.008,120,8,SGA,cert,-0.026475603959394606,0.00843121984758518,0.007530190857281032,86.39241508487845,0.011575090232371955,
main,39,0.008,120,8,ASGA,cert,-1.2065735772025057,0.0005690561001086697,0.007530190857281032,86.39241508487845,0.011575090232371955,
main,40,0.008,120,8,SGA,emp,-1.0262892520790394,6.363038457177228e-07,0.007643655119631444,97.6185191543437,130.8274620386349,
main,40,0.008,120,8,ASGA,emp,-2.079475032218159,9.74777172868535e-09,0.007643655119631444,97.6185191543437,130.8274620386349,
main,40,0.008,120,8,SGA,cert,-0.023933231104544265,0.010235966323457184,0.007643655119631444,97.6185191543437,0.01024395789510912,
main,40,0.008,120,8,ASGA,cert,-1.0934032066328776,0.0008784348955377594,0.007643655119631444,97.6185191543437,0.01024395789510912,
main,41,0.008,120,8,SGA,emp,-1.0486795981748822,5.711429583235561e-07,0.007591471871922265,79.55992743581704,131.72676088000657,
main,41,0.008,120,8,ASGA,emp,-2.1235053102563084,8.070871554410886e-09,0.007591471871922265,79.55992743581704,131.72676088000657,
main,41,0.008,120,8,SGA,cert,-0.029552954468182555,0.010631740685583063,0.007591471871922265,79.55992743581704,0.012569141680109306,
main,41,0.008,120,8,ASGA,cert,-1.3728159249529095,0.0004936153609274713,0.007591471871922265,79.55992743581704,0.012569141680109306,
main,42,0.008,120,8,SGA,emp,-1.0139403433249126,6.437236555051351e-07,0.007694816798657558,91.5496812690105,129.9576099296426,
main,42,0.008,120,8,ASGA,emp,-2.0640820989368502,1.0132938967066796e-08,0.007694816798657558,91.5496812690105,129.9576099296426,
main,42,0.008,120,8,SGA,cert,-0.026469171967347778,0.012734750741681455,0.007694816798657558,91.5496812690105,0.010923030928546762,
main,42,0.008,120,8,ASGA,cert,-1.2313851262850581,0.0007906501488372866,0.007694816798657558,91.5496812690105,0.010923030928546762,
main,43,0.008,120,8,SGA,emp,-1.0390070656654915,6.040908807417034e-07,0.007571199785195377,100.67661084307085,132.07946274979912,
main,43,0.008,120,8,ASGA,emp,-2.1040414795876616,8.891815797551494e-09,0.007571199785195377,100.67661084307085,132.07946274979912,
main,43,0.008,120,8,SGA,cert,-0.023637974810579606,0.010777546665836905,0.007571199785195377,100.67661084307085,0.009932793641203764,
main,43,0.008,120,8,ASGA,cert,-1.0804274879247664,0.0009513242356386717,0.007571199785195377,100.67661084307085,0.009932793641203764,
main,44,0.008,120,8,SGA,emp,-1.0215676740296225,5.383080685927855e-07,0.0077059519024392726,99.50400684922518,129.76982112793308,
main,44,0.008,120,8,ASGA,emp,-2.088695946144093,8.064761407300391e-09,0.0077059519024392726,99.50400684922518,129.76982112793308,
main,44,0.008,120,8,SGA,cert,-0.024966570543761578,0.015377163431334877,0.0077059519024392726,99.50400684922518,0.010049846550554128,
main,44,0.008,120,8,ASGA,cert,-1.1738445451690056,0.001062030141662465,0.0077059519024392726,99.50400684922518,0.010049846550554128,
main,45,0.008,120,8,SGA,emp,-1.0664681085571774,5.19860394759819e-07,0.007705889627838909,76.05781881736178,129.7708698535365,
main,45,0.008,120,8,ASGA,emp,-2.16972369290065,6.775570438044554e-09,0.007705889627838909,76.05781881736178,129.7708698535365,
main,45,0.008,120,8,SGA,cert,-0.030190458678971445,0.008216471895760656,0.007705889627838909,76.05781881736178,0.013147892163477731,
main,45,0.008,120,8,ASGA,cert,-1.3760639595464865,0.0003899463836280759,0.007705889627838909,76.05781881736178,0.013147892163477731,
main,46,0.008,120,8,SGA,emp,-0.9961376958816133,7.617578069024633e-07,0.007690464732033809,96.77670503181557,130.031153492533,
main,46,0.008,120,8,ASGA,emp,-2.036690107475224,1.2606489643851582e-08,0.007690464732033809,96.77670503181557,130.031153492533,
main,46,0.008,120,8,SGA,cert,-0.02516116689043031,0.01481124651158254,0.007690464732033809,96.77670503181557,0.010333065169673297,
main,46,0.008,120,8,ASGA,cert,-1.1742578998051618,0.001037195295694751,0.007690464732033809,96.77670503181557,0.010333065169673297,
main,47,0.008,120,8,SGA,emp,-1.0286035358981882,6.049268173879963e-07,0.0076523422948640875,88.2500574361162,130.6789426645428,
main,47,0.008,120,8,ASGA,emp,-2.0855661780043477,9.157549260563336e-09,0.0076523422948640875,88.2500574361162,130.6789426645428,
main,47,0.008,120,8,SGA,cert,-0.027289900225536044,0.012238887850488891,0.0076523422948640875,88.2500574361162,0.011331437384320065,
main,47,0.008,120,8,ASGA,cert,-1.2715015705710404,0.0006970718184241206,0.0076523422948640875,88.2500574361162,0.011331437384320065,
main,48,0.008,120,8,SGA,emp,-1.060352583421667,6.128544082426024e-07,0.007657841124610306,94.47825043780617,130.58510665444084,
main,48,0.008,120,8,ASGA,emp,-2.1367783827712787,8.567763998268418e-09,0.007657841124610306,94.47825043780617,130.58510665444084,
main,48,0.008,120,8,SGA,cert,-0.022542573160251538,0.005896729931116472,0.007657841124610306,94.47825043780617,0.010584446635771344,
main,48,0.008,120,8,ASGA,cert,-0.9896536881875461,0.0006607253505864705,0.007657841124610306,94.47825043780617,0.010584446635771344,
main,49,0.008,120,8,SGA,emp,-1.050055955031439,5.362751445761593e-07,0.007691916183692414,92.68882392538548,130.0066168323693,
main,49,0.008,120,8,ASGA,emp,-2.1151988052683595,7.686314987265241e-09,0.007691916183692414,92.68882392538548,130.0066168323693,
main,49,0.008,120,8,SGA,cert,-0.026096146150815083,0.012861564824764603,0.007691916183692414,92.68882392538548,0.010788787230756108,
main,49,0.008,120,8,ASGA,cert,-1.2202950411791866,0.0008142888222262487,0.007691916183692414,92.68882392538548,0.010788787230756108,
main,0,0.008,240,2,SGA,emp,-1.0402529225845243,6.726159344425109e-07,0.003631738973685133,99.73448565557472,275.35018547472805,
main,0,0.008,240,2,ASGA,emp,-2.096917123577998,1.014176151392654e-08,0.003631738973685133,99.73448565557472,275.35018547472805,
main,0,0.008,240,2,SGA,cert,-0.010436608839014679,0.005256247650120317,0.003631738973685133,99.73448565557472,0.010026622119989892,
main,0,0.008,240,2,ASGA,cert,-0.4481322295571782,0.001945382783030726,0.003631738973685133,99.73448565557472,0.010026622119989892,
main,1,0.008,240,2,SGA,emp,-1.0572457309363583,6.230187567929368e-07,0.00386940891071327,90.54590806908827,258.43740557667354,
main,1,0.008,240,2,ASGA,emp,-2.1299869082997316,8.843763131538562e-09,0.00386940891071327,90.54590806908827,258.43740557667354,
main,1,0.008,240,2,SGA,cert,-0.012918322551968895,0.009202901035480791,0.00386940891071327,90.54590806908827,0.011044121389085643,
main,1,0.008,240,2,ASGA,cert,-0.5690399513066561,0.0025799231443508763,0.00386940891071327,90.54590806908827,0.011044121389085643,
main,2,0.008,240,2,SGA,emp,-1.0408037872183442,5.872126349198981e-07,0.0038378683594411495,94.11860624097717,260.5613080865584,
main,2,0.008,240,2,ASGA,emp,-2.1112476464981222,8.544342268435035e-09,0.0038378683594411495,94.11860624097717,260.5613080865584,
main,2,0.008,240,2,SGA,cert,-0.01221076052220125,0.008252118199868548,0.0038378683594411495,94.11860624097717,0.010624891718430717,
main,2,0.008,240,2,ASGA,cert,-0.5349129962671723,0.0025003021430000452,0.0038378683594411495,94.11860624097717,0.010624891718430717,
main,3,0.008,240,2,SGA,emp,-1.001433005152375,6.066926048556298e-07,0.003847716654068175,68.91984598982742,259.894397094626,
main,3,0.008,240,2,ASGA,emp,-2.0522352321522557,9.723618708823434e-09,0.003847716654068175,68.91984598982742,259.894397094626,
main,3,0.008,240,2,SGA,cert,-0.018182799856862008,0.018023763887075092,0.003847716654068175,68.91984598982742,0.01450960874386748,
main,3,0.008,240,2,ASGA,cert,-0.8330023063975249,0.0027310026748329566,0.003847716654068175,68.91984598982742,0.01450960874386748,
main,4,0.008,240,2,SGA,emp,-1.0281086209430819,6.128940296876162e-07,0.0038193205863202183,94.86944972067263,261.8266724143901,
main,4,0.008,240,2,ASGA,emp,-2.086664284740463,9.346024960887878e-09,0.0038193205863202183,94.86944972067263,261.8266724143901,
main,4,0.008,240,2,SGA,cert,-0.013175838089641274,0.01654093858172475,0.0038193205863202183,94.86944972067263,0.0105408011002945,
main,4,0.008,240,2,ASGA,cert,-0.5893768779602311,0.004395047054606985,0.0038193205863202183,94.86944972067263,0.0105408011002945,
main,5,0.008,240,2,SGA,emp,-1.0078298941245727,6.798787870396228e-07,0.0037425986737769546,82.24805068497538,267.19402403646455,
main,5,0.008,240,2,ASGA,emp,-2.052502319924822,1.0950424879363485e-08,0.0037425986737769546,82.24805068497538,267.19402403646455,
main,5,0.008,240,2,SGA,cert,-0.014398492746260143,0.01094108500219107,0.0037425986737769546,82.24805068497538,0.012158342862497463,
main,5,0.008,240,2,ASGA,cert,-0.6387386822626879,0.0026156215255174337,0.0037425986737769546,82.24805068497538,0.012158342862497463,
main,6,0.008,240,2,SGA,emp,-1.0778037028004706,5.462776166142991e-07,0.0037659918509638846,78.01595843671636,265.53429735756214,
main,6,0.008,240,2,ASGA,emp,-2.175882620064051,7.080684080729149e-09,0.0037659918509638846,78.01595843671636,265.53429735756214,
main,6,0.008,240,2,SGA,cert,-0.013065183100569568,0.005277584350872472,0.0037659918509638846,78.01595843671636,0.012817890339848387,
main,6,0.008,240,2,ASGA,cert,-0.5671404683912641,0.001495372428202163,0.0037659918509638846,78.01595843671636,0.012817890339848387,
main,7,0.008,240,2,SGA,emp,-0.9921342230880361,7.802229717718268e-07,0.0038062682234219153,85.63212605657108,262.7245221044824,
main,7,0.008,240,2,ASGA,emp,-2.033881006604551,1.2977748278797385e-08,0.0038062682234219153,85.63212605657108,262.7245221044824,
main,7,0.008,240,2,SGA,cert,-0.01409262824669222,0.014276815125479,0.0038062682234219153,85.63212605657108,0.011677860238333577,
main,7,0.008,240,2,ASGA,cert,-0.6294534829721988,0.0034721599839900724,0.0038062682234219153,85.63212605657108,0.011677860238333577,
main,8,0.008,240,2,SGA,emp,-1.0363399634121542,6.057156465913427e-07,0.003778950184959701,80.4866894763871,264.62375820142336,
main,8,0.008,240,2,ASGA,emp,-2.0973455622259327,9.009710359719758e-09,0.003778950184959701,80.4866894763871,264.62375820142336,
main,8,0.008,240,2,SGA,cert,-0.014974240982585261,0.012512519481220334,0.003778950184959701,80.4866894763871,0.012424414602036483,
main,8,0.008,240,2,ASGA,cert,-0.6701801543237015,0.002776561666471368,0.003778950184959701,80.4866894763871,0.012424414602036483,
main,9,0.008,240,2,SGA,emp,-1.0243352522515945,5.368337666344924e-07,0.0038338152031144107,68.1776566583991,260.83677668857047,
main,9,0.008,240,2,ASGA,emp,-2.09092949545661,8.017221303502353e-09,0.0038338152031144107,68.1776566583991,260.83677668857047,
main,9,0.008,240,2,SGA,cert,-0.017819678424573278,0.01274363962564052,0.0038338152031144107,68.1776566583991,0.014667561911235118,
main,9,0.008,240,2,ASGA,cert,-0.8073961186204602,0.0020631949515625345,0.0038338152031144107,68.1776566583991,0.014667561911235118,
main,10,0.008,240,2,SGA,emp,-0.9770412435846322,6.20376855359206e-07,0.0036976620269270582,90.23109015444106,270.44115787700855,
main,10,0.008,240,2,ASGA,emp,-2.0185550494909696,1.055871366728578e-08,0.0036976620269270582,90.23109015444106,270.44115787700855,
main,10,0.008,240,2,SGA,cert,-0.014193878855809354,0.02724307735601944,0.0036976620269270582,90.23109015444106,0.011082654529479617,
main,10,0.008,240,2,ASGA,cert,-0.6432118624843561,0.0063679011606563585,0.0036976620269270582,90.23109015444106,0.011082654529479617,
main,11,0.008,240,2,SGA,emp,-1.0679705622594113,6.496646433387654e-07,0.0038117067299604365,98.73848827269327,262.34966928066353,
main,11,0.008,240,2,ASGA,emp,-2.1428398556887056,9.107649814876773e-09,0.0038117067299604365,98.73848827269327,262.34966928066353,
main,11,0.008,240,2,SGA,cert,-0.008763989360446884,0.003165606552900893,0.0038117067299604365,98.73848827269327,0.01012776291691065,
main,11,0.008,240,2,ASGA,cert,-0.37343434833008726,0.0013850460686017918,0.0038117067299604365,98.73848827269327,0.01012776291691065,
main,12,0.008,240,2,SGA,emp,-1.001183221491046,7.650677721210419e-07,0.0037021437179503565,88.40403393887956,270.1137708812766,
main,12,0.008,240,2,ASGA,emp,-2.0419425966151374,1.2565184337454127e-08,0.0037021437179503565,88.40403393887956,270.1137708812766,
main,12,0.008,240,2,SGA,cert,-0.013482150180338687,0.013119787835272102,0.0037021437179503565,88.40403393887956,0.011311701010062234,
main,12,0.008,240,2,ASGA,cert,-0.5998226615394315,0.0034170039351625187,0.0037021437179503565,88.40403393887956,0.011311701010062234,
main,13,0.008,240,2,SGA,emp,-0.9949565050614022,7.363474896077138e-07,0.003847749129390389,83.57379535297132,259.89220356432986,
main,13,0.008,240,2,ASGA,emp,-2.037729657612653,1.2168068511120289e-08,0.003847749129390389,83.57379535297132,259.89220356432986,
main,13,0.008,240,2,SGA,cert,-0.014526471969167166,0.013851880327188003,0.003847749129390389,83.57379535297132,0.011965473098074955,
main,13,0.008,240,2,ASGA,cert,-0.6492288603970857,0.0032213149258863705,0.003847749129390389,83.57379535297132,0.011965473098074955,
main,14,0.008,240,2,SGA,emp,-1.034823002551358,5.092744049181586e-07,0.0038559477032416344,64.70270464154386,259.33961686236455,
main,14,0.008,240,2,ASGA,emp,-2.112267771584771,7.30887424887916e-09,0.0038559477032416344,64.70270464154386,259.33961686236455,
main,14,0.008,240,2,SGA,cert,-0.0187475313025413,0.012385638188472749,0.0038559477032416344,64.70270464154386,0.015455304465865047,
main,14,0.008,240,2,ASGA,cert,-0.852296569324235,0.0018094412585599948,0.0038559477032416344,64.70270464154386,0.015455304465865047,
main,15,0.008,240,2,SGA,emp,-1.046871093655189,6.0804613728066e-07,0.0037584874042549342,97.51797596284224,266.0644808515024,
main,15,0.008,240,2,ASGA,emp,-2.1136876984805433,8.804883454283097e-09,0.0037584874042549342,97.51797596284224,266.0644808515024,
main,15,0.008,240,2,SGA,cert,-0.011303035659031777,0.007082174865564769,0.0037584874042549342,97.51797596284224,0.010254519642419926,
main,15,0.008,240,2,ASGA,cert,-0.4914606380709137,0.002370473259686201,0.0037584874042549342,97.51797596284224,0.010254519642419926,
main,16,0.008,240,2,SGA,emp,-1.071242096738332,6.253088916177707e-07,0.0037595670025656193,93.95394535036422,265.9880777008565,
main,16,0.008,240,2,ASGA,emp,-2.1505020600644653,8.618192111342626e-09,0.0037595670025656193,93.95394535036422,265.9880777008565,
main,16,0.008,240,2,SGA,cert,-0.009160875594685924,0.003265917753488265,0.0037595670025656193,93.95394535036422,0.010643512587692769,
main,16,0.008,240,2,ASGA,cert,-0.3918447887207319,0.0013704803810639862,0.0037595670025656193,93.95394535036422,0.010643512587692769,
main,17,0.008,240,2,SGA,emp,-0.9946390969332558,6.799999382745003e-07,0.003778660348423584,78.05955443024234,264.6440557742082,
main,17,0.008,240,2,ASGA,emp,-2.045198610364461,1.1075587356967898e-08,0.003778660348423584,78.05955443024234,264.6440557742082,
main,17,0.008,240,2,SGA,cert,-0.01562570836209353,0.014035759839692928,0.003778660348423584,78.05955443024234,0.012810731592039083,
main,17,0.008,240,2,ASGA,cert,-0.7018062213687228,0.002893710848639784,0.003778660348423584,78.05955443024234,0.012810731592039083,
main,18,0.008,240,2,SGA,emp,-1.067403201432394,5.825810654030983e-07,0.0036608877413254197,94.77600753722263,273.15778867285104,
main,18,0.008,240,2,ASGA,emp,-2.1519555540295534,7.924408629289559e-09,0.0036608877413254197,94.77600753722263,273.15778867285104,
main,18,0.008,240,2,SGA,cert,-0.010464223219588327,0.004763673390818894,0.0036608877413254197,94.77600753722263,0.01055119355610392,
main,18,0.008,240,2,ASGA,cert,-0.4502651656799398,0.0017534948601156952,0.0036608877413254197,94.77600753722263,0.01055119355610392,
main,19,0.008,240,2,SGA,emp,-1.0135202390652152,7.665925387256856e-07,0.0037363037225162246,96.40652203085403,267.644194441063,
main,19,0.008,240,2,ASGA,emp,-2.0600850434351323,1.2235470941979187e-08,0.0037363037225162246,96.40652203085403,267.644194441063,
main,19,0.008,240,2,SGA,cert,-0.011967518628649275,0.01049606543057767,0.0037363037225162246,96.40652203085403,0.010372742205967756,
main,19,0.008,240,2,ASGA,cert,-0.527123008195013,0.0032298819976583973,0.0037363037225162246,96.40652203085403,0.010372742205967756,
main,20,0.008,240,2,SGA,emp,-1.0629803760716803,5.913439525828679e-07,0.0037563989516223584,92.06326002307762,266.2124052526711,
main,20,0.008,240,2,ASGA,emp,-2.1420236190107107,8.164291194490136e-09,0.0037563989516223584,92.06326002307762,266.2124052526711,
main,20,0.008,240,2,SGA,cert,-0.011279964482048741,0.005554425211357156,0.0037563989516223584,92.06326002307762,0.010862096342768317,
main,20,0.008,240,2,ASGA,cert,-0.4878496666103706,0.0018780410459038055,0.0037563989516223584,92.06326002307762,0.010862096342768317,
main,21,0.008,240,2,SGA,emp,-1.0463453435713819,5.938151911577538e-07,0.0037316501415286018,94.31713122075462,267.9779620472053,
main,21,0.008,240,2,ASGA,emp,-2.121569620763186,8.530632859826692e-09,0.0037316501415286018,94.31713122075462,267.9779620472053,
main,21,0.008,240,2,SGA,cert,-0.01196408554882157,0.007365662820186164,0.0037316501415286018,94.31713122075462,0.010602527738671812,
main,21,0.008,240,2,ASGA,cert,-0.5217051783577183,0.002303016314167544,0.0037316501415286018,94.31713122075462,0.010602527738671812,
main,22,0.008,240,2,SGA,emp,-1.040844925972685,6.300321063260061e-07,0.0038274142100312787,94.36199104354941,261.2730018556909,
main,22,0.008,240,2,ASGA,emp,-2.1093798234233914,9.245949457448166e-09,0.0038274142100312787,94.36199104354941,261.2730018556909,
main,22,0.008,240,2,SGA,cert,-0.01207114136058735,0.007811349599980193,0.0038274142100312787,94.36199104354941,0.010597487282124915,
main,22,0.008,240,2,ASGA,cert,-0.5271702439864913,0.0024113589048949877,0.0038274142100312787,94.36199104354941,0.010597487282124915,
main,23,0.008,240,2,SGA,emp,-1.055837750587789,6.309510992702494e-07,0.003680460705230661,92.6197808609939,271.7051152261462,
main,23,0.008,240,2,ASGA,emp,-2.125661618139737,9.033953515813486e-09,0.003680460705230661,92.6197808609939,271.7051152261462,
main,23,0.008,240,2,SGA,cert,-0.010774019729748587,0.004656756345883799,0.003680460705230661,92.6197808609939,0.010796829691281878,
main,23,0.008,240,2,ASGA,cert,-0.4619798075433036,0.001672351647585557,0.003680460705230661,92.6197808609939,0.010796829691281878,
main,24,0.008,240,2,SGA,emp,-1.083902406114545,4.899455425255717e-07,0.0038087842597457197,71.90101449048827,262.5509694966975,
main,24,0.008,240,2,ASGA,emp,-2.191111444971034,6.1311630009108775e-09,0.0038087842597457197,71.90101449048827,262.5509694966975,
main,24,0.008,240,2,SGA,cert,-0.014974721922620393,0.006425788608343603,0.0038087842597457197,71.90101449048827,0.01390800960301178,
main,24,0.008,240,2,ASGA,cert,-0.6576778204060691,0.0014816558384328701,0.0038087842597457197,71.90101449048827,0.01390800960301178,
main,25,0.008,240,2,SGA,emp,-0.976306690709707,7.963130673194208e-07,0.003717285090006881,86.11425957573032,269.01353428293254,
main,25,0.008,240,2,ASGA,emp,-2.0017060567358422,1.397571058880942e-08,0.003717285090006881,86.11425957573032,269.01353428293254,
main,25,0.008,240,2,SGA,cert,-0.014464764995639402,0.023947370895747763,0.003717285090006881,86.11425957573032,0.011612478640898994,
main,25,0.008,240,2,ASGA,cert,-0.6552257528100486,0.005455771731570178,0.003717285090006881,86.11425957573032,0.011612478640898994,
main,26,0.008,240,2,SGA,emp,-1.052195107444827,5.66645015916134e-07,0.0036526790971888523,95.86541957942744,273.7716545561346,
main,26,0.008,240,2,ASGA,emp,-2.132370576201465,7.996276731037089e-09,0.0036526790971888523,95.86541957942744,273.7716545561346,
main,26,0.008,240,2,SGA,cert,-0.011611610387883855,0.006820062416381417,0.0036526790971888523,95.86541957942744,0.01043129007714267,
main,26,0.008,240,2,ASGA,cert,-0.5050253637778837,0.002215200976634149,0.0036526790971888523,95.86541957942744,0.01043129007714267,
main,27,0.008,240,2,SGA,emp,-1.0474459517198482,6.392945940195127e-07,0.0037187364997241018,92.07439787144902,268.90853925095024,
main,27,0.008,240,2,ASGA,emp,-2.11285224594216,9.322223375185512e-09,0.0037187364997241018,92.07439787144902,268.90853925095024,
main,27,0.008,240,2,SGA,cert,-0.011503448682392734,0.005779216684544959,0.0037187364997241018,92.07439787144902,0.010860782401163938,
main,27,0.008,240,2,ASGA,cert,-0.4966942855526714,0.0019173802113991445,0.0037187364997241018,92.07439787144902,0.010860782401163938,
main,28,0.008,240,2,SGA,emp,-0.9961276649009011,8.093222558236413e-07,0.0038394243128767494,98.51210641776643,260.455713802243,
main,28,0.008,240,2,ASGA,emp,-2.032915352526715,1.3525686973214768e-08,0.0038394243128767494,98.51210641776643,260.455713802243,
main,28,0.008,240,2,SGA,cert,-0.01212018320769978,0.012713172846817306,0.0038394243128767494,98.51210641776643,0.010151036622435395,
main,28,0.008,240,2,ASGA,cert,-0.5358061874348822,0.0038294026033517115,0.0038394243128767494,98.51210641776643,0.010151036622435395,
main,29,0.008,240,2,SGA,emp,-0.9897110051314161,7.185882312382708e-07,0.0037921620473868765,83.32724477702801,263.7018111314851,
main,29,0.008,240,2,ASGA,emp,-2.025783133539032,1.209495040233044e-08,0.0037921620473868765,83.32724477702801,263.7018111314851,
main,29,0.008,240,2,SGA,cert,-0.01501142947375022,0.0209409171661357,0.0037921620473868765,83.32724477702801,0.012000876816170502,
main,29,0.008,240,2,ASGA,cert,-0.6796230624529772,0.004515599503844295,0.0037921620473868765,83.32724477702801,0.012000876816170502,
main,30,0.008,240,2,SGA,emp,-1.0614150811754854,5.647671735969917e-07,0.0036878509070128974,94.08090288328471,271.16063669992144,
main,30,0.008,240,2,ASGA,emp,-2.1415391382325906,7.774359177259438e-09,0.0036878509070128974,94.08090288328471,271.16063669992144,
main,30,0.008,240,2,SGA,cert,-0.011337266331418554,0.006227848678853926,0.0036878509070128974,94.08090288328471,0.010629149693010327,
main,30,0.008,240,2,ASGA,cert,-0.4923012022317638,0.0020818709975310504,0.0036878509070128974,94.08090288328471,0.010629149693010327,
main,31,0.008,240,2,SGA,emp,-0.9868674997249262,6.671529295676493e-07,0.0038266402026209383,73.46645500664168,261.32584906077165,
main,31,0.008,240,2,ASGA,emp,-2.031714023327298,1.1091784310468533e-08,0.0038266402026209383,73.46645500664168,261.32584906077165,
main,31,0.008,240,2,SGA,cert,-0.017175734585390588,0.020914110561040263,0.0038266402026209383,73.46645500664168,0.013611654460659572,
main,31,0.008,240,2,ASGA,cert,-0.785574799652557,0.003528733686029961,0.0038266402026209383,73.46645500664168,0.013611654460659572,
main,32,0.008,240,2,SGA,emp,-1.0043893684568355,6.746309113916937e-07,0.0037538199822692592,80.27555603878504,266.39529991405715,
main,32,0.008,240,2,ASGA,emp,-2.0562126816339297,1.0792390474356761e-08,0.0037538199822692592,80.27555603878504,266.39529991405715,
main,32,0.008,240,2,SGA,cert,-0.014956691083719028,0.012301202022870925,0.0037538199822692592,80.27555603878504,0.012457092162860275,
main,32,0.008,240,2,ASGA,cert,-0.6674900672618672,0.0027490392360887614,0.0037538199822692592,80.27555603878504,0.012457092162860275,
main,33,0.008,240,2,SGA,emp,-1.1541222438170253,3.491387847096017e-07,0.0038590854255541414,83.97280280582031,259.1287545432882,
main,33,0.008,240,2,ASGA,emp,-2.3664471779507132,3.134462141229921e-09,0.0038590854255541414,83.97280280582031,259.1287545432882,
main,33,0.008,240,2,SGA,cert,-0.012160261442476014,0.005336667325176923,0.0038590854255541414,83.97280280582031,0.011908617630787098,
main,33,0.008,240,2,ASGA,cert,-0.5330634990813451,0.0016237556842064495,0.0038590854255541414,83.97280280582031,0.011908617630787098,
main,34,0.008,240,2,SGA,emp,-0.9859739895653173,7.472643207689922e-07,0.0038240918717294867,84.97535996763875,261.49999360442644,
main,34,0.008,240,2,ASGA,emp,-2.0238358763000486,1.2606609700593907e-08,0.0038240918717294867,84.97535996763875,261.49999360442644,
main,34,0.008,240,2,SGA,cert,-0.014612601316057988,0.01970972048962119,0.0038240918717294867,84.97535996763875,0.011768117256353265,
main,34,0.008,240,2,ASGA,cert,-0.6595991296891263,0.004453608603476614,0.0038240918717294867,84.97535996763875,0.011768117256353265,
main,35,0.008,240,2,SGA,emp,-1.1130700150100648,3.5024135399547296e-07,0.0038734891922690452,57.80083815771601,258.1651710803436,
main,35,0.008,240,2,ASGA,emp,-2.253347067669635,3.85599235180889e-09,0.0038734891922690452,57.80083815771601,258.1651710803436,
main,35,0.008,240,2,SGA,cert,-0.019647581932929894,0.007786971219594423,0.0038734891922690452,57.80083815771601,0.01730078718359393,
main,35,0.008,240,2,ASGA,cert,-0.8858853282768797,0.0010638558913477272,0.0038734891922690452,57.80083815771601,0.01730078718359393,
main,36,0.008,240,2,SGA,emp,-1.0393268715439994,5.379672605096419e-07,0.00384263974790791,76.36422983421588,260.2377702839411,
main,36,0.008,240,2,ASGA,emp,-2.128624667798343,7.533870770293216e-09,0.00384263974790791,76.36422983421588,260.2377702839411,
main,36,0.008,240,2,SGA,cert,-0.015871503192617667,0.01198915736048596,0.00384263974790791,76.36422983421588,0.013095136324571932,
main,36,0.008,240,2,ASGA,cert,-0.7122284295224295,0.002416199227481798,0.00384263974790791,76.36422983421588,0.013095136324571932,
main,37,0.008,240,2,SGA,emp,-1.0463801253762453,6.681191771010231e-07,0.0038365290615945914,95.73153782202992,260.65226769958736,
main,37,0.008,240,2,ASGA,emp,-2.1073517642906805,9.855518373624861e-09,0.0038365290615945914,95.73153782202992,260.65226769958736,
main,37,0.008,240,2,SGA,cert,-0.011042041438368023,0.005646759142519983,0.0038365290615945914,95.73153782202992,0.010445878367263397,
main,37,0.008,240,2,ASGA,cert,-0.476105288685503,0.001961717869437156,0.0038365290615945914,95.73153782202992,0.010445878367263397,
main,38,0.008,240,2,SGA,emp,-1.1399848243827009,3.871279921907611e-07,0.0038286140561869003,67.01158401528048,261.1911217282496,
main,38,0.008,240,2,ASGA,emp,-2.342322673982116,3.64224347904063e-09,0.0038286140561869003,67.01158401528048,261.1911217282496,
main,38,0.008,240,2,SGA,cert,-0.01499392312622854,0.0051870091278601,0.0038286140561869003,67.01158401528048,0.014922793046825644,
main,38,0.008,240,2,ASGA,cert,-0.6610892309603675,0.0011851437114448436,0.0038286140561869003,67.01158401528048,0.014922793046825644,
main,39,0.008,240,2,SGA,emp,-1.0860633253752225,5.564563270582523e-07,0.003689949560896179,91.13392946135554,271.0064144500473,
main,39,0.008,240,2,ASGA,emp,-2.1886108915567295,7.10952340748916e-09,0.003689949560896179,91.13392946135554,271.0064144500473,
main,39,0.008,240,2,SGA,cert,-0.009674604109383844,0.003637472046232045,0.003689949560896179,91.13392946135554,0.010972861654385707,
main,39,0.008,240,2,ASGA,cert,-0.4170004254407085,0.001440725940369321,0.003689949560896179,91.13392946135554,0.010972861654385707,
main,40,0.008,240,2,SGA,emp,-1.0439335294380512,5.709146004978516e-07,0.0036661739046552275,96.44430909716357,272.7639293734053,
main,40,0.008,240,2,ASGA,emp,-2.1200127026115907,8.195191761317666e-09,0.0036661739046552275,96.44430909716357,272.7639293734053,
main,40,0.008,240,2,SGA,cert,-0.01171833687538212,0.007377752455723231,0.0036661739046552275,96.44430909716357,0.01036867814556629,
main,40,0.008,240,2,ASGA,cert,-0.5109930009324535,0.0023619969313391706,0.0036661739046552275,96.44430909716357,0.01036867814556629,
main,41,0.008,240,2,SGA,emp,-0.9919456504382108,8.017779437180517e-07,0.0038329080226658053,91.77827187901582,260.89851206617146,
main,41,0.008,240,2,ASGA,emp,-2.0318131300725955,1.3363564602131284e-08,0.0038329080226658053,91.77827187901582,260.89851206617146,
main,41,0.008,240,2,SGA,cert,-0.013178908447419481,0.0156575145678627,0.0038329080226658053,91.77827187901582,0.01089582511771656,
main,41,0.008,240,2,ASGA,cert,-0.5884004629442668,0.0041751954579844625,0.0038329080226658053,91.77827187901582,0.01089582511771656,
main,42,0.008,240,2,SGA,emp,-1.1274838034725632,4.05447317823604e-07,0.0038548095720303734,64.85823785724665,259.41618679578204,
main,42,0.008,240,2,ASGA,emp,-2.307162667121828,4.075441727147133e-09,0.0038548095720303734,64.85823785724665,259.41618679578204,
main,42,0.008,240,2,SGA,cert,-0.01596272824768041,0.005638301729108154,0.0038548095720303734,64.85823785724665,0.015418241892433243,
main,42,0.008,240,2,ASGA,cert,-0.7047840782511522,0.0011683740826358563,0.0038548095720303734,64.85823785724665,0.015418241892433243,
main,43,0.008,240,2,SGA,emp,-1.0386105418091582,6.372448754718429e-07,0.0036289834921081924,99.45941365704955,275.5592584465211,
main,43,0.008,240,2,ASGA,emp,-2.100075048501764,9.542204276735688e-09,0.0036289834921081924,99.45941365704955,275.5592584465211,
main,43,0.008,240,2,SGA,cert,-0.011739312646549224,0.008923570063621891,0.0036289834921081924,99.45941365704955,0.010054352456250594,
main,43,0.008,240,2,ASGA,cert,-0.5143678445792997,0.0028310000236009478,0.0036289834921081924,99.45941365704955,0.010054352456250594,
main,44,0.008,240,2,SGA,emp,-0.9930389698221057,6.952510492180819e-07,0.003847133018445708,76.28197845187783,259.93382480026986,
main,44,0.008,240,2,ASGA,emp,-2.0436648842061214,1.1335918231880626e-08,0.003847133018445708,76.28197845187783,259.93382480026986,
main,44,0.008,240,2,SGA,cert,-0.016099389342809033,0.015384007833340402,0.003847133018445708,76.28197845187783,0.013109256213521596,
main,44,0.008,240,2,ASGA,cert,-0.726734419711225,0.002990282062676,0.003847133018445708,76.28197845187783,0.013109256213521596,
main,45,0.008,240,2,SGA,emp,-1.1449308838092125,3.6792255819068087e-07,0.003850663635555557,62.72419329005087,259.6954952820034,
main,45,0.008,240,2,ASGA,emp,-2.3533490113029782,3.3812350558326543e-09,0.003850663635555557,62.72419329005087,259.6954952820034,
main,45,0.008,240,2,SGA,cert,-0.01633601907955395,0.005446154118613149,0.003850663635555557,62.72419329005087,0.015942811657629036,
main,45,0.008,240,2,ASGA,cert,-0.7233661131331461,0.001081296620793367,0.003850663635555557,62.72419329005087,0.015942811657629036,
main,46,0.008,240,2,SGA,emp,-0.9864854409168281,7.890248555769697e-07,0.0037986509906805166,82.95180898808105,263.251349611577,
main,46,0.008,240,2,ASGA,emp,-2.0273796777514588,1.3261640827155752e-08,0.0037986509906805166,82.95180898808105,263.251349611577,
main,46,0.008,240,2,SGA,cert,-0.014733131373392916,0.016179495050557935,0.0037986509906805166,82.95180898808105,0.012055192191693917,
main,46,0.008,240,2,ASGA,cert,-0.6616967046061035,0.0036498027678047995,0.0037986509906805166,82.95180898808105,0.012055192191693917,
main,47,0.008,240,2,SGA,emp,-1.03033964487021,6.409811834570678e-07,0.003691437882404139,93.3093204517688,270.89714952719874,
main,47,0.008,240,2,ASGA,emp,-2.0860646567596506,9.755643300135564e-09,0.003691437882404139,93.3093204517688,270.89714952719874,
main,47,0.008,240,2,SGA,cert,-0.012130478103828474,0.00793551146867811,0.003691437882404139,93.3093204517688,0.01071704300447559,
main,47,0.008,240,2,ASGA,cert,-0.5296041439704304,0.0024365773140058514,0.003691437882404139,93.3093204517688,0.01071704300447559,
main,48,0.008,240,2,SGA,emp,-1.117767523706263,4.1951614892371536e-07,0.0038291974598654924,71.60570190862954,261.15132752520077,
main,48,0.008,240,2,ASGA,emp,-2.274334895231657,4.486988676444259e-09,0.0038291974598654924,71.60570190862954,261.15132752520077,
main,48,0.008,240,2,SGA,cert,-0.014508971575265674,0.005704160736941705,0.0038291974598654924,71.60570190862954,0.01396536830650752,
main,48,0.008,240,2,ASGA,cert,-0.6377333858197063,0.0013742430282380619,0.0038291974598654924,71.60570190862954,0.01396536830650752,
main,49,0.008,240,2,SGA,emp,-1.077531944917633,5.458322428208984e-07,0.0038200201850152734,76.89998193205129,261.7787214640076,
main,49,0.008,240,2,ASGA,emp,-2.175273900290752,7.0719108763439564e-09,0.0038200201850152734,76.89998193205129,261.7787214640076,
main,49,0.008,240,2,SGA,cert,-0.013451224143030727,0.005537703474438799,0.0038200201850152734,76.89998193205129,0.01300390422566807,
main,49,0.008,240,2,ASGA,cert,-0.5850995679635941,0.0015065642316534275,0.0038200201850152734,76.89998193205129,0.01300390422566807,
main,0,0.008,240,4,SGA,emp,-1.0327493111547743,5.018790251443139e-07,0.003844045931020603,68.53684690101252,260.14257320138154,
main,0,0.008,240,4,ASGA,emp,-2.1051887015830495,7.290600699538796e-09,0.003844045931020603,68.53684690101252,260.14257320138154,
main,0,0.008,240,4,SGA,cert,-0.01784198399669866,0.01385263114626141,0.003844045931020603,68.53684690101252,0.014590691652977496,
main,0,0.008,240,4,ASGA,cert,-0.812185196916835,0.0022115875983220734,0.003844045931020603,68.53684690101252,0.014590691652977496,
main,1,0.008,240,4,SGA,emp,-1.0090558450166551,6.602642236980261e-07,0.0037949227549584756,80.83582109228179,263.50997492462585,
main,1,0.008,240,4,ASGA,emp,-2.061339195556478,1.0446128864693982e-08,0.0037949227549584756,80.83582109228179,263.50997492462585,
main,1,0.008,240,4,SGA,cert,-0.015249863968937735,0.016277353010484497,0.0037949227549584756,80.83582109228179,0.012370753293374786,
main,1,0.008,240,4,ASGA,cert,-0.6875783804443121,0.0034569641839745854,0.0037949227549584756,80.83582109228179,0.012370753293374786,
main,2,0.008,240,4,SGA,emp,-1.0158987325187547,6.57860137392996e-07,0.0037441740777676997,96.76897503847628,267.08159910027643,
main,2,0.008,240,4,ASGA,emp,-2.0638818790108657,1.0378365007668311e-08,0.0037441740777676997,96.76897503847628,267.08159910027643,
main,2,0.008,240,4,SGA,cert,-0.012104437185688613,0.010268248586677721,0.0037441740777676997,96.76897503847628,0.010333890584274457,
main,2,0.008,240,4,ASGA,cert,-0.5326453959722126,0.0031208158760143573,0.0037441740777676997,96.76897503847628,0.010333890584274457,
main,3,0.008,240,4,SGA,emp,-1.0456793400510476,6.644050352042075e-07,0.0037756907586849056,93.97117413327639,264.8521989518828,
main,3,0.008,240,4,ASGA,emp,-2.1108074821493563,9.740196829643999e-09,0.0037756907586849056,93.97117413327639,264.8521989518828,
main,3,0.008,240,4,SGA,cert,-0.01152743373928265,0.006629115353008662,0.0037756907586849056,93.97117413327639,0.01064156119387985,
main,3,0.008,240,4,ASGA,cert,-0.5008099694362751,0.002174933537916049,0.0037756907586849056,93.97117413327639,0.01064156119387985,
main,4,0.008,240,4,SGA,emp,-1.01929691192004,6.572922901515454e-07,0.003791304857242694,88.65023222759325,263.76143244974264,
main,4,0.008,240,4,ASGA,emp,-2.071849484391485,1.0221772456242562e-08,0.003791304857242694,88.65023222759325,263.76143244974264,
main,4,0.008,240,4,SGA,cert,-0.013822086846620125,0.015660112007181932,0.003791304857242694,88.65023222759325,0.011280286298999003,
main,4,0.008,240,4,ASGA,cert,-0.6191545639104792,0.003891313654465642,0.003791304857242694,88.65023222759325,0.011280286298999003,
main,5,0.008,240,4,SGA,emp,-1.0464666408390066,6.256221707287568e-07,0.0037734475456416756,97.48526060968871,265.00964645844834,
main,5,0.008,240,4,ASGA,emp,-2.113214183275358,9.095940972647654e-09,0.0037734475456416756,97.48526060968871,265.00964645844834,
main,5,0.008,240,4,SGA,cert,-0.0112986621194731,0.00699546176289606,0.0037734475456416756,97.48526060968871,0.010257960985546297,
main,5,0.008,240,4,ASGA,cert,-0.49114979263573677,0.0023434861918184766,0.0037734475456416756,97.48526060968871,0.010257960985546297,
main,6,0.008,240,4,SGA,emp,-1.087698874900193,5.206596777745931e-07,0.0038726456674738345,79.90583422696047,258.2214036256795,
main,6,0.008,240,4,ASGA,emp,-2.1931192197175355,6.526139573193035e-09,0.0038726456674738345,79.90583422696047,258.2214036256795,
main,6,0.008,240,4,SGA,cert,-0.012822237510647963,0.0053396953391080144,0.0038726456674738345,79.90583422696047,0.012514730741182815,
main,6,0.008,240,4,ASGA,cert,-0.5576876589575711,0.0015435400481222453,0.0038726456674738345,79.90583422696047,0.012514730741182815,
main,7,0.008,240,4,SGA,emp,-1.0336255587864613,6.340405933405457e-07,0.003863788811126983,100.57953211751015,258.81331741532784,
main,7,0.008,240,4,ASGA,emp,-2.09767923075567,9.451142785055211e-09,0.003863788811126983,100.57953211751015,258.81331741532784,
main,7,0.008,240,4,SGA,cert,-0.011763536899012973,0.010205809990806156,0.003863788811126983,100.57953211751015,0.009942380710537302,
main,7,0.008,240,4,ASGA,cert,-0.5172754794429041,0.003210735406618488,0.003863788811126983,100.57953211751015,0.009942380710537302,
main,8,0.008,240,4,SGA,emp,-1.00533870272069,7.000590376143867e-07,0.003831629111998152,77.83301367972189,260.9855940567565,
main,8,0.008,240,4,ASGA,emp,-2.043348725511399,1.1422307710784452e-08,0.003831629111998152,77.83301367972189,260.9855940567565,
main,8,0.008,240,4,SGA,cert,-0.015672855014947012,0.015847440344258112,0.003831629111998152,77.83301367972189,0.012848018504267856,
main,8,0.008,240,4,ASGA,cert,-0.7076245727099576,0.003217115212718641,0.003831629111998152,77.83301367972189,0.012848018504267856,
main,9,0.008,240,4,SGA,emp,-1.1244501824677184,3.6086502809562493e-07,0.0038662942806990085,64.29480223687885,258.6455989633579,
main,9,0.008,240,4,ASGA,emp,-2.2885370266905514,3.731032247045185e-09,0.0038662942806990085,64.29480223687885,258.6455989633579,
main,9,0.008,240,4,SGA,cert,-0.017242037843963484,0.00711100888175065,0.0038662942806990085,64.29480223687885,0.015553356806600614,
main,9,0.008,240,4,ASGA,cert,-0.7692688599254967,0.0012681381660777091,0.0038662942806990085,64.29480223687885,0.015553356806600614,
main,10,0.008,240,4,SGA,emp,-0.9974586252262125,6.862404288154877e-07,0.0038323436256186014,91.1002550999193,260.93693512115163,
main,10,0.008,240,4,ASGA,emp,-2.0430361560559476,1.1209424985447747e-08,0.0038323436256186014,91.1002550999193,260.93693512115163,
main,10,0.008,240,4,SGA,cert,-0.013587324517296846,0.016745729857438427,0.0038323436256186014,91.1002550999193,0.010976917670572866,
main,10,0.008,240,4,ASGA,cert,-0.6083319030696367,0.004262420010013451,0.0038323436256186014,91.1002550999193,0.010976917670572866,
main,11,0.008,240,4,SGA,emp,-1.036378023706981,6.536580548360815e-07,0.0038595988623630955,95.59456445190375,259.0942830229086,
main,11,0.008,240,4,ASGA,emp,-2.088047403721748,9.869293784992017e-09,0.0038595988623630955,95.59456445190375,259.0942830229086,
main,11,0.008,240,4,SGA,cert,-0.012112261351605648,0.010621031996247088,0.0038595988623630955,95.59456445190375,0.0104608458204036,
main,11,0.008,240,4,ASGA,cert,-0.5353249697491548,0.0032045320468535726,0.0038595988623630955,95.59456445190375,0.0104608458204036,
main,12,0.008,240,4,SGA,emp,-1.0188165641701203,6.79461263829173e-07,0.0038259668398795267,92.52776260235001,261.37184190323205,
main,12,0.008,240,4,ASGA,emp,-2.066209497407092,1.0674524743292668e-08,0.0038259668398795267,92.52776260235001,261.37184190323205,
main,12,0.008,240,4,SGA,cert,-0.01270562117883772,0.010731294777395824,0.0038259668398795267,92.52776260235001,0.010807567068249872,
main,12,0.008,240,4,ASGA,cert,-0.5608249168272077,0.0030594334041751103,0.0038259668398795267,92.52776260235001,0.010807567068249872,
main,13,0.008,240,4,SGA,emp,-1.0133642666665792,6.665042817446953e-07,0.0038202079077621592,100.7819368114574,261.76585781316555,
main,13,0.008,240,4,ASGA,emp,-2.0684718282935215,1.0457472367220166e-08,0.0038202079077621592,100.7819368114574,261.76585781316555,
main,13,0.008,240,4,SGA,cert,-0.01207137687455397,0.012657114510886948,0.0038202079077621592,100.7819368114574,0.009922413000166861,
main,13,0.008,240,4,ASGA,cert,-0.5338396998728413,0.0038276043105480786,0.0038202079077621592,100.7819368114574,0.009922413000166861,
main,14,0.008,240,4,SGA,emp,-1.0384638715083738,5.131591126958379e-07,0.0038443744419488462,70.23310818130258,260.12034340054174,
main,14,0.008,240,4,ASGA,emp,-2.11364590639774,7.358810741320276e-09,0.0038443744419488462,70.23310818130258,260.12034340054174,
main,14,0.008,240,4,SGA,cert,-0.017017659672436885,0.011028799417293421,0.0038443744419488462,70.23310818130258,0.01423829908564718,
main,14,0.008,240,4,ASGA,cert,-0.7652580636833956,0.001972362793156733,0.0038443744419488462,70.23310818130258,0.01423829908564718,
main,15,0.008,240,4,SGA,emp,-0.9941866520491438,7.583698126423233e-07,0.003827485935532209,90.440077367276,261.26810570786614,
main,15,0.008,240,4,ASGA,emp,-2.0286600028837523,1.2699256757287003e-08,0.003827485935532209,90.440077367276,261.26810570786614,
main,15,0.008,240,4,SGA,cert,-0.013575152490714998,0.017612069061157747,0.003827485935532209,90.440077367276,0.011057044941912342,
main,15,0.008,240,4,ASGA,cert,-0.6084801806717828,0.004480523201774542,0.003827485935532209,90.440077367276,0.011057044941912342,
main,16,0.008,240,4,SGA,emp,-1.0706908054815245,4.781394018840701e-07,0.0038588732578248622,99.32991030180636,259.14300190405106,
main,16,0.008,240,4,ASGA,emp,-2.1583160035436912,6.354192914892476e-09,0.0038588732578248622,99.32991030180636,259.14300190405106,
main,16,0.008,240,4,SGA,cert,-0.011822008356390199,0.009589165419213848,0.0038588732578248622,99.32991030180636,0.010067461019159044,
main,16,0.008,240,4,ASGA,cert,-0.5207880299488599,0.0029909582043287364,0.0038588732578248622,99.32991030180636,0.010067461019159044,
main,17,0.008,240,4,SGA,emp,-1.0343594439063015,6.246491243630525e-07,0.0037995003559902736,86.2149791835259,263.1925006727279,
main,17,0.008,240,4,ASGA,emp,-2.0942749813757957,9.332677276818746e-09,0.0037995003559902736,86.2149791835259,263.1925006727279,
main,17,0.008,240,4,SGA,cert,-0.013317691992268918,0.009128820010687072,0.0037995003559902736,86.2149791835259,0.011598912503026871,
main,17,0.008,240,4,ASGA,cert,-0.5868954994906077,0.0024579726844729255,0.0037995003559902736,86.2149791835259,0.011598912503026871,
main,18,0.008,240,4,SGA,emp,-1.0385523366700273,5.218100547696447e-07,0.003830136496365968,69.63528302280554,261.08730092225164,
main,18,0.008,240,4,ASGA,emp,-2.1013780542552114,7.637674347138468e-09,0.003830136496365968,69.63528302280554,261.08730092225164,
main,18,0.008,240,4,SGA,cert,-0.01735434744329803,0.01264853749112254,0.003830136496365968,69.63528302280554,0.014360536161998512,
main,18,0.008,240,4,ASGA,cert,-0.7853175490887506,0.002154117005559751,0.003830136496365968,69.63528302280554,0.014360536161998512,
main,19,0.008,240,4,SGA,emp,-1.0209686472200599,5.51992092777398e-07,0.0038315712948803035,80.93811469838577,260.98953224129934,
main,19,0.008,240,4,ASGA,emp,-2.0819912043538134,8.38296172062103e-09,0.0038315712948803035,80.93811469838577,260.98953224129934,
main,19,0.008,240,4,SGA,cert,-0.01513503492740347,0.014222229563248763,0.0038315712948803035,80.93811469838577,0.012355118521434302,
main,19,0.008,240,4,ASGA,cert,-0.680696846485078,0.003071194105054971,0.0038315712948803035,80.93811469838577,0.012355118521434302,
main,20,0.008,240,4,SGA,emp,-1.0525231945854832,5.752321329405286e-07,0.003750895611396562,95.57566238862272,266.6029939520691,
main,20,0.008,240,4,ASGA,emp,-2.1210540219954486,8.215476431094881e-09,0.003750895611396562,95.57566238862272,266.6029939520691,
main,20,0.008,240,4,SGA,cert,-0.01161419315188956,0.007377135379124586,0.003750895611396562,95.57566238862272,0.01046291466894442,
main,20,0.008,240,4,ASGA,cert,-0.5069904963249852,0.0023821738272974263,0.003750895611396562,95.57566238862272,0.01046291466894442,
main,21,0.008,240,4,SGA,emp,-1.0259136803050941,5.704066575185074e-07,0.0038210031705281644,92.70358514820475,261.7113766649331,
main,21,0.008,240,4,ASGA,emp,-2.08766140154286,8.588546193677438e-09,0.0038210031705281644,92.70358514820475,261.7113766649331,
main,21,0.008,240,4,SGA,cert,-0.012834908282212664,0.011276907211463981,0.0038210031705281644,92.70358514820475,0.0107870693285627,
main,21,0.008,240,4,ASGA,cert,-0.5686270128558045,0.0031532809495681546,0.0038210031705281644,92.70358514820475,0.0107870693285627,
main,22,0.008,240,4,SGA,emp,-0.9981387415088766,5.897610143162924e-07,0.0038721608574844935,73.89528633360037,258.253733975721,
main,22,0.008,240,4,ASGA,emp,-2.055274593955367,9.384501314935179e-09,0.0038721608574844935,73.89528633360037,258.253733975721,
main,22,0.008,240,4,SGA,cert,-0.017180415150199725,0.021027383836822462,0.0038721608574844935,73.89528633360037,0.013532662902008373,
main,22,0.008,240,4,ASGA,cert,-0.7868620767758455,0.0035328041277982655,0.0038721608574844935,73.89528633360037,0.013532662902008373,
main,23,0.008,240,4,SGA,emp,-1.0297915871258856,5.763438607891969e-07,0.003731739069415334,86.97816428976844,267.971576093254,
main,23,0.008,240,4,ASGA,emp,-2.08872935021461,8.664428376159439e-09,0.003731739069415334,86.97816428976844,267.971576093254,
main,23,0.008,240,4,SGA,cert,-0.013478916146046925,0.010455449958205153,0.003731739069415334,86.97816428976844,0.01149713848487871,
main,23,0.008,240,4,ASGA,cert,-0.5973859190560366,0.0027421709926777754,0.003731739069415334,86.97816428976844,0.01149713848487871,
main,24,0.008,240,4,SGA,emp,-1.105711382434556,4.532192177594818e-07,0.00381744645250943,94.46453355844812,261.9552133711376,
main,24,0.008,240,4,ASGA,emp,-2.2365774703910857,5.227697871812431e-09,0.00381744645250943,94.46453355844812,261.9552133711376,
main,24,0.008,240,4,SGA,cert,-0.010908998176230174,0.005478592226425931,0.00381744645250943,94.46453355844812,0.010585983567909846,
main,24,0.008,240,4,ASGA,cert,-0.4742554855006555,0.0019054156551449944,0.00381744645250943,94.46453355844812,0.010585983567909846,
main,25,0.008,240,4,SGA,emp,-1.053385294274601,4.901912402308084e-07,0.0038297604173149974,100.86568253030501,261.11293946191256,
main,25,0.008,240,4,ASGA,emp,-2.139841530553687,6.687815745642922e-09,0.0038297604173149974,100.86568253030501,261.11293946191256,
main,25,0.008,240,4,SGA,cert,-0.011780016599970213,0.011184405892375043,0.0038297604173149974,100.86568253030501,0.009914174721412814,
main,25,0.008,240,4,ASGA,cert,-0.5208416417915639,0.0034826296616073046,0.0038297604173149974,100.86568253030501,0.009914174721412814,
main,26,0.008,240,4,SGA,emp,-1.01794341994931,5.974571389288919e-07,0.0038324004248098146,89.00249566000863,260.93306783036,
main,26,0.008,240,4,ASGA,emp,-2.0706734854456412,9.261235306423643e-09,0.0038324004248098146,89.00249566000863,260.93306783036,
main,26,0.008,240,4,SGA,cert,-0.013871793811645272,0.016206250408591742,0.0038324004248098146,89.00249566000863,0.011235639996208876,
main,26,0.008,240,4,ASGA,cert,-0.6220615166256157,0.003996986175763995,0.0038324004248098146,89.00249566000863,0.011235639996208876,
main,27,0.008,240,4,SGA,emp,-1.0647200903830405,4.685894793646228e-07,0.0038686874207221437,100.24434940753268,258.48560280254856,
main,27,0.008,240,4,ASGA,emp,-2.1488655667811876,6.3038009326388256e-09,0.0038686874207221437,100.24434940753268,258.48560280254856,
main,27,0.008,240,4,SGA,cert,-0.011501508371544624,0.008737580667187099,0.0038686874207221437,100.24434940753268,0.009975624620342509,
main,27,0.008,240,4,ASGA,cert,-0.5050597289504567,0.0028259018464013783,0.0038686874207221437,100.24434940753268,0.009975624620342509,
main,28,0.008,240,4,SGA,emp,-0.9862386735365302,6.696463462491087e-07,0.0038291229715817746,97.11056212901075,261.15640772615603,
main,28,0.008,240,4,ASGA,emp,-2.0258108242672135,1.1263626212287825e-08,0.0038291229715817746,97.11056212901075,261.15640772615603,
main,28,0.008,240,4,SGA,cert,-0.013090270856565858,0.023749325252764297,0.0038291229715817746,97.11056212901075,0.01029754105090553,
main,28,0.008,240,4,ASGA,cert,-0.5886204433695581,0.0063026038377719945,0.0038291229715817746,97.11056212901075,0.01029754105090553,
main,29,0.008,240,4,SGA,emp,-1.0684331618547434,5.699037246773009e-07,0.0037570987747846075,99.33879408558039,266.16281869175225,
main,29,0.008,240,4,ASGA,emp,-2.1539809822083087,7.703474504128227e-09,0.0037570987747846075,99.33879408558039,266.16281869175225,
main,29,0.008,240,4,SGA,cert,-0.010541217031267636,0.005763000971683439,0.0037570987747846075,99.33879408558039,0.010066560694691943,
main,29,0.008,240,4,ASGA,cert,-0.45611924504039875,0.002090108612236234,0.0037570987747846075,99.33879408558039,0.010066560694691943,
main,30,0.008,240,4,SGA,emp,-1.06236021105024,5.293539028575212e-07,0.003822617404194289,92.90848591287886,261.6008598984482,
main,30,0.008,240,4,ASGA,emp,-2.149568575594995,7.175933486314179e-09,0.003822617404194289,92.90848591287886,261.6008598984482,
main,30,0.008,240,4,SGA,cert,-0.012227460626263731,0.008010235577360435,0.003822617404194289,92.90848591287886,0.010763279480603195,
main,30,0.008,240,4,ASGA,cert,-0.5363881015949777,0.002418015717646209,0.003822617404194289,92.90848591287886,0.010763279480603195,
main,31,0.008,240,4,SGA,emp,-1.0178809529993629,6.75457362438181e-07,0.0038174230111228053,97.94157397669407,261.95682194147867,
main,31,0.008,240,4,ASGA,emp,-2.069600967053921,1.0594478641601235e-08,0.0038174230111228053,97.94157397669407,261.95682194147867,
main,31,0.008,240,4,SGA,cert,-0.012445798734865093,0.01368580279246727,0.0038174230111228053,97.94157397669407,0.01021016877100584,
main,31,0.008,240,4,ASGA,cert,-0.5522881514317731,0.003966376233896403,0.0038174230111228053,97.94157397669407,0.01021016877100584,
main,32,0.008,240,4,SGA,emp,-1.1158467454332581,3.5929125944550444e-07,0.0038676853755604305,65.74397729460854,258.5525716023629,
main,32,0.008,240,4,ASGA,emp,-2.257071699935352,3.930125475060109e-09,0.0038676853755604305,65.74397729460854,258.5525716023629,
main,32,0.008,240,4,SGA,cert,-0.017370192694095298,0.00822492244238347,0.0038676853755604305,65.74397729460854,0.015210518760050844,
main,32,0.008,240,4,ASGA,cert,-0.7790096865655263,0.001429972111351728,0.0038676853755604305,65.74397729460854,0.015210518760050844,
main,33,0.008,240,4,SGA,emp,-1.0690355469837816,5.559321162654229e-07,0.0038300770228560177,78.49996056338061,261.0913550909006,
main,33,0.008,240,4,ASGA,emp,-2.1612299349774093,7.388819153741899e-09,0.0038300770228560177,78.49996056338061,261.0913550909006,
main,33,0.008,240,4,SGA,cert,-0.014481889723600852,0.008253890539094852,0.0038300770228560177,78.49996056338061,0.012738859902898974,
main,33,0.008,240,4,ASGA,cert,-0.6392298370018806,0.00197779838583767,0.0038300770228560177,78.49996056338061,0.012738859902898974,
main,34,0.008,240,4,SGA,emp,-1.02193371110175,5.300832161547753e-07,0.003851004505524493,73.75356307564871,259.6725084495334,
main,34,0.008,240,4,ASGA,emp,-2.087740536267165,7.947153359000314e-09,0.003851004505524493,73.75356307564871,259.6725084495334,
main,34,0.008,240,4,SGA,cert,-0.016694213894912206,0.015076154102272477,0.003851004505524493,73.75356307564871,0.013558666975510109,
main,34,0.008,240,4,ASGA,cert,-0.7577970027157496,0.0027234943753704915,0.003851004505524493,73.75356307564871,0.013558666975510109,
main,35,0.008,240,4,SGA,emp,-1.0337552733597304,6.720643211943766e-07,0.00374390154146091,100.91171630907408,267.1010412335228,
main,35,0.008,240,4,ASGA,emp,-2.0910242032763775,1.0189182504671823e-08,0.00374390154146091,100.91171630907408,267.1010412335228,
main,35,0.008,240,4,SGA,cert,-0.011518059594694622,0.009311073812033936,0.00374390154146091,100.91171630907408,0.009909652085761611,
main,35,0.008,240,4,ASGA,cert,-0.5048374197050739,0.003016568946940794,0.00374390154146091,100.91171630907408,0.009909652085761611,
main,36,0.008,240,4,SGA,emp,-1.01146809260016,5.951036290835487e-07,0.0038395178988596887,71.6981872023297,260.44936534792384,
main,36,0.008,240,4,ASGA,emp,-2.0723625786108277,9.195561666286434e-09,0.0038395178988596887,71.6981872023297,260.44936534792384,
main,36,0.008,240,4,SGA,cert,-0.017147522138576406,0.014816248943845478,0.0038395178988596887,71.6981872023297,0.01394735402693008,
main,36,0.008,240,4,ASGA,cert,-0.7777656338428094,0.0025606507887830574,0.0038395178988596887,71.6981872023297,0.01394735402693008,
main,37,0.008,240,4,SGA,emp,-1.0185057291869675,6.15981306205382e-07,0.0037894534686361884,96.04382131556532,263.8902966553371,
main,37,0.008,240,4,ASGA,emp,-2.075092984831685,9.535153965012366e-09,0.0037894534686361884,96.04382131556532,263.8902966553371,
main,37,0.008,240,4,SGA,cert,-0.012977178674477334,0.01626242146591242,0.0037894534686361884,96.04382131556532,0.010411913919109497,
main,37,0.008,240,4,ASGA,cert,-0.5794412605737564,0.004421562614584547,0.0037894534686361884,96.04382131556532,0.010411913919109497,
main,38,0.008,240,4,SGA,emp,-1.090489138624814,4.7563241976911197e-07,0.0038420373526452914,97.91196634515798,260.27857311472707,
main,38,0.008,240,4,ASGA,emp,-2.194054895151981,5.91875720656887e-09,0.0038420373526452914,97.91196634515798,260.27857311472707,
main,38,0.008,240,4,SGA,cert,-0.010889629116088347,0.006116946536899842,0.0038420373526452914,97.91196634515798,0.010213256227280873,
main,38,0.008,240,4,ASGA,cert,-0.47405776587208315,0.00212710863731385,0.0038420373526452914,97.91196634515798,0.010213256227280873,
main,39,0.008,240,4,SGA,emp,-1.064306606917249,5.695113881321046e-07,0.0038292200774137815,90.1134815043278,261.1497850171595,
main,39,0.008,240,4,ASGA,emp,-2.1471490843354477,7.744420459088186e-09,0.0038292200774137815,90.1134815043278,261.1497850171595,
main,39,0.008,240,4,SGA,cert,-0.01205667233421554,0.006915712382231515,0.0038292200774137815,90.1134815043278,0.011097118691968126,
main,39,0.008,240,4,ASGA,cert,-0.5265390907880969,0.0021381572150835637,0.0038292200774137815,90.1134815043278,0.011097118691968126,
main,40,0.008,240,4,SGA,emp,-1.0523871544752814,4.475333824013883e-07,0.0038331616399317325,79.61049710798984,260.8812499797973,
main,40,0.008,240,4,ASGA,emp,-2.1386309151674525,6.114460132655708e-09,0.0038331616399317325,79.61049710798984,260.8812499797973,
main,40,0.008,240,4,SGA,cert,-0.014939518911621106,0.010586833773878798,0.0038331616399317325,79.61049710798984,0.012561157590104262,
main,40,0.008,240,4,ASGA,cert,-0.6675472771839608,0.002363375628182861,0.0038331616399317325,79.61049710798984,0.012561157590104262,
main,41,0.008,240,4,SGA,emp,-0.9930439342644733,6.660138920366876e-07,0.0038455090213293415,78.94078106768008,260.04359746744615,
main,41,0.008,240,4,ASGA,emp,-2.0427867977225342,1.0871599939732413e-08,0.0038455090213293415,78.94078106768008,260.04359746744615,
main,41,0.008,240,4,SGA,cert,-0.015770898511884984,0.01734337556618279,0.0038455090213293415,78.94078106768008,0.012667723659114134,
main,41,0.008,240,4,ASGA,cert,-0.713334728501251,0.0034683454587033924,0.0038455090213293415,78.94078106768008,0.012667723659114134,
main,42,0.008,240,4,SGA,emp,-1.1052945261919411,3.83315867900913e-07,0.0038714617911145967,93.94162893919928,258.3003666199426,
main,42,0.008,240,4,ASGA,emp,-2.231327917689608,4.4083738742761724e-09,0.0038714617911145967,93.94162893919928,258.3003666199426,
main,42,0.008,240,4,SGA,cert,-0.012047352261207189,0.007897856052133969,0.0038714617911145967,93.94162893919928,0.010644908027379621,
main,42,0.008,240,4,ASGA,cert,-0.5300119352949642,0.002414556745013112,0.0038714617911145967,93.94162893919928,0.010644908027379621,
main,43,0.008,240,4,SGA,emp,-1.0051915469713473,6.908312206177492e-07,0.0038205783693312646,85.7323643274402,261.74047574242934,
main,43,0.008,240,4,ASGA,emp,-2.047980347806507,1.1193423507527278e-08,0.0038205783693312646,85.7323643274402,261.74047574242934,
main,43,0.008,240,4,SGA,cert,-0.014203764235978905,0.014582088405422952,0.0038205783693312646,85.7323643274402,0.011664206485437284,
main,43,0.008,240,4,ASGA,cert,-0.635617521888653,0.0034940175574305413,0.0038205783693312646,85.7323643274402,0.011664206485437284,
main,44,0.008,240,4,SGA,emp,-1.024014761314272,6.633843354988955e-07,0.003818685994854996,89.40942889365968,261.8701829234776,
main,44,0.008,240,4,ASGA,emp,-2.0806676544737326,1.0193779112488421e-08,0.003818685994854996,89.40942889365968,261.8701829234776,
main,44,0.008,240,4,SGA,cert,-0.01310620719458704,0.010243778689832818,0.003818685994854996,89.40942889365968,0.011184502712676575,
main,44,0.008,240,4,ASGA,cert,-0.579096988391452,0.0028030914490293837,0.003818685994854996,89.40942889365968,0.011184502712676575,
main,45,0.008,240,4,SGA,emp,-1.0282422443852313,5.550542108365142e-07,0.0038363041609849624,71.75253633660269,260.66754825385175,
main,45,0.008,240,4,ASGA,emp,-2.1033799920075165,8.122853258074603e-09,0.0038363041609849624,71.75253633660269,260.66754825385175,
main,45,0.008,240,4,SGA,cert,-0.016729764126494948,0.01160513292203779,0.0038363041609849624,71.75253633660269,0.013936789569484194,
main,45,0.008,240,4,ASGA,cert,-0.7519958661948062,0.0021382848285230807,0.0038363041609849624,71.75253633660269,0.013936789569484194,
main,46,0.008,240,4,SGA,emp,-1.0081681604885564,6.787717256734327e-07,0.003850396722468726,94.61289738480211,259.71349761560117,
main,46,0.008,240,4,ASGA,emp,-2.0552825861344473,1.0852863635557597e-08,0.003850396722468726,94.61289738480211,259.71349761560117,
main,46,0.008,240,4,SGA,cert,-0.012791707324737462,0.013701429517042396,0.003850396722468726,94.61289738480211,0.010569383536928151,
main,46,0.008,240,4,ASGA,cert,-0.568605117126014,0.0038256984961732993,0.003850396722468726,94.61289738480211,0.010569383536928151,
main,47,0.008,240,4,SGA,emp,-1.0161124577834397,5.904322243760474e-07,0.0038531213169000727,87.07099783171392,259.5298506729925,
main,47,0.008,240,4,ASGA,emp,-2.07933437536602,9.044829829552015e-09,0.0038531213169000727,87.07099783171392,259.5298506729925,
main,47,0.008,240,4,SGA,cert,-0.014365409729584893,0.01695770540060612,0.0038531213169000727,87.07099783171392,0.01148488044127788,
main,47,0.008,240,4,ASGA,cert,-0.6460908447491963,0.003955646581130658,0.0038531213169000727,87.07099783171392,0.01148488044127788,
main,48,0.008,240,4,SGA,emp,-1.1167899499932563,4.1710386861071314e-07,0.003853941645985056,71.04508609244729,259.4746085586885,
main,48,0.008,240,4,ASGA,emp,-2.267621103542399,4.5151217278882605e-09,0.003853941645985056,71.04508609244729,259.4746085586885,
main,48,0.008,240,4,SGA,cert,-0.014800604605930029,0.005913951082567048,0.003853941645985056,71.04508609244729,0.014075568839465572,
main,48,0.008,240,4,ASGA,cert,-0.6515008968380532,0.0013808468045012068,0.003853941645985056,71.04508609244729,0.014075568839465572,
main,49,0.008,240,4,SGA,emp,-1.1202542466397227,3.9421280734197595e-07,0.0038665013785210904,99.9636451263421,258.63174536937396,
main,49,0.008,240,4,ASGA,emp,-2.272283694312699,4.2218785412107e-09,0.0038665013785210904,99.9636451263421,258.63174536937396,
main,49,0.008,240,4,SGA,cert,-0.010726589656772185,0.006320962346065606,0.0038665013785210904,99.9636451263421,0.010003636809523297,
main,49,0.008,240,4,ASGA,cert,-0.46810881535388793,0.002225184230019328,0.0038665013785210904,99.9636451263421,0.010003636809523297,
main,0,0.008,240,8,SGA,emp,-1.0458830755751598,6.107195971646884e-07,0.0038580961341436524,100.83508441723868,259.195200231049,
main,0,0.008,240,8,ASGA,emp,-2.1128164175015476,8.809574729429226e-09,0.0038580961341436524,100.83508441723868,259.195200231049,
main,0,0.008,240,8,SGA,cert,-0.01137616095530153,0.00959061132859159,0.0038580961341436524,100.83508441723868,0.009917183148894561,
main,0,0.008,240,8,ASGA,cert,-0.5001391398993146,0.003135864541460698,0.0038580961341436524,100.83508441723868,0.009917183148894561,
main,1,0.008,240,8,SGA,emp,-1.049487085027226,5.939964710863221e-07,0.0038182790891707775,98.87978741193814,261.89808985837436,
main,1,0.008,240,8,ASGA,emp,-2.1218312043614596,8.446541285844766e-09,0.0038182790891707775,98.87978741193814,261.89808985837436,
main,1,0.008,240,8,SGA,cert,-0.011560954901751845,0.00896234599332113,0.0038182790891707775,98.87978741193814,0.010113290351585709,
main,1,0.008,240,8,ASGA,cert,-0.50718516745631,0.002887016564858215,0.0038182790891707775,98.87978741193814,0.010113290351585709,
main,2,0.008,240,8,SGA,emp,-1.0231241782924347,5.937887751009119e-07,0.003788804168234571,90.2140750525773,263.93552044310576,
main,2,0.008,240,8,ASGA,emp,-2.0783913221461825,9.104186876607301e-09,0.003788804168234571,90.2140750525773,263.93552044310576,
main,2,0.008,240,8,SGA,cert,-0.013328047364966822,0.012209878290379422,0.003788804168234571,90.2140750525773,0.011084744807472603,
main,2,0.008,240,8,ASGA,cert,-0.5921894952904323,0.0032350132472326112,0.003788804168234571,90.2140750525773,0.011084744807472603,
main,3,0.008,240,8,SGA,emp,-1.0447878194603932,5.622283800257866e-07,0.0038392262109881396,92.5699645505064,260.46915316891943,
main,3,0.008,240,8,ASGA,emp,-2.1208400449036877,7.990170407257136e-09,0.0038392262109881396,92.5699645505064,260.46915316891943,
main,3,0.008,240,8,SGA,cert,-0.012913918879166878,0.011278857090344978,0.0038392262109881396,92.5699645505064,0.01080263997999478,
main,3,0.008,240,8,ASGA,cert,-0.5721924411804032,0.003128855068406544,0.0038392262109881396,92.5699645505064,0.01080263997999478,
main,4,0.008,240,8,SGA,emp,-1.0755539013769833,4.842763113785398e-07,0.00384299382313512,77.98690787371653,260.21379320984664,
main,4,0.008,240,8,ASGA,emp,-2.1761972243647145,6.212343153788602e-09,0.00384299382313512,77.98690787371653,260.21379320984664,
main,4,0.008,240,8,SGA,cert,-0.01494032150622525,0.00952777915485279,0.00384299382313512,77.98690787371653,0.012822665076288068,
main,4,0.008,240,8,ASGA,cert,-0.6649100728351456,0.002145826225652535,0.00384299382313512,77.98690787371653,0.012822665076288068,
main,5,0.008,240,8,SGA,emp,-1.056197511548222,5.006105674304484e-07,0.0038581414984277308,97.18898664367617,259.1921525966634,
main,5,0.008,240,8,ASGA,emp,-2.1411000900496577,6.830883539366006e-09,0.0038581414984277308,97.18898664367617,259.1921525966634,
main,5,0.008,240,8,SGA,cert,-0.012206845210495336,0.010565318503466939,0.0038581414984277308,97.18898664367617,0.010289231676694998,
main,5,0.008,240,8,ASGA,cert,-0.5395043992827184,0.0031559590583573466,0.0038581414984277308,97.18898664367617,0.010289231676694998,
main,6,0.008,240,8,SGA,emp,-1.0904285496802,4.342874622628723e-07,0.003857668177251119,100.4083397128332,259.2239544855244,
main,6,0.008,240,8,ASGA,emp,-2.1940831466236834,5.372856305696505e-09,0.003857668177251119,100.4083397128332,259.2239544855244,
main,6,0.008,240,8,SGA,cert,-0.011152168270318836,0.007742796125621641,0.003857668177251119,100.4083397128332,0.009959332091935686,
main,6,0.008,240,8,ASGA,cert,-0.48887604977641536,0.0025983279732785247,0.003857668177251119,100.4083397128332,0.009959332091935686,
main,7,0.008,240,8,SGA,emp,-1.0356286105726455,5.587812866233999e-07,0.003805673701541071,83.93762010040761,262.76556489723737,
main,7,0.008,240,8,ASGA,emp,-2.0957069795625096,8.281949695487789e-09,0.003805673701541071,83.93762010040761,262.76556489723737,
main,7,0.008,240,8,SGA,cert,-0.014286611391571696,0.012446236383342843,0.003805673701541071,83.93762010040761,0.011913609163612013,
main,7,0.008,240,8,ASGA,cert,-0.6384568661136205,0.0029659735739089726,0.003805673701541071,83.93762010040761,0.011913609163612013,
main,8,0.008,240,8,SGA,emp,-1.0278093975677833,6.43514814449575e-07,0.0037453039233516696,93.03297315913863,267.0010286121455,
main,8,0.008,240,8,ASGA,emp,-2.0818109463961867,9.845783667528085e-09,0.0037453039233516696,93.03297315913863,267.0010286121455,
main,8,0.008,240,8,SGA,cert,-0.012441378325441935,0.009495442571110235,0.0037453039233516696,93.03297315913863,0.010748877156590904,
main,8,0.008,240,8,ASGA,cert,-0.5470675466155387,0.0027961953805646436,0.0037453039233516696,93.03297315913863,0.010748877156590904,
main,9,0.008,240,8,SGA,emp,-1.0233544794893217,6.130382136371182e-07,0.0038262308657912927,100.55754469366978,261.3538061544001,
main,9,0.008,240,8,ASGA,emp,-2.0814592712951416,9.365540017125529e-09,0.0038262308657912927,100.55754469366978,261.3538061544001,
main,9,0.008,240,8,SGA,cert,-0.01216207847446359,0.013685856441172956,0.0038262308657912927,100.55754469366978,0.009944554663166424,
main,9,0.008,240,8,ASGA,cert,-0.5392469528652156,0.004084403750114755,0.0038262308657912927,100.55754469366978,0.009944554663166424,
main,10,0.008,240,8,SGA,emp,-1.0149862031856467,5.674468392530274e-07,0.0038515755286077113,79.53049867699171,259.6340101790722,
main,10,0.008,240,8,ASGA,emp,-2.0861888116972294,8.55010669209566e-09,0.0038515755286077113,79.53049867699171,259.6340101790722,
main,10,0.008,240,8,SGA,cert,-0.015618078385952095,0.015809302589020892,0.0038515755286077113,79.53049867699171,0.012573792653576074,
main,10,0.008,240,8,ASGA,cert,-0.7054162513606946,0.0032205292947254174,0.0038515755286077113,79.53049867699171,0.012573792653576074,
main,11,0.008,240,8,SGA,emp,-1.037480650666687,5.899066901418615e-07,0.003821648016964176,90.98613949520818,261.6672167507398,
main,11,0.008,240,8,ASGA,emp,-2.1074199552879262,8.58814485499293e-09,0.003821648016964176,90.98613949520818,261.6672167507398,
main,11,0.008,240,8,SGA,cert,-0.013241867240040115,0.012781737847122249,0.003821648016964176,90.98613949520818,0.010990685015849754,
main,11,0.008,240,8,ASGA,cert,-0.5893272175417011,0.0034060043931994563,0.003821648016964176,90.98613949520818,0.010990685015849754,
main,12,0.008,240,8,SGA,emp,-1.0158194172791573,6.366694567244702e-07,0.0038202812397714996,100.74540319684166,261.76083310029094,
main,12,0.008,240,8,ASGA,emp,-2.070874890736051,9.90869166578312e-09,0.0038202812397714996,100.74540319684166,261.76083310029094,
main,12,0.008,240,8,SGA,cert,-0.01208819201752907,0.013571053691444228,0.0038202812397714996,100.74540319684166,0.00992601119523188,
main,12,0.008,240,8,ASGA,cert,-0.5356552545371287,0.004084031432056691,0.0038202812397714996,100.74540319684166,0.00992601119523188,
main,13,0.008,240,8,SGA,emp,-1.0018542029359256,6.7725896719939e-07,0.0038159421305124183,94.79234777133529,262.0584814439302,
main,13,0.008,240,8,ASGA,emp,-2.046707028234043,1.0984824730386755e-08,0.0038159421305124183,94.79234777133529,262.0584814439302,
main,13,0.008,240,8,SGA,cert,-0.012942015548699545,0.01549259218950013,0.0038159421305124183,94.79234777133529,0.010549374749238933,
main,13,0.008,240,8,ASGA,cert,-0.5770203238308375,0.004238816926313421,0.0038159421305124183,94.79234777133529,0.010549374749238933,
main,14,0.008,240,8,SGA,emp,-1.0764057763829173,4.7371111211447214e-07,0.0038433712677134477,96.14396292906703,260.1882384875438,
main,14,0.008,240,8,ASGA,emp,-2.1755385637361866,6.075440706077018e-09,0.0038433712677134477,96.14396292906703,260.1882384875438,
main,14,0.008,240,8,SGA,cert,-0.011701033647900963,0.00783896795463216,0.0038433712677134477,96.14396292906703,0.010401069079478019,
main,14,0.008,240,8,ASGA,cert,-0.5128030914841437,0.002494269871961989,0.0038433712677134477,96.14396292906703,0.010401069079478019,
main,15,0.008,240,8,SGA,emp,-1.0279661447670358,5.457672650269196e-07,0.003849244569769984,99.58974150315626,259.7912348447519,
main,15,0.008,240,8,ASGA,emp,-2.095391085652079,8.097727849376568e-09,0.003849244569769984,99.58974150315626,259.7912348447519,
main,15,0.008,240,8,SGA,cert,-0.012475827162321767,0.01593168721873759,0.003849244569769984,99.58974150315626,0.010041194855077592,
main,15,0.008,240,8,ASGA,cert,-0.5561804008996625,0.004566097299287385,0.003849244569769984,99.58974150315626,0.010041194855077592,
main,16,0.008,240,8,SGA,emp,-1.0369807614431985,6.472880307306639e-07,0.0038612091904777148,97.56458499630097,258.9862270260158,
main,16,0.008,240,8,ASGA,emp,-2.096178949291398,9.698027700344447e-09,0.0038612091904777148,97.56458499630097,258.9862270260158,
main,16,0.008,240,8,SGA,cert,-0.012192889402855393,0.01106050301084572,0.0038612091904777148,97.56458499630097,0.010249620802854988,
main,16,0.008,240,8,ASGA,cert,-0.5384148745921443,0.003314563799775204,0.0038612091904777148,97.56458499630097,0.010249620802854988,
main,17,0.008,240,8,SGA,emp,-1.069960728582072,5.195347683450979e-07,0.003840082274277608,99.81575844491836,260.41108720466644,
main,17,0.008,240,8,ASGA,emp,-2.1564017657356302,6.944196002944825e-09,0.003840082274277608,99.81575844491836,260.41108720466644,
main,17,0.008,240,8,SGA,cert,-0.011243620823642235,0.007594293240800062,0.003840082274277608,99.81575844491836,0.010018458163114927,
main,17,0.008,240,8,ASGA,cert,-0.491493536516826,0.0025365297941295703,0.003840082274277608,99.81575844491836,0.010018458163114927,
main,18,0.008,240,8,SGA,emp,-1.0483034016142954,5.669166557933925e-07,0.0038678660782372615,98.9971445636824,258.5404922953639,
main,18,0.008,240,8,ASGA,emp,-2.1166964468917113,8.131662704302656e-09,0.0038678660782372615,98.9971445636824,258.5404922953639,
main,18,0.008,240,8,SGA,cert,-0.011992293708373354,0.010821452137667137,0.0038678660782372615,98.9971445636824,0.01010130145073755,
main,18,0.008,240,8,ASGA,cert,-0.5292064634011578,0.0033102745720622745,0.0038678660782372615,98.9971445636824,0.01010130145073755,
main,19,0.008,240,8,SGA,emp,-1.0204996615856936,5.891247028960711e-07,0.0038317980051466058,80.87997409195778,260.97409066367,
main,19,0.008,240,8,ASGA,emp,-2.0813886454556005,8.972707576937466e-09,0.0038317980051466058,80.87997409195778,260.97409066367,
main,19,0.008,240,8,SGA,cert,-0.01528300489159907,0.015842955497814393,0.0038317980051466058,80.87997409195778,0.01236400000404345,
main,19,0.008,240,8,ASGA,cert,-0.6892467849790728,0.0033508892192317744,0.0038317980051466058,80.87997409195778,0.01236400000404345,
main,20,0.008,240,8,SGA,emp,-1.0256686608088768,6.372506939911204e-07,0.0038395578037535238,96.92294958233694,260.44665847259995,
main,20,0.008,240,8,ASGA,emp,-2.079995644288122,9.769762415734462e-09,0.0038395578037535238,96.92294958233694,260.44665847259995,
main,20,0.008,240,8,SGA,cert,-0.012215032085673405,0.011218784926605281,0.0038395578037535238,96.92294958233694,0.010317473872898294,
main,20,0.008,240,8,ASGA,cert,-0.5396617084391907,0.0033513613248552926,0.0038395578037535238,96.92294958233694,0.010317473872898294,
main,21,0.008,240,8,SGA,emp,-1.057084450712706,5.241463439942251e-07,0.0038591874574742434,87.24734488282562,259.12190351449755,
main,21,0.008,240,8,ASGA,emp,-2.131750310769954,7.276951943802068e-09,0.0038591874574742434,87.24734488282562,259.12190351449755,
main,21,0.008,240,8,SGA,cert,-0.013421540271652205,0.010340376549376445,0.0038591874574742434,87.24734488282562,0.011461666843191776,
main,21,0.008,240,8,ASGA,cert,-0.5958148351047738,0.0027198325898232373,0.0038591874574742434,87.24734488282562,0.011461666843191776,
main,22,0.008,240,8,SGA,emp,-1.0292471274652628,6.783165563198357e-07,0.0038071679757581307,97.15080651153235,262.6624321194726,
main,22,0.008,240,8,ASGA,emp,-2.0840976695977997,1.0402911955476046e-08,0.0038071679757581307,97.15080651153235,262.6624321194726,
main,22,0.008,240,8,SGA,cert,-0.012152231208466839,0.010452052913181784,0.0038071679757581307,97.15080651153235,0.010293275330465675,
main,22,0.008,240,8,ASGA,cert,-0.5355500735958835,0.0031552949520724724,0.0038071679757581307,97.15080651153235,0.010293275330465675,
main,23,0.008,240,8,SGA,emp,-1.0159532817445258,6.168616748514211e-07,0.0037591289119012425,96.13474387042655,266.0190760774504,
main,23,0.008,240,8,ASGA,emp,-2.069967906652657,9.60683523010264e-09,0.0037591289119012425,96.13474387042655,266.0190760774504,
main,23,0.008,240,8,SGA,cert,-0.012424243542426522,0.011649148850344675,0.0037591289119012425,96.13474387042655,0.010402066513515985,
main,23,0.008,240,8,ASGA,cert,-0.5492110671043826,0.0034049261641836623,0.0037591289119012425,96.13474387042655,0.010402066513515985,
main,24,0.008,240,8,SGA,emp,-1.1212699782093005,4.0240407130076594e-07,0.0038544768589668476,98.60342341043003,259.43857923900975,
main,24,0.008,240,8,ASGA,emp,-2.2669041144429753,4.372512928119132e-09,0.0038544768589668476,98.60342341043003,259.43857923900975,
main,24,0.008,240,8,SGA,cert,-0.010867895838481521,0.006226527112544622,0.0038544768589668476,98.60342341043003,0.010141635710127104,
main,24,0.008,240,8,ASGA,cert,-0.47437794991334115,0.0021616964591545593,0.0038544768589668476,98.60342341043003,0.010141635710127104,
main,25,0.008,240,8,SGA,emp,-0.9933025933250078,7.679703275254024e-07,0.003801374924973911,92.09750210137135,263.06271276487234,
main,25,0.008,240,8,ASGA,emp,-2.0262917207206907,1.2913962149641023e-08,0.003801374924973911,92.09750210137135,263.06271276487234,
main,25,0.008,240,8,SGA,cert,-0.013239164472418642,0.0173348577926946,0.003801374924973911,92.09750210137135,0.01085805778857394,
main,25,0.008,240,8,ASGA,cert,-0.5928469050811634,0.004570454447613823,0.003801374924973911,92.09750210137135,0.01085805778857394,
main,26,0.008,240,8,SGA,emp,-1.0451218849868253,5.960814964955929e-07,0.0037972342224602716,88.591723158811,263.3495700858001,
main,26,0.008,240,8,ASGA,emp,-2.116340403678284,8.57011567267918e-09,0.0037972342224602716,88.591723158811,263.3495700858001,
main,26,0.008,240,8,SGA,cert,-0.013178694108875896,0.00988961590727519,0.0037972342224602716,88.591723158811,0.011287736194129368,
main,26,0.008,240,8,ASGA,cert,-0.5822488640102844,0.0026873474043071985,0.0037972342224602716,88.591723158811,0.011287736194129368,
main,27,0.008,240,8,SGA,emp,-1.0298972455164206,6.041837685988316e-07,0.00386304623245588,88.22118796586024,258.8630681140628,
main,27,0.008,240,8,ASGA,emp,-2.0886060352532465,9.105758598526581e-09,0.00386304623245588,88.22118796586024,258.8630681140628,
main,27,0.008,240,8,SGA,cert,-0.013488124522430022,0.011464678893982859,0.00386304623245588,88.22118796586024,0.0113351454798702,
main,27,0.008,240,8,ASGA,cert,-0.5993314996803544,0.002990312142737664,0.00386304623245588,88.22118796586024,0.0113351454798702,
main,28,0.008,240,8,SGA,emp,-1.0078263967517032,6.632294670405603e-07,0.0038452294783519825,95.49706775279564,260.0625022849319,
main,28,0.008,240,8,ASGA,emp,-2.0561688011962334,1.0595674095059682e-08,0.0038452294783519825,95.49706775279564,260.0625022849319,
main,28,0.008,240,8,SGA,cert,-0.012894797245823318,0.015236374524473288,0.0038452294783519825,95.49706775279564,0.01047152570787416,
main,28,0.008,240,8,ASGA,cert,-0.5744620797675001,0.004193791131202863,0.0038452294783519825,95.49706775279564,0.01047152570787416,
main,29,0.008,240,8,SGA,emp,-1.0327451368987675,5.896578706976463e-07,0.003841422290990724,99.18745394254968,260.32024709839817,
main,29,0.008,240,8,ASGA,emp,-2.095325420942149,8.77133906479477e-09,0.003841422290990724,99.18745394254968,260.32024709839817,
main,29,0.008,240,8,SGA,cert,-0.0121735201812208,0.012859255306982516,0.003841422290990724,99.18745394254968,0.01008192024546985,
main,29,0.008,240,8,ASGA,cert,-0.5396589380138628,0.0038351684475149417,0.003841422290990724,99.18745394254968,0.01008192024546985,
main,30,0.008,240,8,SGA,emp,-1.0521254044829826,5.367893082738884e-07,0.003795340570434589,84.19725416056207,263.4809660534612,
main,30,0.008,240,8,ASGA,emp,-2.134265648944537,7.43052257917709e-09,0.003795340570434589,84.19725416056207,263.4809660534612,
main,30,0.008,240,8,SGA,cert,-0.013975892139746402,0.01047928226845056,0.003795340570434589,84.19725416056207,0.011876871876285002,
main,30,0.008,240,8,ASGA,cert,-0.6207960641345224,0.0026058732631121864,0.003795340570434589,84.19725416056207,0.011876871876285002,
main,31,0.008,240,8,SGA,emp,-1.0109018614272667,6.739443679931734e-07,0.0037933473972876536,93.26819381264714,263.6194092623911,
main,31,0.008,240,8,ASGA,emp,-2.053610861469583,1.0798593949590263e-08,0.0037933473972876536,93.26819381264714,263.6194092623911,
main,31,0.008,240,8,SGA,cert,-0.012987038996378486,0.014337789349684944,0.0037933473972876536,93.26819381264714,0.01072176868792757,
main,31,0.008,240,8,ASGA,cert,-0.5785163551260218,0.003912374225135018,0.0037933473972876536,93.26819381264714,0.01072176868792757,
main,32,0.008,240,8,SGA,emp,-1.0084927261495775,5.894306214643263e-07,0.0038571578039032803,80.60591271747704,259.2582546112172,
main,32,0.008,240,8,ASGA,emp,-2.057435707052264,9.357233016205058e-09,0.0038571578039032803,80.60591271747704,259.2582546112172,
main,32,0.008,240,8,SGA,cert,-0.01570408006977749,0.021393100846165386,0.0038571578039032803,80.60591271747704,0.01240603779905068,
main,32,0.008,240,8,ASGA,cert,-0.714620018692431,0.0042490832360727315,0.0038571578039032803,80.60591271747704,0.01240603779905068,
main,33,0.008,240,8,SGA,emp,-1.033981140174756,6.955950156012358e-07,0.003778176396443292,99.76836399364018,264.6779544071532,
main,33,0.008,240,8,ASGA,emp,-2.089404184471041,1.0573293358906444e-08,0.003778176396443292,99.76836399364018,264.6779544071532,
main,33,0.008,240,8,SGA,cert,-0.011134006841853068,0.007336488759893352,0.003778176396443292,99.76836399364018,0.010023217380448835,
main,33,0.008,240,8,ASGA,cert,-0.48414424825437713,0.0024962449620200486,0.003778176396443292,99.76836399364018,0.010023217380448835,
main,34,0.008,240,8,SGA,emp,-1.0085222299878858,6.369297669700513e-07,0.003855555633016244,88.40075541888113,259.36598902547513,
main,34,0.008,240,8,ASGA,emp,-2.0564907347859407,1.0139043007950654e-08,0.003855555633016244,88.40075541888113,259.36598902547513,
main,34,0.008,240,8,SGA,cert,-0.014007531831770382,0.016928056070940133,0.003855555633016244,88.40075541888113,0.01131212052726887,
main,34,0.008,240,8,ASGA,cert,-0.6291476553810696,0.004106180221244288,0.003855555633016244,88.40075541888113,0.01131212052726887,
main,35,0.008,240,8,SGA,emp,-1.0155568506123192,6.27321734864017e-07,0.0038450827124504156,100.93539036270992,260.072428809396,
main,35,0.008,240,8,ASGA,emp,-2.067722880691683,9.828877767237287e-09,0.0038450827124504156,100.93539036270992,260.072428809396,
main,35,0.008,240,8,SGA,cert,-0.012350380069136128,0.017226622238119188,0.0038450827124504156,100.93539036270992,0.009907327810458888,
main,35,0.008,240,8,ASGA,cert,-0.550779632976629,0.004996974095664804,0.0038450827124504156,100.93539036270992,0.009907327810458888,
main,36,0.008,240,8,SGA,emp,-1.0713008113907683,4.870743349066897e-07,0.0038114300370854404,90.67729346374482,262.3687147002413,
main,36,0.008,240,8,ASGA,emp,-2.1600668259411404,6.435705357521471e-09,0.0038114300370854404,90.67729346374482,262.3687147002413,
main,36,0.008,240,8,SGA,cert,-0.012436150656365443,0.007948929881841642,0.0038114300370854404,90.67729346374482,0.011028119188403285,
main,36,0.008,240,8,ASGA,cert,-0.5462571478499713,0.002345901118531994,0.0038114300370854404,90.67729346374482,0.011028119188403285,
main,37,0.008,240,8,SGA,emp,-1.0412984579419473,6.333186464979601e-07,0.0038333463028172926,92.93810426183427,260.86868260899274,
main,37,0.008,240,8,ASGA,emp,-2.101964931669965,9.384153225322489e-09,0.0038333463028172926,92.93810426183427,260.86868260899274,
main,37,0.008,240,8,SGA,cert,-0.012615670887033413,0.009925563507406095,0.0038333463028172926,92.93810426183427,0.010759849342124548,
main,37,0.008,240,8,ASGA,cert,-0.5562139924755484,0.0028612250532316086,0.0038333463028172926,92.93810426183427,0.010759849342124548,
main,38,0.008,240,8,SGA,emp,-1.0379652148661238,6.154301035038445e-07,0.00380062402199762,95.43533562258717,263.1146870124756,
main,38,0.008,240,8,ASGA,emp,-2.100813066317074,9.124136175764352e-09,0.00380062402199762,95.43533562258717,263.1146870124756,
main,38,0.008,240,8,SGA,cert,-0.012500684435946784,0.011302499097285687,0.00380062402199762,95.43533562258717,0.010478299190507847,
main,38,0.008,240,8,ASGA,cert,-0.5527973059043118,0.0032777929002938827,0.00380062402199762,95.43533562258717,0.010478299190507847,
main,39,0.008,240,8,SGA,emp,-1.0712306077484361,4.965546940918775e-07,0.003811668761876494,86.38656245805065,262.3522825492574,
main,39,0.008,240,8,ASGA,emp,-2.166130965357205,6.486292565555107e-09,0.003811668761876494,86.38656245805065,262.3522825492574,
main,39,0.008,240,8,SGA,cert,-0.013239376229064414,0.008630491380503771,0.003811668761876494,86.38656245805065,0.011575874436323363,
main,39,0.008,240,8,ASGA,cert,-0.5841126889815254,0.0023367385981404726,0.003811668761876494,86.38656245805065,0.011575874436323363,
main,40,0.008,240,8,SGA,emp,-1.0262108483468533,6.287252937164922e-07,0.003782504174543657,97.73761091939582,264.37512130985175,
main,40,0.008,240,8,ASGA,emp,-2.080625922527202,9.618638059649687e-09,0.003782504174543657,97.73761091939582,264.37512130985175,
main,40,0.008,240,8,SGA,cert,-0.011949542672860376,0.010470211650836891,0.003782504174543657,97.73761091939582,0.010231475791082101,
main,40,0.008,240,8,ASGA,cert,-0.5268194572994884,0.0032217107545965545,0.003782504174543657,97.73761091939582,0.010231475791082101,
main,41,0.008,240,8,SGA,emp,-1.0494955013285232,5.75262596037851e-07,0.003833112764056411,79.61217149157687,260.8845764667108,
main,41,0.008,240,8,ASGA,emp,-2.1241478643841494,8.118511848898002e-09,0.003833112764056411,79.61217149157687,260.8845764667108,
main,41,0.008,240,8,SGA,cert,-0.014766156204837856,0.010943081185510177,0.003833112764056411,79.61217149157687,0.012560893406930899,
main,41,0.008,240,8,ASGA,cert,-0.658735380694008,0.002495812033747734,0.003833112764056411,79.61217149157687,0.012560893406930899,
main,42,0.008,240,8,SGA,emp,-1.0137538633193923,6.387644539140869e-07,0.0038190270906803994,91.62979583978809,261.8467940278056,
main,42,0.008,240,8,ASGA,emp,-2.0642278797090103,1.0055860012736506e-08,0.0038190270906803994,91.62979583978809,261.8467940278056,
main,42,0.008,240,8,SGA,cert,-0.013223411564170204,0.013074719608766064,0.0038190270906803994,91.62979583978809,0.010913480607863294,
main,42,0.008,240,8,ASGA,cert,-0.5878919731856264,0.003496267238524843,0.0038190270906803994,91.62979583978809,0.010913480607863294,
main,43,0.008,240,8,SGA,emp,-1.0394906713352636,6.055245727470959e-07,0.0038041914582859116,100.72426600172552,262.86794735893204,
main,43,0.008,240,8,ASGA,emp,-2.1043874891555303,8.909853570215898e-09,0.0038041914582859116,100.72426600172552,262.86794735893204,
main,43,0.008,240,8,SGA,cert,-0.01181367733014315,0.011015876859874263,0.0038041914582859116,100.72426600172552,0.009928094189168565,
main,43,0.008,240,8,ASGA,cert,-0.5208193304658681,0.003435004171628883,0.0038041914582859116,100.72426600172552,0.009928094189168565,
main,44,0.008,240,8,SGA,emp,-1.0222165591579888,5.404960688598637e-07,0.0038691023355166914,99.45237534384387,258.45788332358933,
main,44,0.008,240,8,ASGA,emp,-2.0896806097061513,8.082613481286138e-09,0.0038691023355166914,99.45237534384387,258.45788332358933,
main,44,0.008,240,8,SGA,cert,-0.012489413312036977,0.01575802710242992,0.0038691023355166914,99.45237534384387,0.010055064009709451,
main,44,0.008,240,8,ASGA,cert,-0.5565837306865697,0.0045124491491770405,0.0038691023355166914,99.45237534384387,0.010055064009709451,
main,45,0.008,240,8,SGA,emp,-1.0673462028461371,5.170696973297306e-07,0.0038550804162154105,76.1489054272892,259.39796114077296,
main,45,0.008,240,8,ASGA,emp,-2.1715268090838693,6.718176480402516e-09,0.0038550804162154105,76.1489054272892,259.39796114077296,
main,45,0.008,240,8,SGA,cert,-0.015083729056477794,0.008447032894628177,0.0038550804162154105,76.1489054272892,0.013132165122909748,
main,45,0.008,240,8,ASGA,cert,-0.6679253863284196,0.0018949152053347393,0.0038550804162154105,76.1489054272892,0.013132165122909748,
main,46,0.008,240,8,SGA,emp,-0.9962214076329878,7.605055329651389e-07,0.0038310675236985937,96.78279735505238,261.0238513975809,
main,46,0.008,240,8,ASGA,emp,-2.038552990941063,1.2546586394823755e-08,0.0038310675236985937,96.78279735505238,261.0238513975809,
main,46,0.008,240,8,SGA,cert,-0.012574757159084878,0.015200178627165523,0.0038310675236985937,96.78279735505238,0.010332414719647454,
main,46,0.008,240,8,ASGA,cert,-0.5594426607435576,0.004330491500281156,0.0038310675236985937,96.78279735505238,0.010332414719647454,
main,47,0.008,240,8,SGA,emp,-1.028710921029675,6.039079355826815e-07,0.003824439621707251,88.37935114066194,261.47621584194195,
main,47,0.008,240,8,ASGA,emp,-2.0859978081378707,9.134641314190173e-09,0.003824439621707251,88.37935114066194,261.47621584194195,
main,47,0.008,240,8,SGA,cert,-0.01362486296363235,0.01257289288291695,0.003824439621707251,88.37935114066194,0.011314860169186237,
main,47,0.008,240,8,ASGA,cert,-0.6067238379897026,0.003221714249470986,0.003824439621707251,88.37935114066194,0.011314860169186237,
main,48,0.008,240,8,SGA,emp,-1.0608845138751777,6.048663091090534e-07,0.0038029732864964592,94.58225949347622,262.95214945389836,
main,48,0.008,240,8,ASGA,emp,-2.1389091523562307,8.422332956059542e-09,0.0038029732864964592,94.58225949347622,262.95214945389836,
main,48,0.008,240,8,SGA,cert,-0.011258320172172001,0.006003573210614087,0.0038029732864964592,94.58225949347622,0.010572807261693455,
main,48,0.008,240,8,ASGA,cert,-0.4878348772973881,0.002028839308517022,0.0038029732864964592,94.58225949347622,0.010572807261693455,
main,49,0.008,240,8,SGA,emp,-1.0499480566478827,5.320727338997688e-07,0.0038269801561529385,92.76384213286521,261.3026352886155,
main,49,0.008,240,8,ASGA,emp,-2.116281632837366,7.610646619859995e-09,0.0038269801561529385,92.76384213286521,261.3026352886155,
main,49,0.008,240,8,SGA,cert,-0.013035098446963435,0.013183248411413759,0.0038269801561529385,92.76384213286521,0.010780062328247516,
main,49,0.008,240,8,ASGA,cert,-0.5809404123242614,0.003577390287334739,0.0038269801561529385,92.76384213286521,0.010780062328247516,
main,0,0.016,60,2,SGA,emp,-1.0621709832178359,6.010805264980434e-07,0.011460937456556285,49.86710931967708,87.25289739958795,
main,0,0.016,60,2,ASGA,emp,-2.1122713530006108,9.051181866503999e-09,0.011460937456556285,49.86710931967708,87.25289739958795,
main,0,0.016,60,2,SGA,cert,-0.06292623350342408,0.0019164154928168683,0.011460937456556285,49.86710931967708,0.020053297928087636,
main,0,0.016,60,2,ASGA,cert,-1.7361303152996366,7.994250769146477e-05,0.011460937456556285,49.86710931967708,0.020053297928087636,
main,1,0.016,60,2,SGA,emp,-1.0802747864624376,6.86328194256236e-07,0.013753259056798254,45.301759647813896,72.710038825721,
main,1,0.016,60,2,ASGA,emp,-2.1659490734718307,9.582691619380856e-09,0.013753259056798254,45.301759647813896,72.710038825721,
main,1,0.016,60,2,SGA,cert,-0.08964787924699102,0.004009540174384062,0.013753259056798254,45.301759647813896,0.02207419773038014,
main,1,0.016,60,2,ASGA,cert,-2.219001887881685,7.219413330574603e-05,0.013753259056798254,45.301759647813896,0.02207419773038014,
main,2,0.016,60,2,SGA,emp,-1.0792379666884753,6.772741511160141e-07,0.01355052230666924,46.99173421590525,73.79789334820136,
main,2,0.016,60,2,ASGA,emp,-2.166518905319994,9.335007968014342e-09,0.01355052230666924,46.99173421590525,73.79789334820136,
main,2,0.016,60,2,SGA,cert,-0.07990188867236314,0.00339842921508067,0.01355052230666924,46.99173421590525,0.02128033826982131,
main,2,0.016,60,2,ASGA,cert,-2.100358946000374,7.874045688394116e-05,0.01355052230666924,46.99173421590525,0.02128033826982131,
main,3,0.016,60,2,SGA,emp,-1.0660625782860544,9.53706248599251e-07,0.013524747282208913,34.34636610781662,73.9385349784278,
main,3,0.016,60,2,ASGA,emp,-2.136190882836455,1.3449037591928281e-08,0.013524747282208913,34.34636610781662,73.9385349784278,
main,3,0.016,60,2,SGA,cert,-0.12310276271072303,0.007955146760211723,0.013524747282208913,34.34636610781662,0.029115161611592378,
main,3,0.016,60,2,ASGA,cert,-2.6366144694395284,6.931029384114884e-05,0.013524747282208913,34.34636610781662,0.029115161611592378,
main,4,0.016,60,2,SGA,emp,-1.0679371579263266,8.585026073301694e-07,0.013789210797689903,47.45511321651952,72.52046652064593,
main,4,0.016,60,2,ASGA,emp,-2.146529561274225,1.172079253097813e-08,0.013789210797689903,47.45511321651952,72.52046652064593,
main,4,0.016,60,2,SGA,cert,-0.09169571433827953,0.007995931827028256,0.013789210797689903,47.45511321651952,0.021072544815927057,
main,4,0.016,60,2,ASGA,cert,-2.467702170926451,0.0001005823873289069,0.013789210797689903,47.45511321651952,0.021072544815927057,
main,5,0.016,60,2,SGA,emp,-1.056054526251408,8.712499599758394e-07,0.012787822639703628,41.04974332304408,78.19939548545194,
main,5,0.016,60,2,ASGA,emp,-2.1136553413987618,1.3316087038584001e-08,0.012787822639703628,41.04974332304408,78.19939548545194,
main,5,0.016,60,2,SGA,cert,-0.09199257565760278,0.004532706320455021,0.012787822639703628,41.04974332304408,0.02436068825401474,
main,5,0.016,60,2,ASGA,cert,-2.2292112525808747,8.372050630672812e-05,0.012787822639703628,41.04974332304408,0.02436068825401474,
main,6,0.016,60,2,SGA,emp,-1.1065261259204298,5.170196436116159e-07,0.012612455684557884,39.00130413913473,79.2867007829692,
main,6,0.016,60,2,ASGA,emp,-2.216535429327637,6.592133006133594e-09,0.012612455684557884,39.00130413913473,79.2867007829692,
main,6,0.016,60,2,SGA,cert,-0.07603185842191122,0.0017486134765421213,0.012612455684557884,39.00130413913473,0.02564016824751711,
main,6,0.016,60,2,ASGA,cert,-1.9065741584278777,5.708746745861082e-05,0.012612455684557884,39.00130413913473,0.02564016824751711,
main,7,0.016,60,2,SGA,emp,-1.0477224141326644,1.137222539915328e-06,0.013487027926950676,42.799112525110424,74.14531988932369,
main,7,0.016,60,2,ASGA,emp,-2.1158144926501627,1.720844888808415e-08,0.013487027926950676,42.799112525110424,74.14531988932369,
main,7,0.016,60,2,SGA,cert,-0.08928336604009166,0.006189266399639695,0.013487027926950676,42.799112525110424,0.02336497046319116,
main,7,0.016,60,2,ASGA,cert,-2.272904276516463,0.00011099566454435272,0.013487027926950676,42.799112525110424,0.02336497046319116,
main,8,0.016,60,2,SGA,emp,-1.0713176319665048,8.04926792240257e-07,0.013495564297156159,40.077676929625824,74.09842063519524,
main,8,0.016,60,2,ASGA,emp,-2.1462244926508722,1.1316015395557155e-08,0.013495564297156159,40.077676929625824,74.09842063519524,
main,8,0.016,60,2,SGA,cert,-0.10112289221869544,0.005427779630353562,0.013495564297156159,40.077676929625824,0.024951546012907496,
main,8,0.016,60,2,ASGA,cert,-2.3880813892230037,7.415372984750229e-05,0.013495564297156159,40.077676929625824,0.024951546012907496,
main,9,0.016,60,2,SGA,emp,-1.080450817805817,7.638947420937625e-07,0.013491073477907331,34.05560730943392,74.12308602703682,
main,9,0.016,60,2,ASGA,emp,-2.1665661738350934,1.0159615419780277e-08,0.013491073477907331,34.05560730943392,74.12308602703682,
main,9,0.016,60,2,SGA,cert,-0.11783670171848443,0.005313464536962034,0.013491073477907331,34.05560730943392,0.029363740041804656,
main,9,0.016,60,2,ASGA,cert,-2.4997368170403704,6.0725359009215774e-05,0.013491073477907331,34.05560730943392,0.029363740041804656,
main,10,0.016,60,2,SGA,emp,-1.0538643603685751,1.183441871721591e-06,0.013574589477422608,44.760001725255705,73.6670528168244,
main,10,0.016,60,2,ASGA,emp,-2.118579143640184,1.713905967148932e-08,0.013574589477422608,44.760001725255705,73.6670528168244,
main,10,0.016,60,2,SGA,cert,-0.09786042640851478,0.01330499463035656,0.013574589477422608,44.760001725255705,0.02234137536763661,
main,10,0.016,60,2,ASGA,cert,-2.621563780770161,0.00012867691966375605,0.013574589477422608,44.760001725255705,0.02234137536763661,
main,11,0.016,60,2,SGA,emp,-1.0799057235881324,5.407772851462322e-07,0.013161969125968174,48.79710719084999,75.97647361343749,
main,11,0.016,60,2,ASGA,emp,-2.1770896108238635,7.1596642226001705e-09,0.013161969125968174,48.79710719084999,75.97647361343749,
main,11,0.016,60,2,SGA,cert,-0.04859262432705021,0.0008977129832575953,0.013161969125968174,48.79710719084999,0.020493018081766765,
main,11,0.016,60,2,ASGA,cert,-1.409161982582863,5.817559158773772e-05,0.013161969125968174,48.79710719084999,0.020493018081766765,
main,12,0.016,60,2,SGA,emp,-1.0515173520758485,9.73209160481936e-07,0.012034856031926222,44.19687693779935,83.09197861172473,
main,12,0.016,60,2,ASGA,emp,-2.1094851237140118,1.43354551424002e-08,0.012034856031926222,44.19687693779935,83.09197861172473,
main,12,0.016,60,2,SGA,cert,-0.08485319031997861,0.005655468811332942,0.012034856031926222,44.19687693779935,0.02262603308843188,
main,12,0.016,60,2,ASGA,cert,-2.213004226757655,0.00011443783430190035,0.012034856031926222,44.19687693779935,0.02262603308843188,
main,13,0.016,60,2,SGA,emp,-1.0508470121862872,1.050616114189884e-06,0.013545126251287001,41.73731175105541,73.82729266956697,
main,13,0.016,60,2,ASGA,emp,-2.1170943806684996,1.580630067110622e-08,0.013545126251287001,41.73731175105541,73.82729266956697,
main,13,0.016,60,2,SGA,cert,-0.09403552643284833,0.006017945180903553,0.013545126251287001,41.73731175105541,0.02395937730643884,
main,13,0.016,60,2,ASGA,cert,-2.318334982218795,9.665715742047942e-05,0.013545126251287001,41.73731175105541,0.02395937730643884,
main,14,0.016,60,2,SGA,emp,-1.088438995854763,7.193481878983721e-07,0.013573052971779182,32.327747033217236,73.67539212284663,
main,14,0.016,60,2,ASGA,emp,-2.188232565585707,9.360400309021966e-09,0.013573052971779182,32.327747033217236,73.67539212284663,
main,14,0.016,60,2,SGA,cert,-0.12412405982456812,0.005101309763526608,0.013573052971779182,32.327747033217236,0.03093317944403875,
main,14,0.016,60,2,ASGA,cert,-2.529334934253176,5.575885778300732e-05,0.013573052971779182,32.327747033217236,0.03093317944403875,
main,15,0.016,60,2,SGA,emp,-1.0797936163275375,6.377829897194487e-07,0.012450356188879446,48.23513579471922,80.31898725059702,
main,15,0.016,60,2,ASGA,emp,-2.150332928577753,8.977891145789396e-09,0.012450356188879446,48.23513579471922,80.31898725059702,
main,15,0.016,60,2,SGA,cert,-0.0708768329486415,0.0027138532312371982,0.012450356188879446,48.23513579471922,0.02073177536507485,
main,15,0.016,60,2,ASGA,cert,-1.9317622909533732,8.232192065065619e-05,0.012450356188879446,48.23513579471922,0.02073177536507485,
main,16,0.016,60,2,SGA,emp,-1.0869213775835744,5.107672797072249e-07,0.012544487468752584,46.82813696643692,79.71628992343673,
main,16,0.016,60,2,ASGA,emp,-2.176144262987642,6.7862229169435295e-09,0.012544487468752584,46.82813696643692,79.71628992343673,
main,16,0.016,60,2,SGA,cert,-0.0450961330488771,0.0008966483375947992,0.012544487468752584,46.82813696643692,0.021354682564389202,
main,16,0.016,60,2,ASGA,cert,-1.4320922288885378,5.741253404666774e-05,0.012544487468752584,46.82813696643692,0.021354682564389202,
main,17,0.016,60,2,SGA,emp,-1.0538480719105188,9.688549789665934e-07,0.013068868308353649,38.702609781123066,76.51771954583074,
main,17,0.016,60,2,ASGA,emp,-2.122133355498581,1.385705079848254e-08,0.013068868308353649,38.702609781123066,76.51771954583074,
main,17,0.016,60,2,SGA,cert,-0.10263889352788412,0.006011468779938217,0.013068868308353649,38.702609781123066,0.02583805086156601,
main,17,0.016,60,2,ASGA,cert,-2.3900925263090094,8.205115599407842e-05,0.013068868308353649,38.702609781123066,0.02583805086156601,
main,18,0.016,60,2,SGA,emp,-1.0915739060302776,5.373214478562871e-07,0.012317004990259875,46.84342793989911,81.18856822667416,
main,18,0.016,60,2,ASGA,emp,-2.1806429079692835,7.021717977895303e-09,0.012317004990259875,46.84342793989911,81.18856822667416,
main,18,0.016,60,2,SGA,cert,-0.060656172974218235,0.001571515352971814,0.012317004990259875,46.84342793989911,0.02134771181312812,
main,18,0.016,60,2,ASGA,cert,-1.7050034160358836,6.686247160253567e-05,0.012317004990259875,46.84342793989911,0.02134771181312812,
main,19,0.016,60,2,SGA,emp,-1.0536068533633307,9.12892202095672e-07,0.01230039159372726,48.192273190856916,81.29822472562276,
main,19,0.016,60,2,ASGA,emp,-2.1154132750970853,1.2975442331697451e-08,0.01230039159372726,48.192273190856916,81.29822472562276,
main,19,0.016,60,2,SGA,cert,-0.07350476886531894,0.004421636049727243,0.01230039159372726,48.192273190856916,0.020750214376476454,
main,19,0.016,60,2,ASGA,cert,-2.0642395038524572,0.00011876090998766409,0.01230039159372726,48.192273190856916,0.020750214376476454,
main,20,0.016,60,2,SGA,emp,-1.090093593382746,5.939596674012226e-07,0.012990580208370744,45.66248464896063,76.97885575238816,
main,20,0.016,60,2,ASGA,emp,-2.171859043404266,7.76204075320086e-09,0.012990580208370744,45.66248464896063,76.97885575238816,
main,20,0.016,60,2,SGA,cert,-0.06677176941114515,0.0019496331930858035,0.012990580208370744,45.66248464896063,0.021899815739062328,
main,20,0.016,60,2,ASGA,cert,-1.8269336024506586,7.017581079438173e-05,0.012990580208370744,45.66248464896063,0.021899815739062328,
main,21,0.016,60,2,SGA,emp,-1.077760086569812,6.559248476728508e-07,0.01337225552333655,47.12581923145154,74.78169993497754,
main,21,0.016,60,2,ASGA,emp,-2.170161545094617,8.893572739365752e-09,0.01337225552333655,47.12581923145154,74.78169993497754,
main,21,0.016,60,2,SGA,cert,-0.07907813739267698,0.002964266709753513,0.01337225552333655,47.12581923145154,0.02121979026165353,
main,21,0.016,60,2,ASGA,cert,-2.0358779703171743,7.409282411052764e-05,0.01337225552333655,47.12581923145154,0.02121979026165353,
main,22,0.016,60,2,SGA,emp,-1.072720165460082,6.902477885303848e-07,0.013265638566706466,47.18287911162186,75.38272620435758,
main,22,0.016,60,2,ASGA,emp,-2.160881002714261,9.392075596414973e-09,0.013265638566706466,47.18287911162186,75.38272620435758,
main,22,0.016,60,2,SGA,cert,-0.07943824582292767,0.0031793029467260744,0.013265638566706466,47.18287911162186,0.021194128438713374,
main,22,0.016,60,2,ASGA,cert,-2.052819772582776,7.793214781685182e-05,0.013265638566706466,47.18287911162186,0.021194128438713374,
main,23,0.016,60,2,SGA,emp,-1.076776722630676,5.507384735550791e-07,0.011804963412957092,46.05254259454568,84.71013124042409,
main,23,0.016,60,2,ASGA,emp,-2.1579613585739046,7.420373364375177e-09,0.011804963412957092,46.05254259454568,84.71013124042409,
main,23,0.016,60,2,SGA,cert,-0.06389773972898764,0.001562759904056292,0.011804963412957092,46.05254259454568,0.021714327671420185,
main,23,0.016,60,2,ASGA,cert,-1.708603342618714,6.601452415361253e-05,0.011804963412957092,46.05254259454568,0.021714327671420185,
main,24,0.016,60,2,SGA,emp,-1.118687665671904,5.112494567971471e-07,0.013053573132731401,35.778160462399,76.60737713971459,
main,24,0.016,60,2,ASGA,emp,-2.2343005355775154,6.087919203479064e-09,0.013053573132731401,35.778160462399,76.60737713971459,
main,24,0.016,60,2,SGA,cert,-0.09150432374942205,0.0022623949652042855,0.013053573132731401,35.778160462399,0.02795001160137756,
main,24,0.016,60,2,ASGA,cert,-2.1057524354593484,5.431212234607852e-05,0.013053573132731401,35.778160462399,0.02795001160137756,
main,25,0.016,60,2,SGA,emp,-1.0448093223709511,1.3166505454520472e-06,0.012595687479626203,42.63899964061028,79.39225243699653,
main,25,0.016,60,2,ASGA,emp,-2.0900103514678787,2.048804992327291e-08,0.012595687479626203,42.63899964061028,79.39225243699653,
main,25,0.016,60,2,SGA,cert,-0.09495421610406064,0.01097745277345763,0.012595687479626203,42.63899964061028,0.023452707812769112,
main,25,0.016,60,2,ASGA,cert,-2.4578865163378913,0.00014260856543103773,0.012595687479626203,42.63899964061028,0.023452707812769112,
main,26,0.016,60,2,SGA,emp,-1.0818555187664052,6.189917532012368e-07,0.013377887940015364,47.87604395219847,74.7502150177864,
main,26,0.016,60,2,ASGA,emp,-2.174718300384501,8.16597706815303e-09,0.013377887940015364,47.87604395219847,74.7502150177864,
main,26,0.016,60,2,SGA,cert,-0.07701302366221689,0.0027029338915464593,0.013377887940015364,47.87604395219847,0.020887272996040433,
main,26,0.016,60,2,ASGA,cert,-1.9937940326827028,7.156762609567685e-05,0.013377887940015364,47.87604395219847,0.020887272996040433,
main,27,0.016,60,2,SGA,emp,-1.0736899201467571,6.300785639484774e-07,0.012475996822983027,45.816742266212216,80.15391589053793,
main,27,0.016,60,2,ASGA,emp,-2.138518673403217,8.74050316151953e-09,0.012475996822983027,45.816742266212216,80.15391589053793,
main,27,0.016,60,2,SGA,cert,-0.07045157724869522,0.0020949449870851927,0.012475996822983027,45.816742266212216,0.02182608257456696,
main,27,0.016,60,2,ASGA,cert,-1.845523038926485,7.224113636833396e-05,0.012475996822983027,45.816742266212216,0.02182608257456696,
main,28,0.016,60,2,SGA,emp,-1.0465964882238068,1.0908836551998258e-06,0.013470985808200182,48.83771304303328,74.2336169184642,
main,28,0.016,60,2,ASGA,emp,-2.10306139005346,1.7169888150148083e-08,0.013470985808200182,48.83771304303328,74.2336169184642,
main,28,0.016,60,2,SGA,cert,-0.07738980690879599,0.005627624863897701,0.013470985808200182,48.83771304303328,0.020475979272797876,
main,28,0.016,60,2,ASGA,cert,-2.16707421194017,0.00012957890226754365,0.013470985808200182,48.83771304303328,0.020475979272797876,
main,29,0.016,60,2,SGA,emp,-1.0540861614338426,1.14762697436821e-06,0.01298020621816295,41.5901355379408,77.04037849573757,
main,29,0.016,60,2,ASGA,emp,-2.1073451587718903,1.7341454244812482e-08,0.01298020621816295,41.5901355379408,77.04037849573757,
main,29,0.016,60,2,SGA,cert,-0.09956715094411454,0.009580753836356343,0.01298020621816295,41.5901355379408,0.024044163046493205,
main,29,0.016,60,2,ASGA,cert,-2.4901692199662704,0.00011212741025364015,0.01298020621816295,41.5901355379408,0.024044163046493205,
main,30,0.016,60,2,SGA,emp,-1.0916931147885784,6.114690335248807e-07,0.013136542956347795,46.657884482191484,76.12352833793182,
main,30,0.016,60,2,ASGA,emp,-2.1698084209536015,8.09659887052172e-09,0.013136542956347795,46.657884482191484,76.12352833793182,
main,30,0.016,60,2,SGA,cert,-0.06785374478471466,0.0022787105284867923,0.013136542956347795,46.657884482191484,0.021432604823343047,
main,30,0.016,60,2,ASGA,cert,-1.8857391171419138,7.576837689816235e-05,0.013136542956347795,46.657884482191484,0.021432604823343047,
main,31,0.016,60,2,SGA,emp,-1.0590039172445862,1.091237047098903e-06,0.013231603612273164,36.576410270523084,75.57662920558137,
main,31,0.016,60,2,ASGA,emp,-2.125345923833149,1.58324224563966e-08,0.013231603612273164,36.576410270523084,75.57662920558137,
main,31,0.016,60,2,SGA,cert,-0.11568952825771019,0.009429773217421292,0.013231603612273164,36.576410270523084,0.02734002578721892,
main,31,0.016,60,2,ASGA,cert,-2.6178800024971696,8.309029452172045e-05,0.013231603612273164,36.576410270523084,0.02734002578721892,
main,32,0.016,60,2,SGA,emp,-1.0558410434578689,8.757364443959248e-07,0.012478619417313628,39.81457631688837,80.13707018041889,
main,32,0.016,60,2,ASGA,emp,-2.1233295245188035,1.2470635663008878e-08,0.012478619417313628,39.81457631688837,80.13707018041889,
main,32,0.016,60,2,SGA,cert,-0.09726426515151398,0.005174691592595461,0.012478619417313628,39.81457631688837,0.025116429521713245,
main,32,0.016,60,2,ASGA,cert,-2.308222508883331,8.23846650883156e-05,0.012478619417313628,39.81457631688837,0.025116429521713245,
main,33,0.016,60,2,SGA,emp,-1.1955236676692937,3.39273982775945e-07,0.013695610420583846,41.80699918153953,73.01609561681515,
main,33,0.016,60,2,ASGA,emp,-2.42180665508654,2.7811553546253087e-09,0.013695610420583846,41.80699918153953,73.01609561681515,
main,33,0.016,60,2,SGA,cert,-0.06686349783831406,0.001798980775743142,0.013695610420583846,41.80699918153953,0.02391943979661578,
main,33,0.016,60,2,ASGA,cert,-1.9691567786933628,5.590679019625705e-05,0.013695610420583846,41.80699918153953,0.02391943979661578,
main,34,0.016,60,2,SGA,emp,-1.0538267954320355,1.187548924794224e-06,0.01326054140124653,42.452428460482906,75.41170226322713,
main,34,0.016,60,2,ASGA,emp,-2.1105321400387322,1.7976697533339525e-08,0.01326054140124653,42.452428460482906,75.41170226322713,
main,34,0.016,60,2,SGA,cert,-0.0957041596624266,0.00896482838562003,0.01326054140124653,42.452428460482906,0.023555778462258193,
main,34,0.016,60,2,ASGA,cert,-2.4357785245720613,0.00012000558611598156,0.01326054140124653,42.452428460482906,0.023555778462258193,
main,35,0.016,60,2,SGA,emp,-1.157275470269043,4.1459375259983444e-07,0.013734422425369573,28.88521833404873,72.8097599614271,
main,35,0.016,60,2,ASGA,emp,-2.30937191816042,4.1665974698235075e-09,0.013734422425369573,28.88521833404873,72.8097599614271,
main,35,0.016,60,2,SGA,cert,-0.12425066533876696,0.0028671774034828706,0.013734422425369573,28.88521833404873,0.03461978332430468,
main,35,0.016,60,2,ASGA,cert,-2.420863576266773,3.7470653280122224e-05,0.013734422425369573,28.88521833404873,0.03461978332430468,
main,36,0.016,60,2,SGA,emp,-1.0898157712423049,7.144988311003075e-07,0.013651112803690494,38.08873398650998,73.25410128686771,
main,36,0.016,60,2,ASGA,emp,-2.2001422232937227,8.961522170169989e-09,0.013651112803690494,38.08873398650998,73.25410128686771,
main,36,0.016,60,2,SGA,cert,-0.10751434677704333,0.005176597744814437,0.013651112803690494,38.08873398650998,0.026254482502730953,
main,36,0.016,60,2,ASGA,cert,-2.448248504074924,6.531874780806718e-05,0.013651112803690494,38.08873398650998,0.026254482502730953,
main,37,0.016,60,2,SGA,emp,-1.071205367634247,6.77470088826515e-07,0.013359434621905442,47.87212279590053,74.853467104087,
main,37,0.016,60,2,ASGA,emp,-2.145351690288885,9.243606755027223e-09,0.013359434621905442,47.87212279590053,74.853467104087,
main,37,0.016,60,2,SGA,cert,-0.06732636008789238,0.002070068358856529,0.013359434621905442,47.87212279590053,0.02088898385106987,
main,37,0.016,60,2,ASGA,cert,-1.8131193910578516,7.574118891157111e-05,0.013359434621905442,47.87212279590053,0.02088898385106987,
main,38,0.016,60,2,SGA,emp,-1.179064025398948,3.694394950029545e-07,0.013331002158238202,33.489942935695105,75.01311515293895,
main,38,0.016,60,2,ASGA,emp,-2.394547467252432,3.216993831045567e-09,0.013331002158238202,33.489942935695105,75.01311515293895,
main,38,0.016,60,2,SGA,cert,-0.07960048053056229,0.0016451757282962068,0.013331002158238202,33.489942935695105,0.029859710478459922,
main,38,0.016,60,2,ASGA,cert,-2.0325400032223313,4.665844517923179e-05,0.013331002158238202,33.489942935695105,0.029859710478459922,
main,39,0.016,60,2,SGA,emp,-1.1088689943104262,4.479132189316726e-07,0.011957442165596965,45.182000745809,83.62992571079484,
main,39,0.016,60,2,ASGA,emp,-2.2219589179712043,5.367660690924758e-09,0.011957442165596965,45.182000745809,83.62992571079484,
main,39,0.016,60,2,SGA,cert,-0.045393779519544694,0.0010058710921848832,0.011957442165596965,45.182000745809,0.022132707350122342,
main,39,0.016,60,2,ASGA,cert,-1.5266540440596723,5.726478821811015e-05,0.011957442165596965,45.182000745809,0.022132707350122342,
main,40,0.016,60,2,SGA,emp,-1.0790111097818238,6.648615239954192e-07,0.01374391424348615,47.627778933241736,72.75947610586586,
main,40,0.016,60,2,ASGA,emp,-2.166080526416536,9.447180489285945e-09,0.01374391424348615,47.627778933241736,72.75947610586586,
main,40,0.016,60,2,SGA,cert,-0.07751269897458016,0.0029974989197258314,0.01374391424348615,47.627778933241736,0.020996150196331147,
main,40,0.016,60,2,ASGA,cert,-2.0399173165481668,7.635975016544172e-05,0.01374391424348615,47.627778933241736,0.020996150196331147,
main,41,0.016,60,2,SGA,emp,-1.0511747407590402,1.1938861881888307e-06,0.013570108085337602,45.76963252463686,73.69138062212579,
main,41,0.016,60,2,ASGA,emp,-2.1143880822576255,1.767765780980035e-08,0.013570108085337602,45.76963252463686,73.69138062212579,
main,41,0.016,60,2,SGA,cert,-0.08369516844460537,0.0069793308297271955,0.013570108085337602,45.76963252463686,0.021848547712541067,
main,41,0.016,60,2,ASGA,cert,-2.267039320228885,0.00013483160213731415,0.013570108085337602,45.76963252463686,0.021848547712541067,
main,42,0.016,60,2,SGA,emp,-1.1654123874244842,3.9876470610267223e-07,0.01335452560852882,32.43218660704083,74.88098262070451,
main,42,0.016,60,2,ASGA,emp,-2.3572763832254195,3.780034403544352e-09,0.01335452560852882,32.43218660704083,74.88098262070451,
main,42,0.016,60,2,SGA,cert,-0.09068472595199344,0.0018594296176864047,0.01335452560852882,32.43218660704083,0.030833567039938836,
main,42,0.016,60,2,ASGA,cert,-2.106055664754418,4.5652832570693136e-05,0.01335452560852882,32.43218660704083,0.030833567039938836,
main,43,0.016,60,2,SGA,emp,-1.0644749464605203,7.504664624319313e-07,0.0135917177049429,49.60781931178635,73.57421789567701,
main,43,0.016,60,2,ASGA,emp,-2.1280265939870002,1.0794031571337293e-08,0.0135917177049429,49.60781931178635,73.57421789567701,
main,43,0.016,60,2,SGA,cert,-0.08016499301912879,0.003903558826629634,0.0135917177049429,49.60781931178635,0.02015811244826094,
main,43,0.016,60,2,ASGA,cert,-2.115799488421675,8.75647031894286e-05,0.0135917177049429,49.60781931178635,0.02015811244826094,
main,44,0.016,60,2,SGA,emp,-1.0547888541349024,1.0629012646978797e-06,0.013745191567701537,38.13880288930499,72.75271465475977,
main,44,0.016,60,2,ASGA,emp,-2.1270306869665787,1.5714327117333227e-08,0.013745191567701537,38.13880288930499,72.75271465475977,
main,44,0.016,60,2,SGA,cert,-0.10501275651582324,0.0066644302871098765,0.013745191567701537,38.13880288930499,0.026220015423725408,
main,44,0.016,60,2,ASGA,cert,-2.4334900426849413,8.3818153106624e-05,0.013745191567701537,38.13880288930499,0.026220015423725408,
main,45,0.016,60,2,SGA,emp,-1.1854736810437856,3.613820390990785e-07,0.013504237017060248,31.2056822291147,74.0508329894295,
main,45,0.016,60,2,ASGA,emp,-2.406184412160967,3.138240625699673e-09,0.013504237017060248,31.2056822291147,74.0508329894295,
main,45,0.016,60,2,SGA,cert,-0.08996739480435814,0.0017565469128428338,0.013504237017060248,31.2056822291147,0.032045445847263244,
main,45,0.016,60,2,ASGA,cert,-2.116840859558648,4.1821322756624424e-05,0.013504237017060248,31.2056822291147,0.032045445847263244,
main,46,0.016,60,2,SGA,emp,-1.0470958014687752,1.173276242258381e-06,0.013197911485790598,41.38440855541971,75.76956407660714,
main,46,0.016,60,2,ASGA,emp,-2.1156145545709566,1.7821627090741643e-08,0.013197911485790598,41.38440855541971,75.76956407660714,
main,46,0.016,60,2,SGA,cert,-0.09459578597805873,0.007099189679541845,0.013197911485790598,41.38440855541971,0.02416368953686641,
main,46,0.016,60,2,ASGA,cert,-2.3447525894204744,0.0001094444822117846,0.013197911485790598,41.38440855541971,0.02416368953686641,
main,47,0.016,60,2,SGA,emp,-1.0663886117315762,7.3590897275988e-07,0.012854907785224188,46.65392219963893,77.79130093406268,
main,47,0.016,60,2,ASGA,emp,-2.1311280862263353,1.1006436873017833e-08,0.012854907785224188,46.65392219963893,77.79130093406268,
main,47,0.016,60,2,SGA,cert,-0.0763581593306444,0.003161601489772528,0.012854907785224188,46.65392219963893,0.021434425078364353,
main,47,0.016,60,2,ASGA,cert,-2.0140805860273883,8.524913453847316e-05,0.012854907785224188,46.65392219963893,0.021434425078364353,
main,48,0.016,60,2,SGA,emp,-1.1548722157622247,4.0956077466958174e-07,0.013034813770660857,35.78839525134455,76.71762846745301,
main,48,0.016,60,2,ASGA,emp,-2.323962221088503,4.091447292076111e-09,0.013034813770660857,35.78839525134455,76.71762846745301,
main,48,0.016,60,2,SGA,cert,-0.08306590450777206,0.0019135660270525462,0.013034813770660857,35.78839525134455,0.027942018438572785,
main,48,0.016,60,2,ASGA,cert,-2.055236873475229,5.166648333913143e-05,0.013034813770660857,35.78839525134455,0.027942018438572785,
main,49,0.016,60,2,SGA,emp,-1.1075234271243053,5.450366748691038e-07,0.013205294842848351,38.43092435254073,75.72719972561418,
main,49,0.016,60,2,ASGA,emp,-2.219051918952316,6.84484324775525e-09,0.013205294842848351,38.43092435254073,75.72719972561418,
main,49,0.016,60,2,SGA,cert,-0.07927317127535793,0.001866192052654994,0.013205294842848351,38.43092435254073,0.02602071162344781,
main,49,0.016,60,2,ASGA,cert,-1.9497464283442427,5.698828628677294e-05,0.013205294842848351,38.43092435254073,0.02602071162344781,
main,0,0.016,60,4,SGA,emp,-1.0864638142461798,7.38467327024428e-07,0.013541160596254088,34.02896808495767,73.84891368001584,
main,0,0.016,60,4,ASGA,emp,-2.1749770699599202,9.693712339775562e-09,0.013541160596254088,34.02896808495767,73.84891368001584,
main,0,0.016,60,4,SGA,cert,-0.11945616091514029,0.005882303834758018,0.013541160596254088,34.02896808495767,0.029386727140928052,
main,0,0.016,60,4,ASGA,cert,-2.556839022534156,6.0336103169925104e-05,0.013541160596254088,34.02896808495767,0.029386727140928052,
main,1,0.016,60,4,SGA,emp,-1.0648554919550042,9.989415066524732e-07,0.01355133876272648,40.438400489173596,73.79344709103881,
main,1,0.016,60,4,ASGA,emp,-2.1291369330205336,1.4410313511903361e-08,0.01355133876272648,40.438400489173596,73.79344709103881,
main,1,0.016,60,4,SGA,cert,-0.10107969658294771,0.007262863956355822,0.01355133876272648,40.438400489173596,0.02472897018436043,
main,1,0.016,60,4,ASGA,cert,-2.444965947599211,9.115338834612963e-05,0.01355133876272648,40.438400489173596,0.02472897018436043,
main,2,0.016,60,4,SGA,emp,-1.0617153893457913,8.601603384769674e-07,0.013359865794431821,48.07383875802079,74.85105130448122,
main,2,0.016,60,4,ASGA,emp,-2.120247426794996,1.3058421274858567e-08,0.013359865794431821,48.07383875802079,74.85105130448122,
main,2,0.016,60,4,SGA,cert,-0.07717479029880428,0.0043276336674644075,0.013359865794431821,48.07383875802079,0.020801334485342236,
main,2,0.016,60,4,ASGA,cert,-2.114982272843787,0.00010282143057511323,0.013359865794431821,48.07383875802079,0.020801334485342236,
main,3,0.016,60,4,SGA,emp,-1.0713768469236225,6.923843689568554e-07,0.012886204806689571,46.64038555944675,77.60236741549176,
main,3,0.016,60,4,ASGA,emp,-2.1410207402020034,9.825160823817569e-09,0.012886204806689571,46.64038555944675,77.60236741549176,
main,3,0.016,60,4,SGA,cert,-0.07196883427279938,0.0025194424957054387,0.012886204806689571,46.64038555944675,0.02144064608396994,
main,3,0.016,60,4,ASGA,cert,-1.9081919999136705,7.96478649431262e-05,0.012886204806689571,46.64038555944675,0.02144064608396994,
main,4,0.016,60,4,SGA,emp,-1.0636718939538297,9.59973753184018e-07,0.013517926404630103,44.269998297071396,73.97584289684283,
main,4,0.016,60,4,ASGA,emp,-2.135347982899472,1.3558515546407968e-08,0.013517926404630103,44.269998297071396,73.97584289684283,
main,4,0.016,60,4,SGA,cert,-0.0922472754590848,0.0071000448186997606,0.013517926404630103,44.269998297071396,0.022588661361348038,
main,4,0.016,60,4,ASGA,cert,-2.3833458952826936,0.00010355537793946268,0.013517926404630103,44.269998297071396,0.022588661361348038,
main,5,0.016,60,4,SGA,emp,-1.0763969510731441,6.562918960020814e-07,0.012680899341854972,48.44844086469314,78.8587601747905,
main,5,0.016,60,4,ASGA,emp,-2.1519213360759473,9.411784337998164e-09,0.012680899341854972,48.44844086469314,78.8587601747905,
main,5,0.016,60,4,SGA,cert,-0.07095585927450021,0.0026998728655353507,0.012680899341854972,48.44844086469314,0.020640499098676903,
main,5,0.016,60,4,ASGA,cert,-1.9281387493731361,8.247742637731287e-05,0.012680899341854972,48.44844086469314,0.020640499098676903,
main,6,0.016,60,4,SGA,emp,-1.1178416779018894,5.257931105506763e-07,0.013771928219327278,39.830580425901765,72.61147343163015,
main,6,0.016,60,4,ASGA,emp,-2.2361703748255923,6.375315081408317e-09,0.013771928219327278,39.830580425901765,72.61147343163015,
main,6,0.016,60,4,SGA,cert,-0.0746099895589341,0.0017914709920251737,0.013771928219327278,39.830580425901765,0.025106337625692785,
main,6,0.016,60,4,ASGA,cert,-1.9244274913171,5.706710446309188e-05,0.013771928219327278,39.830580425901765,0.025106337625692785,
main,7,0.016,60,4,SGA,emp,-1.0730846749150056,7.676567361017406e-07,0.013567413488642774,50.27733325745487,73.7060163189613,
main,7,0.016,60,4,ASGA,emp,-2.1473643707264154,1.07836536575312e-08,0.013567413488642774,50.27733325745487,73.7060163189613,
main,7,0.016,60,4,SGA,cert,-0.07840227049048387,0.0044855354984382825,0.013567413488642774,50.27733325745487,0.01988967861281157,
main,7,0.016,60,4,ASGA,cert,-2.155149266338973,9.692243671337308e-05,0.013567413488642774,50.27733325745487,0.01988967861281157,
main,8,0.016,60,4,SGA,emp,-1.0582474774970292,1.0596046445265905e-06,0.013625203248558277,38.69047659918969,73.39340057960699,
main,8,0.016,60,4,ASGA,emp,-2.1045165999167885,1.560314472071056e-08,0.013625203248558277,38.69047659918969,73.39340057960699,
main,8,0.016,60,4,SGA,cert,-0.1023563084705824,0.0068677728443878455,0.013625203248558277,38.69047659918969,0.02584615357312356,
main,8,0.016,60,4,ASGA,cert,-2.41608420244547,8.922999492806671e-05,0.013625203248558277,38.69047659918969,0.02584615357312356,
main,9,0.016,60,4,SGA,emp,-1.1649138498369473,4.063251844016458e-07,0.013703411820655221,32.11553703884018,72.9745272993033,
main,9,0.016,60,4,ASGA,emp,-2.3363083589783566,3.895518310703672e-09,0.013703411820655221,32.11553703884018,72.9745272993033,
main,9,0.016,60,4,SGA,cert,-0.1066437121027369,0.002587006766628354,0.013703411820655221,32.11553703884018,0.0311375767682356,
main,9,0.016,60,4,ASGA,cert,-2.2982341462346776,4.426889537119394e-05,0.013703411820655221,32.11553703884018,0.0311375767682356,
main,10,0.016,60,4,SGA,emp,-1.057515366810105,1.0308186477181458e-06,0.013428771858938357,45.18423225742923,74.46697363723456,
main,10,0.016,60,4,ASGA,emp,-2.1222933953352006,1.4746798920883819e-08,0.013428771858938357,45.18423225742923,74.46697363723456,
main,10,0.016,60,4,SGA,cert,-0.09079273355876913,0.0076484245792499544,0.013428771858938357,45.18423225742923,0.02213161428311265,
main,10,0.016,60,4,ASGA,cert,-2.3880195265237,0.0001127387900494714,0.013428771858938357,45.18423225742923,0.02213161428311265,
main,11,0.016,60,4,SGA,emp,-1.0747502895204717,8.6450209982325e-07,0.013722160005717476,47.598702554130995,72.87482434130924,
main,11,0.016,60,4,ASGA,emp,-2.133551791681024,1.2697872905920171e-08,0.013722160005717476,47.598702554130995,72.87482434130924,
main,11,0.016,60,4,SGA,cert,-0.0750425938718016,0.0044706102733302056,0.013722160005717476,47.598702554130995,0.02100897600859526,
main,11,0.016,60,4,ASGA,cert,-2.118529404927018,0.0001094839294560751,0.013722160005717476,47.598702554130995,0.02100897600859526,
main,12,0.016,60,4,SGA,emp,-1.0632837812468252,8.686591144793643e-07,0.013191523704635501,46.12270957464918,75.80625425769428,
main,12,0.016,60,4,ASGA,emp,-2.1280176302868257,1.2925179114497976e-08,0.013191523704635501,46.12270957464918,75.80625425769428,
main,12,0.016,60,4,SGA,cert,-0.08110026787263896,0.004508112995593554,0.013191523704635501,46.12270957464918,0.021681293428381723,
main,12,0.016,60,4,ASGA,cert,-2.150002397436142,9.921406135719735e-05,0.013191523704635501,46.12270957464918,0.021681293428381723,
main,13,0.016,60,4,SGA,emp,-1.062797305197815,8.781678707825424e-07,0.013538454947641722,50.0638125058999,73.863672322091,
main,13,0.016,60,4,ASGA,emp,-2.1378357737073324,1.2404653290665202e-08,0.013538454947641722,50.0638125058999,73.863672322091,
main,13,0.016,60,4,SGA,cert,-0.08140446961685191,0.005810273708949522,0.013538454947641722,50.0638125058999,0.019974507532404817,
main,13,0.016,60,4,ASGA,cert,-2.256564030860717,0.00010984532409148706,0.013538454947641722,50.0638125058999,0.019974507532404817,
main,14,0.016,60,4,SGA,emp,-1.0890387584315342,6.776662034094216e-07,0.013328121052776594,35.062401654066385,75.0293305440585,
main,14,0.016,60,4,ASGA,emp,-2.1854939915552474,8.741781985788233e-09,0.013328121052776594,35.062401654066385,75.0293305440585,
main,14,0.016,60,4,SGA,cert,-0.11203992133279499,0.0045152661018951976,0.013328121052776594,35.062401654066385,0.028520579105396918,
main,14,0.016,60,4,ASGA,cert,-2.4283665518353694,5.948861939381739e-05,0.013328121052776594,35.062401654066385,0.028520579105396918,
main,15,0.016,60,4,SGA,emp,-1.0540130856315895,1.1528401732824323e-06,0.013222415399332724,44.80189525266333,75.62914715646171,
main,15,0.016,60,4,ASGA,emp,-2.1005514656125963,1.703482288561986e-08,0.013222415399332724,44.80189525266333,75.62914715646171,
main,15,0.016,60,4,SGA,cert,-0.08850725792016231,0.007923689250984328,0.013222415399332724,44.80189525266333,0.022320484308988094,
main,15,0.016,60,4,ASGA,cert,-2.3430028382945784,0.00012892022346941423,0.013222415399332724,44.80189525266333,0.022320484308988094,
main,16,0.016,60,4,SGA,emp,-1.1090273000960273,5.749874759097828e-07,0.013609353867498968,49.309635573717024,73.47887414318319,
main,16,0.016,60,4,ASGA,emp,-2.2098923927493708,7.057970076440601e-09,0.013609353867498968,49.309635573717024,73.47887414318319,
main,16,0.016,60,4,SGA,cert,-0.07947407350100048,0.004151582452282969,0.013609353867498968,49.309635573717024,0.02028001197666565,
main,16,0.016,60,4,ASGA,cert,-2.1990740186746036,8.213166461484844e-05,0.013609353867498968,49.309635573717024,0.02028001197666565,
main,17,0.016,60,4,SGA,emp,-1.0730517547118246,7.385083981431562e-07,0.01277055322374135,43.00212475899825,78.30514328392056,
main,17,0.016,60,4,ASGA,emp,-2.1466053232958253,1.0591524303438238e-08,0.01277055322374135,43.00212475899825,78.30514328392056,
main,17,0.016,60,4,SGA,cert,-0.08351518688374863,0.0036624207427063335,0.01277055322374135,43.00212475899825,0.023254664870734063,
main,17,0.016,60,4,ASGA,cert,-2.1278616552419822,8.248072137848061e-05,0.01277055322374135,43.00212475899825,0.023254664870734063,
main,18,0.016,60,4,SGA,emp,-1.0870930700724235,7.466260841387795e-07,0.013534200538257473,34.60106897345475,73.886891004258,
main,18,0.016,60,4,ASGA,emp,-2.164098052365034,9.928019330252003e-09,0.013534200538257473,34.60106897345475,73.886891004258,
main,18,0.016,60,4,SGA,cert,-0.11456878052453578,0.0052670220257335434,0.013534200538257473,34.60106897345475,0.028900841207165594,
main,18,0.016,60,4,ASGA,cert,-2.478638637559624,6.195372612904926e-05,0.013534200538257473,34.60106897345475,0.028900841207165594,
main,19,0.016,60,4,SGA,emp,-1.077035834585201,8.08815889034864e-07,0.013495441775475151,40.405209171833974,74.09909335589658,
main,19,0.016,60,4,ASGA,emp,-2.1557036810090824,1.0977272792145332e-08,0.013495441775475151,40.405209171833974,74.09909335589658,
main,19,0.016,60,4,SGA,cert,-0.10088526108022518,0.006259556004874739,0.013495441775475151,40.405209171833974,0.024749284077387947,
main,19,0.016,60,4,ASGA,cert,-2.4471518279415845,7.93626762076935e-05,0.013495441775475151,40.405209171833974,0.024749284077387947,
main,20,0.016,60,4,SGA,emp,-1.0846933340984342,6.858512257290617e-07,0.013803850861631451,47.76094571253534,72.4435528914293,
main,20,0.016,60,4,ASGA,emp,-2.1611746751522842,9.100712766718644e-09,0.013803850861631451,47.76094571253534,72.4435528914293,
main,20,0.016,60,4,SGA,cert,-0.07182926058371789,0.002877326386580989,0.013803850861631451,47.76094571253534,0.0209376088576391,
main,20,0.016,60,4,ASGA,cert,-1.980205503260785,8.246168131548215e-05,0.013803850861631451,47.76094571253534,0.0209376088576391,
main,21,0.016,60,4,SGA,emp,-1.075719845829069,7.954692798073371e-07,0.013795449612035415,45.865901692559206,72.4876700740207,
main,21,0.016,60,4,ASGA,emp,-2.1535191668627833,1.0704942182693244e-08,0.013795449612035415,45.865901692559206,72.4876700740207,
main,21,0.016,60,4,SGA,cert,-0.0838043786631172,0.004834239093160268,0.013795449612035415,45.865901692559206,0.02180268921132383,
main,21,0.016,60,4,ASGA,cert,-2.238366925761033,9.269033461008214e-05,0.013795449612035415,45.865901692559206,0.02180268921132383,
main,22,0.016,60,4,SGA,emp,-1.0692793210856864,9.854691600669208e-07,0.013699527956119992,36.94854767389407,72.99521583539452,
main,22,0.016,60,4,ASGA,emp,-2.149560350026089,1.3465506279453088e-08,0.013699527956119992,36.94854767389407,72.99521583539452,
main,22,0.016,60,4,SGA,cert,-0.1173158817916112,0.009708711394987926,0.013699527956119992,36.94854767389407,0.02706466323997217,
main,22,0.016,60,4,ASGA,cert,-2.683336093743781,7.723261606588927e-05,0.013699527956119992,36.94854767389407,0.02706466323997217,
main,23,0.016,60,4,SGA,emp,-1.0754602014006058,7.92104031900609e-07,0.013609697689937767,43.45523231952966,73.47701784289764,
main,23,0.016,60,4,ASGA,emp,-2.146462969633252,1.1083416753820963e-08,0.013609697689937767,43.45523231952966,73.47701784289764,
main,23,0.016,60,4,SGA,cert,-0.08528235151664228,0.004346184218254494,0.013609697689937767,43.45523231952966,0.02301218855872,
main,23,0.016,60,4,ASGA,cert,-2.207420398537204,8.729329696677973e-05,0.013609697689937767,43.45523231952966,0.02301218855872,
main,24,0.016,60,4,SGA,emp,-1.1395993800353854,4.517099914669309e-07,0.01349908162027178,47.12717184974301,74.07911353749314,
main,24,0.016,60,4,ASGA,emp,-2.2819416154335226,4.941058007190691e-09,0.01349908162027178,47.12717184974301,74.07911353749314,
main,24,0.016,60,4,SGA,cert,-0.06332640599496234,0.0018951053337443874,0.01349908162027178,47.12717184974301,0.02121918122284805,
main,24,0.016,60,4,ASGA,cert,-1.8566298872316807,6.484343307573692e-05,0.01349908162027178,47.12717184974301,0.02121918122284805,
main,25,0.016,60,4,SGA,emp,-1.1010794968710838,6.624568677435216e-07,0.01363430859424789,49.76214479821547,73.34438655891103,
main,25,0.016,60,4,ASGA,emp,-2.197889295667261,8.264879981789708e-09,0.01363430859424789,49.76214479821547,73.34438655891103,
main,25,0.016,60,4,SGA,cert,-0.07817053504278623,0.0049147344428735265,0.01363430859424789,49.76214479821547,0.020095596844850246,
main,25,0.016,60,4,ASGA,cert,-2.228747900039505,9.68073768905578e-05,0.01363430859424789,49.76214479821547,0.020095596844850246,
main,26,0.016,60,4,SGA,emp,-1.0715468387136227,9.141565648629335e-07,0.0135480837838935,44.335038167740024,73.81117624832227,
main,26,0.016,60,4,ASGA,emp,-2.1405943300755252,1.2627553738764341e-08,0.0135480837838935,44.335038167740024,73.81117624832227,
main,26,0.016,60,4,SGA,cert,-0.09269085960007203,0.007356980895426579,0.0135480837838935,44.335038167740024,0.022555523606781074,
main,26,0.016,60,4,ASGA,cert,-2.4150493732432157,0.00010176193309671677,0.0135480837838935,44.335038167740024,0.022555523606781074,
main,27,0.016,60,4,SGA,emp,-1.10888724788233,5.744798452847477e-07,0.013715091364963638,50.06570038863488,72.91238340231438,
main,27,0.016,60,4,ASGA,emp,-2.2071622455646316,7.140039455511005e-09,0.013715091364963638,50.06570038863488,72.91238340231438,
main,27,0.016,60,4,SGA,cert,-0.07434219342521367,0.0036266370456829247,0.013715091364963638,50.06570038863488,0.01997375433155838,
main,27,0.016,60,4,ASGA,cert,-2.116531199259876,8.276257482873334e-05,0.013715091364963638,50.06570038863488,0.01997375433155838,
main,28,0.016,60,4,SGA,emp,-1.051108927850127,1.1448454712847944e-06,0.01367042259852176,48.57340739292174,73.15062813845522,
main,28,0.016,60,4,ASGA,emp,-2.114893658778963,1.678828251416853e-08,0.01367042259852176,48.57340739292174,73.15062813845522,
main,28,0.016,60,4,SGA,cert,-0.08937845508504777,0.011683584418828552,0.01367042259852176,48.57340739292174,0.020587396554471966,
main,28,0.016,60,4,ASGA,cert,-2.524698413866784,0.00014359253476034506,0.01367042259852176,48.57340739292174,0.020587396554471966,
main,29,0.016,60,4,SGA,emp,-1.0958398539001257,5.544835434689865e-07,0.012603684318833656,49.544884139982805,79.3418793031576,
main,29,0.016,60,4,ASGA,emp,-2.193169015483537,7.220661756013325e-09,0.012603684318833656,49.544884139982805,79.3418793031576,
main,29,0.016,60,4,SGA,cert,-0.06391133314127909,0.0020642468258614474,0.012603684318833656,49.544884139982805,0.02018371860906217,
main,29,0.016,60,4,ASGA,cert,-1.802518622723021,7.479135781868207e-05,0.012603684318833656,49.544884139982805,0.02018371860906217,
main,30,0.016,60,4,SGA,emp,-1.0970314600255868,6.07840719424324e-07,0.013526079842679147,46.21729646968446,73.9312507120265,
main,30,0.016,60,4,ASGA,emp,-2.1953042077383285,7.689416298140017e-09,0.013526079842679147,46.21729646968446,73.9312507120265,
main,30,0.016,60,4,SGA,cert,-0.07933761815674359,0.003233618055348164,0.013526079842679147,46.21729646968446,0.02163692116123527,
main,30,0.016,60,4,ASGA,cert,-2.1006758868608815,7.502883366146407e-05,0.013526079842679147,46.21729646968446,0.02163692116123527,
main,31,0.016,60,4,SGA,emp,-1.0633323376056492,9.033789308277029e-07,0.013310561213845652,48.642595066455094,75.1283123178758,
main,31,0.016,60,4,ASGA,emp,-2.1341018016256683,1.3128488129954263e-08,0.013310561213845652,48.642595066455094,75.1283123178758,
main,31,0.016,60,4,SGA,cert,-0.08374407450360014,0.006235422975472846,0.013310561213845652,48.642595066455094,0.02055811369919324,
main,31,0.016,60,4,ASGA,cert,-2.282815588174426,0.00011102707996608896,0.013310561213845652,48.642595066455094,0.02055811369919324,
main,32,0.016,60,4,SGA,emp,-1.1531572400378975,4.4068074210590336e-07,0.01373254591756881,32.84470891535423,72.81970917866325,
main,32,0.016,60,4,ASGA,emp,-2.300457493848616,4.508972521743981e-09,0.01373254591756881,32.84470891535423,72.81970917866325,
main,32,0.016,60,4,SGA,cert,-0.10985217999682671,0.0031371526315941006,0.01373254591756881,32.84470891535423,0.030446304230527688,
main,32,0.016,60,4,ASGA,cert,-2.3720394744504847,4.652013447395409e-05,0.01373254591756881,32.84470891535423,0.030446304230527688,
main,33,0.016,60,4,SGA,emp,-1.0997653925916977,6.080584050924265e-07,0.01315569689301762,39.1033792912659,76.01269686676572,
main,33,0.016,60,4,ASGA,emp,-2.2000139149686753,7.602344490043045e-09,0.01315569689301762,39.1033792912659,76.01269686676572,
main,33,0.016,60,4,SGA,cert,-0.09565386215018112,0.003268062868075808,0.01315569689301762,39.1033792912659,0.025573237355047705,
main,33,0.016,60,4,ASGA,cert,-2.208283454047865,6.233815733597964e-05,0.01315569689301762,39.1033792912659,0.025573237355047705,
main,34,0.016,60,4,SGA,emp,-1.079378066614549,8.099908326633654e-07,0.013650511014490043,36.7844028906601,73.25733072838798,
main,34,0.016,60,4,ASGA,emp,-2.1652068849088923,1.0809423189872547e-08,0.013650511014490043,36.7844028906601,73.25733072838798,
main,34,0.016,60,4,SGA,cert,-0.11148659147426652,0.006583217875136382,0.013650511014490043,36.7844028906601,0.027185435168608087,
main,34,0.016,60,4,ASGA,cert,-2.5381168774856286,6.970313352838015e-05,0.013650511014490043,36.7844028906601,0.027185435168608087,
main,35,0.016,60,4,SGA,emp,-1.065093284708712,8.183284291238269e-07,0.013670350378635471,50.35794670568441,73.15101459014811,
main,35,0.016,60,4,ASGA,emp,-2.1316918071045134,1.1707246241887681e-08,0.013670350378635471,50.35794670568441,73.15101459014811,
main,35,0.016,60,4,SGA,cert,-0.0758276044406913,0.003974212072327239,0.013670350378635471,50.35794670568441,0.01985783903868185,
main,35,0.016,60,4,ASGA,cert,-2.069172266213239,9.85517843965153e-05,0.013670350378635471,50.35794670568441,0.01985783903868185,
main,36,0.016,60,4,SGA,emp,-1.0702721660912768,8.956457906092452e-07,0.013571232317646273,35.771802525067365,73.68527607472532,
main,36,0.016,60,4,ASGA,emp,-2.1516834685301958,1.217190904317933e-08,0.013571232317646273,35.771802525067365,73.68527607472532,
main,36,0.016,60,4,SGA,cert,-0.11357365651429634,0.0063573717408314315,0.013571232317646273,35.771802525067365,0.027954979324825532,
main,36,0.016,60,4,ASGA,cert,-2.5084439470997255,7.00140258488649e-05,0.013571232317646273,35.771802525067365,0.027954979324825532,
main,37,0.016,60,4,SGA,emp,-1.0671212278212394,8.941586653876676e-07,0.013797476222045043,48.0113127375111,72.47702289221857,
main,37,0.016,60,4,ASGA,emp,-2.1402941494355723,1.2372341928745811e-08,0.013797476222045043,48.0113127375111,72.47702289221857,
main,37,0.016,60,4,SGA,cert,-0.08931024170797233,0.00778211275361837,0.013797476222045043,48.0113127375111,0.02082842444794689,
main,37,0.016,60,4,ASGA,cert,-2.4272523975149296,0.0001072125988721695,0.013797476222045043,48.0113127375111,0.02082842444794689,
main,38,0.016,60,4,SGA,emp,-1.1222292714964397,5.064879803270972e-07,0.013673114460572195,48.906797110355555,73.1362267816598,
main,38,0.016,60,4,ASGA,emp,-2.2259167828969844,5.88253069866429e-09,0.013673114460572195,48.906797110355555,73.1362267816598,
main,38,0.016,60,4,SGA,cert,-0.06401941576562001,0.0022588787101897947,0.013673114460572195,48.906797110355555,0.020447055605452017,
main,38,0.016,60,4,ASGA,cert,-1.9041697082577058,7.343427540882491e-05,0.013673114460572195,48.906797110355555,0.020447055605452017,
main,39,0.016,60,4,SGA,emp,-1.0949116433888435,6.209522559474934e-07,0.013184817041843797,44.64146744725637,75.84481429104135,
main,39,0.016,60,4,ASGA,emp,-2.1847833233110663,8.050387162450434e-09,0.013184817041843797,44.64146744725637,75.84481429104135,
main,39,0.016,60,4,SGA,cert,-0.07292570974975292,0.002581419273376677,0.013184817041843797,44.64146744725637,0.0224006973153715,
main,39,0.016,60,4,ASGA,cert,-1.9724231731579438,7.548047901685673e-05,0.013184817041843797,44.64146744725637,0.0224006973153715,
main,40,0.016,60,4,SGA,emp,-1.103922397556513,5.998496935069597e-07,0.013563956224344196,39.6547070587857,73.72480296015914,
main,40,0.016,60,4,ASGA,emp,-2.2053196328072224,7.514068672831442e-09,0.013563956224344196,39.6547070587857,73.72480296015914,
main,40,0.016,60,4,SGA,cert,-0.09842384289600288,0.004441912638169301,0.013563956224344196,39.6547070587857,0.025217687234899016,
main,40,0.016,60,4,ASGA,cert,-2.375193254192836,6.588789531060402e-05,0.013563956224344196,39.6547070587857,0.025217687234899016,
main,41,0.016,60,4,SGA,emp,-1.0570302226067947,1.0322174796156824e-06,0.013498048327420877,39.218835039701155,74.08478438831266,
main,41,0.016,60,4,ASGA,emp,-2.1318578240450328,1.4832415642929142e-08,0.013498048327420877,39.218835039701155,74.08478438831266,
main,41,0.016,60,4,SGA,cert,-0.10574605555926044,0.007752000690635218,0.013498048327420877,39.218835039701155,0.025497952679820853,
main,41,0.016,60,4,ASGA,cert,-2.502245596198534,8.652393148923798e-05,0.013498048327420877,39.218835039701155,0.025497952679820853,
main,42,0.016,60,4,SGA,emp,-1.1448071206456985,4.5458051497332397e-07,0.013704359216741109,46.906209367295155,72.96948249710282,
main,42,0.016,60,4,ASGA,emp,-2.277259702006138,5.011563324053281e-09,0.013704359216741109,46.906209367295155,72.96948249710282,
main,42,0.016,60,4,SGA,cert,-0.07623411560678753,0.003158914960632808,0.013704359216741109,46.906209367295155,0.021319139054055372,
main,42,0.016,60,4,ASGA,cert,-2.1378757694728714,7.082722582472945e-05,0.013704359216741109,46.906209367295155,0.021319139054055372,
main,43,0.016,60,4,SGA,emp,-1.0555864076756036,9.095802263048292e-07,0.012343712859143732,42.64897678138318,81.01290198590773,
main,43,0.016,60,4,ASGA,emp,-2.121274843206612,1.3007968424627592e-08,0.012343712859143732,42.64897678138318,81.01290198590773,
main,43,0.016,60,4,SGA,cert,-0.09337424858321389,0.006430112981027421,0.012343712859143732,42.64897678138318,0.02344722137475787,
main,43,0.016,60,4,ASGA,cert,-2.3478709786497727,9.884444201604947e-05,0.012343712859143732,42.64897678138318,0.02344722137475787,
main,44,0.016,60,4,SGA,emp,-1.0649197069629182,8.45249343621457e-07,0.013584731519325998,44.70434074508422,73.61205472315545,
main,44,0.016,60,4,ASGA,emp,-2.1336588974582247,1.2255935009919394e-08,0.013584731519325998,44.70434074508422,73.61205472315545,
main,44,0.016,60,4,SGA,cert,-0.08429477948929845,0.00431382978830451,0.013584731519325998,44.70434074508422,0.022369192416957007,
main,44,0.016,60,4,ASGA,cert,-2.1755334481369326,9.018365957529778e-05,0.013584731519325998,44.70434074508422,0.022369192416957007,
main,45,0.016,60,4,SGA,emp,-1.0787793847078877,7.550606214642985e-07,0.01345048627007206,35.64229094728928,74.34675445340926,
main,45,0.016,60,4,ASGA,emp,-2.172096290131279,1.0108009672327167e-08,0.01345048627007206,35.64229094728928,74.34675445340926,
main,45,0.016,60,4,SGA,cert,-0.11044096396251679,0.004786717646656495,0.01345048627007206,35.64229094728928,0.02805655790978423,
main,45,0.016,60,4,ASGA,cert,-2.419373930860739,6.323445554737989e-05,0.01345048627007206,35.64229094728928,0.02805655790978423,
main,46,0.016,60,4,SGA,emp,-1.0614339576164264,9.539844888495352e-07,0.013502206555037201,47.30927103496452,74.06196875479844,
main,46,0.016,60,4,ASGA,emp,-2.132769569842233,1.3576805887871579e-08,0.013502206555037201,47.30927103496452,74.06196875479844,
main,46,0.016,60,4,SGA,cert,-0.08341575916755518,0.006139216438001194,0.013502206555037201,47.30927103496452,0.02113750599244992,
main,46,0.016,60,4,ASGA,cert,-2.2719244668582492,0.00011437803518667133,0.013502206555037201,47.30927103496452,0.02113750599244992,
main,47,0.016,60,4,SGA,emp,-1.073535530963094,8.897404596558411e-07,0.013776983101251389,43.540348719661324,72.5848317190117,
main,47,0.016,60,4,ASGA,emp,-2.1549012592367234,1.1912079753151339e-08,0.013776983101251389,43.540348719661324,72.5848317190117,
main,47,0.016,60,4,SGA,cert,-0.09815062821621327,0.007930671208448196,0.013776983101251389,43.540348719661324,0.022967202362998863,
main,47,0.016,60,4,ASGA,cert,-2.502571081931638,9.180730669894333e-05,0.013776983101251389,43.540348719661324,0.022967202362998863,
main,48,0.016,60,4,SGA,emp,-1.1536748531034564,4.268036466678615e-07,0.013478444109316015,35.302852323032845,74.19253972413783,
main,48,0.016,60,4,ASGA,emp,-2.3139247370827616,4.316372190227291e-09,0.013478444109316015,35.302852323032845,74.19253972413783,
main,48,0.016,60,4,SGA,cert,-0.08667333656355418,0.002016705831395571,0.013478444109316015,35.302852323032845,0.02832632306448406,
main,48,0.016,60,4,ASGA,cert,-2.0924745240610267,5.083259549235747e-05,0.013478444109316015,35.302852323032845,0.02832632306448406,
main,49,0.016,60,4,SGA,emp,-1.1589508221960119,4.208983877054817e-07,0.013791435400499343,49.64053836242024,72.508768736559,
main,49,0.016,60,4,ASGA,emp,-2.3204284345504793,4.196858784111246e-09,0.013791435400499343,49.64053836242024,72.508768736559,
main,49,0.016,60,4,SGA,cert,-0.0647966665242354,0.0023371383650399105,0.013791435400499343,49.64053836242024,0.02014482584171645,
main,49,0.016,60,4,ASGA,cert,-1.9449346527617286,6.916870873757003e-05,0.013791435400499343,49.64053836242024,0.02014482584171645,
main,0,0.016,60,8,SGA,emp,-1.0839411418939582,7.566875023234942e-07,0.01352785002565687,49.806230806977,73.92157645918633,
main,0,0.016,60,8,ASGA,emp,-2.162864121093077,1.0014373899580598e-08,0.01352785002565687,49.806230806977,73.92157645918633,
main,0,0.016,60,8,SGA,cert,-0.07244420389588396,0.004008199071735892,0.01352785002565687,49.806230806977,0.020077809217796044,
main,0,0.016,60,8,ASGA,cert,-2.075038112423473,0.00010211125324068732,0.01352785002565687,49.806230806977,0.020077809217796044,
main,1,0.016,60,8,SGA,emp,-1.0848394029690391,7.20192739750436e-07,0.013473885183712024,49.41081762376693,74.21764297122371,
main,1,0.016,60,8,ASGA,emp,-2.160642595145725,9.888499068189116e-09,0.013473885183712024,49.41081762376693,74.21764297122371,
main,1,0.016,60,8,SGA,cert,-0.07348267138955382,0.0036825163318329884,0.013473885183712024,49.41081762376693,0.020238483151895737,
main,1,0.016,60,8,ASGA,cert,-2.054377102537726,9.398355483331011e-05,0.013473885183712024,49.41081762376693,0.020238483151895737,
main,2,0.016,60,8,SGA,emp,-1.0717163207610334,8.011448783193376e-07,0.013181437487856688,44.85453764584742,75.86425994291164,
main,2,0.016,60,8,ASGA,emp,-2.1433533429391276,1.139868433669422e-08,0.013181437487856688,44.85453764584742,75.86425994291164,
main,2,0.016,60,8,SGA,cert,-0.08802815185460731,0.005298316721071589,0.013181437487856688,44.85453764584742,0.02229428843733893,
main,2,0.016,60,8,ASGA,cert,-2.2837766436476645,9.145649373334258e-05,0.013181437487856688,44.85453764584742,0.02229428843733893,
main,3,0.016,60,8,SGA,emp,-1.087292415213748,7.133286628602242e-07,0.013349363962421036,46.01023527651499,74.90993599508094,
main,3,0.016,60,8,ASGA,emp,-2.1763497592707766,9.294575734064559e-09,0.013349363962421036,46.01023527651499,74.90993599508094,
main,3,0.016,60,8,SGA,cert,-0.0864912836143168,0.004945429328169222,0.013349363962421036,46.01023527651499,0.021734294423624262,
main,3,0.016,60,8,ASGA,cert,-2.2708803291632713,8.738845378009757e-05,0.013349363962421036,46.01023527651499,0.021734294423624262,
main,4,0.016,60,8,SGA,emp,-1.111238473415776,6.000921399726411e-07,0.013778570625793544,38.98898209563197,72.5764687178796,
main,4,0.016,60,8,ASGA,emp,-2.2195225281130697,7.292853008988853e-09,0.013778570625793544,38.98898209563197,72.5764687178796,
main,4,0.016,60,8,SGA,cert,-0.09852012628109706,0.0039043892695120874,0.013778570625793544,38.98898209563197,0.02564827154366855,
main,4,0.016,60,8,ASGA,cert,-2.314553411761611,6.333939361588548e-05,0.013778570625793544,38.98898209563197,0.02564827154366855,
main,5,0.016,60,8,SGA,emp,-1.1004972419823444,6.496467846311971e-07,0.013727085149452454,48.60561339333453,72.8486775679313,
main,5,0.016,60,8,ASGA,emp,-2.193468298899189,8.22575137171544e-09,0.013727085149452454,48.60561339333453,72.8486775679313,
main,5,0.016,60,8,SGA,cert,-0.08040251892530909,0.004628202424383436,0.013727085149452454,48.60561339333453,0.020573755378985377,
main,5,0.016,60,8,ASGA,cert,-2.231445438415495,8.971208987826329e-05,0.013727085149452454,48.60561339333453,0.020573755378985377,
main,6,0.016,60,8,SGA,emp,-1.1293062709034294,5.064105118440798e-07,0.013631100128726746,49.806187201252335,73.36165023779398,
main,6,0.016,60,8,ASGA,emp,-2.2383517610032984,5.822377517616939e-09,0.013631100128726746,49.806187201252335,73.36165023779398,
main,6,0.016,60,8,SGA,cert,-0.07009836901573664,0.003086639335639123,0.013631100128726746,49.806187201252335,0.02007782679608239,
main,6,0.016,60,8,ASGA,cert,-2.050437350767951,7.924220721892278e-05,0.013631100128726746,49.806187201252335,0.02007782679608239,
main,7,0.016,60,8,SGA,emp,-1.0797259235931425,7.865843537138706e-07,0.013486876245386801,41.86800577489716,74.14615377241643,
main,7,0.016,60,8,ASGA,emp,-2.1521186036478133,1.079912779339276e-08,0.013486876245386801,41.86800577489716,74.14615377241643,
main,7,0.016,60,8,SGA,cert,-0.0932510197473501,0.00533003342360381,0.013486876245386801,41.86800577489716,0.023884586368323538,
main,7,0.016,60,8,ASGA,cert,-2.334352337321461,8.371784586531233e-05,0.013486876245386801,41.86800577489716,0.023884586368323538,
main,8,0.016,60,8,SGA,emp,-1.0670379752217105,8.25289903652604e-07,0.013549094153925561,46.260742502972285,73.80567207220058,
main,8,0.016,60,8,ASGA,emp,-2.1314894101640296,1.1727731404065356e-08,0.013549094153925561,46.260742502972285,73.80567207220058,
main,8,0.016,60,8,SGA,cert,-0.07916862678837921,0.003906026700186624,0.013549094153925561,46.260742502972285,0.02161660072653934,
main,8,0.016,60,8,ASGA,cert,-2.101310447510649,9.251623893167388e-05,0.013549094153925561,46.260742502972285,0.02161660072653934,
main,9,0.016,60,8,SGA,emp,-1.0719511611931636,8.396001006383269e-07,0.013520628272173861,49.788241358717556,73.96106008313613,
main,9,0.016,60,8,ASGA,emp,-2.145651401083149,1.1647671313563812e-08,0.013520628272173861,49.788241358717556,73.96106008313613,
main,9,0.016,60,8,SGA,cert,-0.08280603831705921,0.006303365330044261,0.013520628272173861,49.788241358717556,0.02008506371605165,
main,9,0.016,60,8,ASGA,cert,-2.300286629879978,0.00010892209411681592,0.013520628272173861,49.788241358717556,0.02008506371605165,
main,10,0.016,60,8,SGA,emp,-1.077235038115201,8.582503035342581e-07,0.013665862860656016,39.76715229773555,73.17503550244145,
main,10,0.016,60,8,ASGA,emp,-2.1689727325931036,1.1437026131710937e-08,0.013665862860656016,39.76715229773555,73.17503550244145,
main,10,0.016,60,8,SGA,cert,-0.10531635051356358,0.007128201678459442,0.013665862860656016,39.76715229773555,0.02514638193132433,
main,10,0.016,60,8,ASGA,cert,-2.5177119366329612,7.916274572569715e-05,0.013665862860656016,39.76715229773555,0.02514638193132433,
main,11,0.016,60,8,SGA,emp,-1.0805618273310058,8.187795454001057e-07,0.013717936525039286,45.38440349384465,72.89726105487546,
main,11,0.016,60,8,ASGA,emp,-2.1633104824516565,1.1210895128899168e-08,0.013717936525039286,45.38440349384465,72.89726105487546,
main,11,0.016,60,8,SGA,cert,-0.08794859001618888,0.005646106811807522,0.013717936525039286,45.38440349384465,0.02203400117698202,
main,11,0.016,60,8,ASGA,cert,-2.305025375426448,9.457152349171688e-05,0.013717936525039286,45.38440349384465,0.02203400117698202,
main,12,0.016,60,8,SGA,emp,-1.0652479429608774,8.948233423816676e-07,0.013648415501458575,50.09756743989572,73.26857831175585,
main,12,0.016,60,8,ASGA,emp,-2.136455389895304,1.2619790989987223e-08,0.013648415501458575,50.09756743989572,73.26857831175585,
main,12,0.016,60,8,SGA,cert,-0.0809205984317287,0.006176540713477251,0.013648415501458575,50.09756743989572,0.01996104903096831,
main,12,0.016,60,8,ASGA,cert,-2.267627965546572,0.00011403690742493866,0.013648415501458575,50.09756743989572,0.01996104903096831,
main,13,0.016,60,8,SGA,emp,-1.0591962124334422,1.0178522961146186e-06,0.013669493035105066,47.39956672427647,73.155602583934,
main,13,0.016,60,8,ASGA,emp,-2.1214510583476285,1.4941066925344693e-08,0.013669493035105066,47.39956672427647,73.155602583934,
main,13,0.016,60,8,SGA,cert,-0.0851488982560226,0.007047571401307691,0.013669493035105066,47.39956672427647,0.02109723925994947,
main,13,0.016,60,8,ASGA,cert,-2.3215362884316315,0.00011986482052270264,0.013669493035105066,47.39956672427647,0.02109723925994947,
main,14,0.016,60,8,SGA,emp,-1.1147616198743933,5.413806278969924e-07,0.013279595144523896,47.73502969479229,75.30350052971079,
main,14,0.016,60,8,ASGA,emp,-2.2223910652636847,6.55942328231518e-09,0.013279595144523896,47.73502969479229,75.30350052971079,
main,14,0.016,60,8,SGA,cert,-0.07430310268354695,0.003095418115342155,0.013279595144523896,47.73502969479229,0.020948976179417697,
main,14,0.016,60,8,ASGA,cert,-2.0646082684426252,7.667951640568521e-05,0.013279595144523896,47.73502969479229,0.020948976179417697,
main,15,0.016,60,8,SGA,emp,-1.0807697679696524,8.10775837280231e-07,0.013713954759717342,49.19996587987888,72.91842634171057,
main,15,0.016,60,8,ASGA,emp,-2.169330882536509,1.0681846705773435e-08,0.013713954759717342,49.19996587987888,72.91842634171057,
main,15,0.016,60,8,SGA,cert,-0.08609207687502149,0.007547401478924819,0.013713954759717342,49.19996587987888,0.020325217347538165,
main,15,0.016,60,8,ASGA,cert,-2.412196505584712,0.00010872251571363012,0.013713954759717342,49.19996587987888,0.020325217347538165,
main,16,0.016,60,8,SGA,emp,-1.07039079307089,8.111630026494399e-07,0.013765774241489063,48.61564306041508,72.64393432997552,
main,16,0.016,60,8,ASGA,emp,-2.1437907427177754,1.1434594070214299e-08,0.013765774241489063,48.61564306041508,72.64393432997552,
main,16,0.016,60,8,SGA,cert,-0.08184386687612961,0.004889772037622801,0.013765774241489063,48.61564306041508,0.020569510903255796,
main,16,0.016,60,8,ASGA,cert,-2.2047016446227983,9.684230759803014e-05,0.013765774241489063,48.61564306041508,0.020569510903255796,
main,17,0.016,60,8,SGA,emp,-1.103402095571094,5.954565564444958e-07,0.013774462981119973,49.22618902474786,72.59811154675535,
main,17,0.016,60,8,ASGA,emp,-2.1965693794215158,7.487523157045928e-09,0.013774462981119973,49.22618902474786,72.59811154675535,
main,17,0.016,60,8,SGA,cert,-0.07226325559056801,0.0030487230936865825,0.013774462981119973,49.22618902474786,0.020314389958102634,
main,17,0.016,60,8,ASGA,cert,-2.0287413150967004,8.042504046473775e-05,0.013774462981119973,49.22618902474786,0.020314389958102634,
main,18,0.016,60,8,SGA,emp,-1.0864405516948743,7.229992327467683e-07,0.013708973865766218,49.23202627615168,72.94491985991603,
main,18,0.016,60,8,ASGA,emp,-2.167972072948861,9.604157254206047e-09,0.013708973865766218,49.23202627615168,72.94491985991603,
main,18,0.016,60,8,SGA,cert,-0.0800062357028765,0.004738841589305494,0.013708973865766218,49.23202627615168,0.020311981359264236,
main,18,0.016,60,8,ASGA,cert,-2.20253479162637,9.440321445613326e-05,0.013708973865766218,49.23202627615168,0.020311981359264236,
main,19,0.016,60,8,SGA,emp,-1.0735336959642516,8.825685047092469e-07,0.013650691043081642,40.37627630377318,73.25636459311808,
main,19,0.016,60,8,ASGA,emp,-2.153868604523164,1.1949747177886216e-08,0.013650691043081642,40.37627630377318,73.25636459311808,
main,19,0.016,60,8,SGA,cert,-0.10300715306584829,0.007135590521491229,0.013650691043081642,40.37627630377318,0.02476701894143095,
main,19,0.016,60,8,ASGA,cert,-2.488707582976124,8.304906172063031e-05,0.013650691043081642,40.37627630377318,0.02476701894143095,
main,20,0.016,60,8,SGA,emp,-1.0686072238964934,8.093623360821978e-07,0.013158016712892767,48.47706027992347,75.99929547286247,
main,20,0.016,60,8,ASGA,emp,-2.13660954379112,1.1240091413178277e-08,0.013158016712892767,48.47706027992347,75.99929547286247,
main,20,0.016,60,8,SGA,cert,-0.07920892435041944,0.004871463492045855,0.013158016712892767,48.47706027992347,0.020628313561623805,
main,20,0.016,60,8,ASGA,cert,-2.1826928716452954,0.00010345788170418313,0.013158016712892767,48.47706027992347,0.020628313561623805,
main,21,0.016,60,8,SGA,emp,-1.09676957003278,6.83791496682018e-07,0.013661971374267702,43.591163059913484,73.19587873558996,
main,21,0.016,60,8,ASGA,emp,-2.174772996305225,8.87855413495009e-09,0.013661971374267702,43.591163059913484,73.19587873558996,
main,21,0.016,60,8,SGA,cert,-0.08620660360873054,0.004338731851918375,0.013661971374267702,43.591163059913484,0.022940429431202808,
main,21,0.016,60,8,ASGA,cert,-2.241117588098045,8.214285745729993e-05,0.013661971374267702,43.591163059913484,0.022940429431202808,
main,22,0.016,60,8,SGA,emp,-1.064621424326909,8.313856905001193e-07,0.013474785838045683,48.52857251946577,74.21268226590495,
main,22,0.016,60,8,ASGA,emp,-2.1323265716557254,1.1800434233932844e-08,0.013474785838045683,48.52857251946577,74.21268226590495,
main,22,0.016,60,8,SGA,cert,-0.0802277253442793,0.004546186841103202,0.013474785838045683,48.52857251946577,0.02060641696392121,
main,22,0.016,60,8,ASGA,cert,-2.155761268443163,9.849353514659875e-05,0.013474785838045683,48.52857251946577,0.02060641696392121,
main,23,0.016,60,8,SGA,emp,-1.0661858012129275,8.210441836409288e-07,0.0129730739966398,48.00148862446792,77.08273307151515,
main,23,0.016,60,8,ASGA,emp,-2.1382713683923233,1.1557045924426301e-08,0.0129730739966398,48.00148862446792,77.08273307151515,
main,23,0.016,60,8,SGA,cert,-0.08055958696288686,0.005025880728020356,0.0129730739966398,48.00148862446792,0.020832687249000597,
main,23,0.016,60,8,ASGA,cert,-2.197335748479028,0.00010277062930723335,0.0129730739966398,48.00148862446792,0.020832687249000597,
main,24,0.016,60,8,SGA,emp,-1.1558895828185238,4.162603646634677e-07,0.013663708447889451,48.92173339899578,73.1865733094198,
main,24,0.016,60,8,ASGA,emp,-2.3096158870538788,4.283029979290642e-09,0.013663708447889451,48.92173339899578,73.1865733094198,
main,24,0.016,60,8,SGA,cert,-0.06624904005463012,0.002319755965946163,0.013663708447889451,48.92173339899578,0.02044081291732249,
main,24,0.016,60,8,ASGA,cert,-1.9565311141102395,6.789587690047422e-05,0.013663708447889451,48.92173339899578,0.02044081291732249,
main,25,0.016,60,8,SGA,emp,-1.052716112575952,1.2047906688267274e-06,0.013674582643167881,45.53765888766434,73.12837445167818,
main,25,0.016,60,8,ASGA,emp,-2.0986160963978344,1.791447450105732e-08,0.013674582643167881,45.53765888766434,73.12837445167818,
main,25,0.016,60,8,SGA,cert,-0.08570494643996461,0.007791379084687647,0.013674582643167881,45.53765888766434,0.021959846518831233,
main,25,0.016,60,8,ASGA,cert,-2.316489366040266,0.00013653858929457696,0.013674582643167881,45.53765888766434,0.021959846518831233,
main,26,0.016,60,8,SGA,emp,-1.0821569450815614,7.252735576140923e-07,0.013209483253214535,43.867639463766714,75.70318844657677,
main,26,0.016,60,8,ASGA,emp,-2.1665843037906187,9.696889943788811e-09,0.013209483253214535,43.867639463766714,75.70318844657677,
main,26,0.016,60,8,SGA,cert,-0.08664156093180744,0.004124886942161253,0.013209483253214535,43.867639463766714,0.022795847057737594,
main,26,0.016,60,8,ASGA,cert,-2.196244364620248,8.142464786704828e-05,0.013209483253214535,43.867639463766714,0.022795847057737594,
main,27,0.016,60,8,SGA,emp,-1.0751348467181734,8.064859790199441e-07,0.013679472465541992,44.02197156045699,73.1022342066887,
main,27,0.016,60,8,ASGA,emp,-2.1491844282675667,1.1038180251776719e-08,0.013679472465541992,44.02197156045699,73.1022342066887,
main,27,0.016,60,8,SGA,cert,-0.08798827252105548,0.004919786729919551,0.013679472465541992,44.02197156045699,0.022715929445065022,
main,27,0.016,60,8,ASGA,cert,-2.264399843988623,8.834122642281672e-05,0.013679472465541992,44.02197156045699,0.022715929445065022,
main,28,0.016,60,8,SGA,emp,-1.0627021086869002,9.697991384949312e-07,0.013697734404106187,47.24457706657547,73.00477367266143,
main,28,0.016,60,8,ASGA,emp,-2.126993986393429,1.4043352536408094e-08,0.013697734404106187,47.24457706657547,73.00477367266143,
main,28,0.016,60,8,SGA,cert,-0.08696864790700207,0.00697809109747128,0.013697734404106187,47.24457706657547,0.02116645046035302,
main,28,0.016,60,8,ASGA,cert,-2.343092180907321,0.0001119823410022508,0.013697734404106187,47.24457706657547,0.02116645046035302,
main,29,0.016,60,8,SGA,emp,-1.0771712793503185,8.108079958060732e-07,0.01369622784184435,49.580549139836144,73.01280407623088,
main,29,0.016,60,8,ASGA,emp,-2.1541187380955273,1.1220280704549168e-08,0.01369622784184435,49.580549139836144,73.01280407623088,
main,29,0.016,60,8,SGA,cert,-0.08115536458683464,0.0058184431903298695,0.01369622784184435,49.580549139836144,0.020169199763794807,
main,29,0.016,60,8,ASGA,cert,-2.2691758591888513,0.00010669858357759132,0.01369622784184435,49.580549139836144,0.020169199763794807,
main,30,0.016,60,8,SGA,emp,-1.0924857075222951,6.939816393075615e-07,0.013380587128211623,41.911990462161896,74.73513609067277,
main,30,0.016,60,8,ASGA,emp,-2.1876616618917732,8.86245576925404e-09,0.013380587128211623,41.911990462161896,74.73513609067277,
main,30,0.016,60,8,SGA,cert,-0.09130309072833148,0.004373355415991528,0.013380587128211623,41.911990462161896,0.02385952060431964,
main,30,0.016,60,8,ASGA,cert,-2.2692426982217215,7.687966490949744e-05,0.013380587128211623,41.911990462161896,0.02385952060431964,
main,31,0.016,60,8,SGA,emp,-1.0627501331754712,1.007500286739904e-06,0.013782213673323523,46.60935273270753,72.55728460628735,
main,31,0.016,60,8,ASGA,emp,-2.116112464010782,1.5088773716587234e-08,0.013782213673323523,46.60935273270753,72.55728460628735,
main,31,0.016,60,8,SGA,cert,-0.08394782460967787,0.006377092560575642,0.013782213673323523,46.60935273270753,0.021454921413192305,
main,31,0.016,60,8,ASGA,cert,-2.2770781241593876,0.00011735754453223723,0.013782213673323523,46.60935273270753,0.021454921413192305,
main,32,0.016,60,8,SGA,emp,-1.0638365530102942,9.716542986176746e-07,0.013587962169950571,40.03711408201185,73.59455284703944,
main,32,0.016,60,8,ASGA,emp,-2.140296231947903,1.3473320237267217e-08,0.013587962169950571,40.03711408201185,73.59455284703944,
main,32,0.016,60,8,SGA,cert,-0.10845660069683924,0.010060188899347962,0.013587962169950571,40.03711408201185,0.024976825201526873,
main,32,0.016,60,8,ASGA,cert,-2.6436305033122895,8.698401911899634e-05,0.013587962169950571,40.03711408201185,0.024976825201526873,
main,33,0.016,60,8,SGA,emp,-1.0631397599108663,7.890815397551543e-07,0.013481720278939778,49.888507622483,74.17451032285038,
main,33,0.016,60,8,ASGA,emp,-2.127979592298467,1.1706296217106615e-08,0.013481720278939778,49.888507622483,74.17451032285038,
main,33,0.016,60,8,SGA,cert,-0.06908946162668471,0.002915255638584774,0.013481720278939778,49.888507622483,0.02004469661765018,
main,33,0.016,60,8,ASGA,cert,-1.9181665880360756,9.338268797973864e-05,0.013481720278939778,49.888507622483,0.02004469661765018,
main,34,0.016,60,8,SGA,emp,-1.0635656422800501,9.757735621729324e-07,0.013672066112109393,43.87067589468688,73.14183473076514,
main,34,0.016,60,8,ASGA,emp,-2.1289462456740025,1.4206132645244729e-08,0.013672066112109393,43.87067589468688,73.14183473076514,
main,34,0.016,60,8,SGA,cert,-0.09419686716843197,0.007747419314740864,0.013672066112109393,43.87067589468688,0.02279426928366765,
main,34,0.016,60,8,ASGA,cert,-2.435973646928741,0.00010347527422796543,0.013672066112109393,43.87067589468688,0.02279426928366765,
main,35,0.016,60,8,SGA,emp,-1.0671269722011516,9.254717480422503e-07,0.01358652069864181,49.954529421308784,73.60236091201524,
main,35,0.016,60,8,ASGA,emp,-2.137485312282883,1.3058421621803262e-08,0.01358652069864181,49.954529421308784,73.60236091201524,
main,35,0.016,60,8,SGA,cert,-0.08480257350053637,0.008261798727372927,0.01358652069864181,49.954529421308784,0.020018204787120592,
main,35,0.016,60,8,ASGA,cert,-2.4024494049844374,0.0001241686594425223,0.01358652069864181,49.954529421308784,0.020018204787120592,
main,36,0.016,60,8,SGA,emp,-1.1080793191479148,5.764272775696244e-07,0.013474747136254588,45.18232233896987,74.21289541749114,
main,36,0.016,60,8,ASGA,emp,-2.2054722484553846,7.25690677688684e-09,0.013474747136254588,45.18232233896987,74.21289541749114,
main,36,0.016,60,8,SGA,cert,-0.07840069628651825,0.0031262924617754054,0.013474747136254588,45.18232233896987,0.022132549816667953,
main,36,0.016,60,8,ASGA,cert,-2.0982481162519515,7.403663074761341e-05,0.013474747136254588,45.18232233896987,0.022132549816667953,
main,37,0.016,60,8,SGA,emp,-1.0721986402790555,7.580862454378834e-07,0.013492175734933063,46.426554845346296,74.11703046609934,
main,37,0.016,60,8,ASGA,emp,-2.1442200358099677,1.060403963942802e-08,0.013492175734933063,46.426554845346296,74.11703046609934,
main,37,0.016,60,8,SGA,cert,-0.08398565203231072,0.00424017895366785,0.013492175734933063,46.426554845346296,0.021539397082793406,
main,37,0.016,60,8,ASGA,cert,-2.177792585509031,8.554312944338699e-05,0.013492175734933063,46.426554845346296,0.021539397082793406,
main,38,0.016,60,8,SGA,emp,-1.0742447842851204,7.647147470674076e-07,0.013209299886329212,47.709059991965766,75.70423933178598,
main,38,0.016,60,8,ASGA,emp,-2.1502180046624173,1.0467150250714763e-08,0.013209299886329212,47.709059991965766,75.70423933178598,
main,38,0.016,60,8,SGA,cert,-0.08352478916639691,0.004970720685599728,0.013209299886329212,47.709059991965766,0.02096037943670239,
main,38,0.016,60,8,ASGA,cert,-2.2264562207939833,9.399841677223963e-05,0.013209299886329212,47.709059991965766,0.02096037943670239,
main,39,0.016,60,8,SGA,emp,-1.1068864255506627,6.097889910378074e-07,0.013672735005678262,43.104719238985425,73.1382565071803,
main,39,0.016,60,8,ASGA,emp,-2.208013476750784,7.6698098011585e-09,0.013672735005678262,43.104719238985425,73.1382565071803,
main,39,0.016,60,8,SGA,cert,-0.08457842846263665,0.003465661858937527,0.013672735005678262,43.104719238985425,0.023199315936979003,
main,39,0.016,60,8,ASGA,cert,-2.171444650532251,7.263164436380892e-05,0.013672735005678262,43.104719238985425,0.023199315936979003,
main,40,0.016,60,8,SGA,emp,-1.0706867999665444,8.158139011490984e-07,0.013302025289345872,48.864616032542294,75.1765222398833,
main,40,0.016,60,8,ASGA,emp,-2.136688067237501,1.1587399269263887e-08,0.013302025289345872,48.864616032542294,75.1765222398833,
main,40,0.016,60,8,SGA,cert,-0.07558347866991036,0.004444936161581724,0.013302025289345872,48.864616032542294,0.020464705981400357,
main,40,0.016,60,8,ASGA,cert,-2.1247144512197167,0.00010544615135484048,0.013302025289345872,48.864616032542294,0.020464705981400357,
main,41,0.016,60,8,SGA,emp,-1.0880131268163074,7.572230527053136e-07,0.013534818430748496,39.76739122423924,73.8835179146691,
main,41,0.016,60,8,ASGA,emp,-2.1688827631500938,9.898959721366118e-09,0.013534818430748496,39.76739122423924,73.8835179146691,
main,41,0.016,60,8,SGA,cert,-0.09507879889558356,0.004526141035091517,0.013534818430748496,39.76739122423924,0.025146230849321452,
main,41,0.016,60,8,ASGA,cert,-2.2884964612452365,7.617921733415328e-05,0.013534818430748496,39.76739122423924,0.025146230849321452,
main,42,0.016,60,8,SGA,emp,-1.0645632579615252,9.064024591512454e-07,0.01369051222657487,45.75494587370084,73.04328599618677,
main,42,0.016,60,8,ASGA,emp,-2.12932324556229,1.2901789733787972e-08,0.01369051222657487,45.75494587370084,73.04328599618677,
main,42,0.016,60,8,SGA,cert,-0.08714524858914584,0.005767271115811018,0.01369051222657487,45.75494587370084,0.021855560768454168,
main,42,0.016,60,8,ASGA,cert,-2.289529720023637,9.9538628536254e-05,0.01369051222657487,45.75494587370084,0.021855560768454168,
main,43,0.016,60,8,SGA,emp,-1.075695841438009,7.71553188692875e-07,0.013665456959393352,50.16910476871738,73.17720900014402,
main,43,0.016,60,8,ASGA,emp,-2.151780186885223,1.0732195174223413e-08,0.013665456959393352,50.16910476871738,73.17720900014402,
main,43,0.016,60,8,SGA,cert,-0.07965978911874276,0.004879626759839904,0.013665456959393352,50.16910476871738,0.019932586092776833,
main,43,0.016,60,8,ASGA,cert,-2.191663736176929,9.824752039155893e-05,0.013665456959393352,50.16910476871738,0.019932586092776833,
main,44,0.016,60,8,SGA,emp,-1.0821003521416166,8.227564498447526e-07,0.013747433991003373,49.64976031062031,72.74084753957882,
main,44,0.016,60,8,ASGA,emp,-2.169482732867636,1.0889465440477863e-08,0.013747433991003373,49.64976031062031,72.74084753957882,
main,44,0.016,60,8,SGA,cert,-0.08459217628476906,0.007413554065923089,0.013747433991003373,49.64976031062031,0.02014108414106675,
main,44,0.016,60,8,ASGA,cert,-2.391938851473298,0.00011157838686747662,0.013747433991003373,49.64976031062031,0.02014108414106675,
main,45,0.016,60,8,SGA,emp,-1.1060050929872158,6.007881235975399e-07,0.013711317388760231,37.794884917451284,72.93245219600443,
main,45,0.016,60,8,ASGA,emp,-2.2265671763143837,7.1464164447254674e-09,0.013711317388760231,37.794884917451284,72.93245219600443,
main,45,0.016,60,8,SGA,cert,-0.10020618062195785,0.0033622542365009597,0.013711317388760231,37.794884917451284,0.026458606824286513,
main,45,0.016,60,8,ASGA,cert,-2.2690634269742085,5.912185664535413e-05,0.013711317388760231,37.794884917451284,0.026458606824286513,
main,46,0.016,60,8,SGA,emp,-1.051389893612787,1.1056565184658362e-06,0.013600649843181541,48.06513906066024,73.52589850707268,
main,46,0.016,60,8,ASGA,emp,-2.1161407335860654,1.648657561859057e-08,0.013600649843181541,48.06513906066024,73.52589850707268,
main,46,0.016,60,8,SGA,cert,-0.08205570744123498,0.006912406239732549,0.013600649843181541,48.06513906066024,0.02080509948671859,
main,46,0.016,60,8,ASGA,cert,-2.273758831141383,0.00013201210937413554,0.013600649843181541,48.06513906066024,0.02080509948671859,
main,47,0.016,60,8,SGA,emp,-1.0734644914883091,8.181350403119181e-07,0.013350964270266353,44.18904831438599,74.90095694638916,
main,47,0.016,60,8,ASGA,emp,-2.1425195051320793,1.1249145226432944e-08,0.013350964270266353,44.18904831438599,74.90095694638916,
main,47,0.016,60,8,SGA,cert,-0.08959837804959929,0.005485817005701631,0.013350964270266353,44.18904831438599,0.022630041563362756,
main,47,0.016,60,8,ASGA,cert,-2.3042195291550676,9.127051615197973e-05,0.013350964270266353,44.18904831438599,0.022630041563362756,
main,48,0.016,60,8,SGA,emp,-1.0862692148889541,6.251131606446747e-07,0.013391841355805947,46.77400227647287,74.67233022189711,
main,48,0.016,60,8,ASGA,emp,-2.1717990153597135,8.476885457464611e-09,0.013391841355805947,46.77400227647287,74.67233022189711,
main,48,0.016,60,8,SGA,cert,-0.07067890888886175,0.002206980649796339,0.013391841355805947,46.77400227647287,0.02137939777077823,
main,48,0.016,60,8,ASGA,cert,-1.8777730474535497,7.165544883397379e-05,0.013391841355805947,46.77400227647287,0.02137939777077823,
main,49,0.016,60,8,SGA,emp,-1.0851359326364878,7.424685938353659e-07,0.013603346257409285,46.10906805234707,73.51132442543934,
main,49,0.016,60,8,ASGA,emp,-2.165074022851125,9.965651574794787e-09,0.013603346257409285,46.10906805234707,73.51132442543934,
main,49,0.016,60,8,SGA,cert,-0.08759332601001246,0.005889799848613139,0.013603346257409285,46.10906805234707,0.021687707911699973,
main,49,0.016,60,8,ASGA,cert,-2.342193551582114,9.28305247315589e-05,0.013603346257409285,46.10906805234707,0.021687707911699973,
main,0,0.016,120,2,SGA,emp,-1.0625820002855892,5.850760897915808e-07,0.0056483311402091806,49.79565485635778,177.04344436912137,
main,0,0.016,120,2,ASGA,emp,-2.124002705143196,8.681235709462332e-09,0.0056483311402091806,49.79565485635778,177.04344436912137,
main,0,0.016,120,2,SGA,cert,-0.03157535845456599,0.002039621584321624,0.0056483311402091806,49.79565485635778,0.020082073483813672,
main,0,0.016,120,2,ASGA,cert,-1.1880196150060496,0.00018246108902093827,0.0056483311402091806,49.79565485635778,0.020082073483813672,
main,1,0.016,120,2,SGA,emp,-1.0810578764853334,6.744888401480353e-07,0.0068509905799799976,45.181354186056495,145.9642935318296,
main,1,0.016,120,2,ASGA,emp,-2.169657671107063,9.073723036823189e-09,0.0068509905799799976,45.181354186056495,145.9642935318296,
main,1,0.016,120,2,SGA,cert,-0.04509573997030168,0.004402385867816085,0.0068509905799799976,45.181354186056495,0.022133024076303846,
main,1,0.016,120,2,ASGA,cert,-1.675706245117234,0.0001753921230197228,0.0068509905799799976,45.181354186056495,0.022133024076303846,
main,2,0.016,120,2,SGA,emp,-1.0799213010943243,6.667054731138156e-07,0.006748254654824171,47.0187036278029,148.1864646712944,
main,2,0.016,120,2,ASGA,emp,-2.164371612735467,9.067915619775935e-09,0.006748254654824171,47.0187036278029,148.1864646712944,
main,2,0.016,120,2,SGA,cert,-0.040099766282577574,0.0036886912111008738,0.006748254654824171,47.0187036278029,0.021268132101555523,
main,2,0.016,120,2,ASGA,cert,-1.5197936252231088,0.00017994262456575566,0.006748254654824171,47.0187036278029,0.021268132101555523,
main,3,0.016,120,2,SGA,emp,-1.0657104549898007,9.340129803331321e-07,0.006639986171464558,34.43155835029471,150.6027232854061,
main,3,0.016,120,2,ASGA,emp,-2.1423636628541516,1.29931482517609e-08,0.006639986171464558,34.43155835029471,150.6027232854061,
main,3,0.016,120,2,SGA,cert,-0.06152268900738474,0.009132773967324655,0.006639986171464558,34.43155835029471,0.029043123457449922,
main,3,0.016,120,2,ASGA,cert,-2.193018571004485,0.00018863441149603866,0.006639986171464558,34.43155835029471,0.029043123457449922,
main,4,0.016,120,2,SGA,emp,-1.068325660391692,8.511394818666584e-07,0.006870223719451965,47.34139532894294,145.55566759327738,
main,4,0.016,120,2,ASGA,emp,-2.149829675042692,1.1711155795124384e-08,0.006870223719451965,47.34139532894294,145.55566759327738,
main,4,0.016,120,2,SGA,cert,-0.04597437489570271,0.008829038598560865,0.006870223719451965,47.34139532894294,0.02112316278495141,
main,4,0.016,120,2,ASGA,cert,-1.8995710690810383,0.00022279292305707465,0.006870223719451965,47.34139532894294,0.02112316278495141,
main,5,0.016,120,2,SGA,emp,-1.056340258953526,8.764451364662307e-07,0.006453479814460875,41.11522122295846,154.9551604328587,
main,5,0.016,120,2,ASGA,emp,-2.1133619461554582,1.3070177683205397e-08,0.006453479814460875,41.11522122295846,154.9551604328587,
main,5,0.016,120,2,SGA,cert,-0.04600228205241922,0.0050151037250423525,0.006453479814460875,41.11522122295846,0.02432189272622974,
main,5,0.016,120,2,ASGA,cert,-1.7316519171645623,0.0001851146780158172,0.006453479814460875,41.11522122295846,0.02432189272622974,
main,6,0.016,120,2,SGA,emp,-1.107877041609179,5.032207621782914e-07,0.00627439161355118,38.97525377742831,159.37800213812602,
main,6,0.016,120,2,ASGA,emp,-2.214819429638407,6.248713768641778e-09,0.00627439161355118,38.97525377742831,159.37800213812602,
main,6,0.016,120,2,SGA,cert,-0.03831190474304601,0.001870670826465748,0.00627439161355118,38.97525377742831,0.0256573056768428,
main,6,0.016,120,2,ASGA,cert,-1.3460217113775177,0.00012596859712986352,0.00627439161355118,38.97525377742831,0.0256573056768428,
main,7,0.016,120,2,SGA,emp,-1.0486891592915566,1.128035664391125e-06,0.0066999735919716415,42.742177919796944,149.2543196287023,
main,7,0.016,120,2,ASGA,emp,-2.1087406920480527,1.6919822334870993e-08,0.0066999735919716415,42.742177919796944,149.2543196287023,
main,7,0.016,120,2,SGA,cert,-0.04465128535798136,0.006840772972392731,0.0066999735919716415,42.742177919796944,0.023396093710443072,
main,7,0.016,120,2,ASGA,cert,-1.7788368612067227,0.0002249078217919226,0.0066999735919716415,42.742177919796944,0.023396093710443072,
main,8,0.016,120,2,SGA,emp,-1.072319766275544,7.955155002722925e-07,0.0067240974988615025,40.2585485872634,148.71884296283866,
main,8,0.016,120,2,ASGA,emp,-2.1466011422902165,1.1073049845100602e-08,0.0067240974988615025,40.2585485872634,148.71884296283866,
main,8,0.016,120,2,SGA,cert,-0.050427336763415084,0.006052955591638411,0.0067240974988615025,40.2585485872634,0.024839444915219076,
main,8,0.016,120,2,ASGA,cert,-1.8812795118577508,0.00017916206562276077,0.0067240974988615025,40.2585485872634,0.024839444915219076,
main,9,0.016,120,2,SGA,emp,-1.081138190663402,7.505361349358086e-07,0.0066817972210892595,34.07209462512992,149.66033342702684,
main,9,0.016,120,2,ASGA,emp,-2.1696361062528924,9.968241315716497e-09,0.0066817972210892595,34.07209462512992,149.66033342702684,
main,9,0.016,120,2,SGA,cert,-0.05914647645562708,0.006045300576925962,0.0066817972210892595,34.07209462512992,0.029349531075276148,
main,9,0.016,120,2,ASGA,cert,-2.0512818344316517,0.0001480594870100077,0.0066817972210892595,34.07209462512992,0.029349531075276148,
main,10,0.016,120,2,SGA,emp,-1.0538279373918287,1.1826228314137932e-06,0.006759850926310092,45.12478044098772,147.932256332442,
main,10,0.016,120,2,ASGA,emp,-2.1210472458701077,1.6992221643641336e-08,0.006759850926310092,45.12478044098772,147.932256332442,
main,10,0.016,120,2,SGA,cert,-0.048481864862662136,0.014839390036761338,0.006759850926310092,45.12478044098772,0.022160772644816692,
main,10,0.016,120,2,ASGA,cert,-2.0727584167661623,0.00028341342667043135,0.006759850926310092,45.12478044098772,0.022160772644816692,
main,11,0.016,120,2,SGA,emp,-1.0810787895885001,5.264404865021333e-07,0.006550084631482579,49.26419809940786,152.66978310380318,
main,11,0.016,120,2,ASGA,emp,-2.165577728495182,7.2898103317675655e-09,0.006550084631482579,49.26419809940786,152.66978310380318,
main,11,0.016,120,2,SGA,cert,-0.024209699421472136,0.0009254877276370366,0.006550084631482579,49.26419809940786,0.020298716686347924,
main,11,0.016,120,2,ASGA,cert,-0.854092479270399,0.0001557319200477733,0.006550084631482579,49.26419809940786,0.020298716686347924,
main,12,0.016,120,2,SGA,emp,-1.0519832744945121,9.643520285373963e-07,0.0059788955853811825,44.16735496126618,167.25496970461734,
main,12,0.016,120,2,ASGA,emp,-2.1070301633610318,1.4525884856064764e-08,0.0059788955853811825,44.16735496126618,167.25496970461734,
main,12,0.016,120,2,SGA,cert,-0.04239092554942291,0.0062183555839748356,0.0059788955853811825,44.16735496126618,0.02264115659352883,
main,12,0.016,120,2,ASGA,cert,-1.7021204945447168,0.00022619102620533016,0.0059788955853811825,44.16735496126618,0.02264115659352883,
main,13,0.016,120,2,SGA,emp,-1.0514009495372356,1.0443246242358706e-06,0.00674435105456358,41.783370357249915,148.27223433503625,
main,13,0.016,120,2,ASGA,emp,-2.113412979947758,1.5508513098727583e-08,0.00674435105456358,41.783370357249915,148.27223433503625,
main,13,0.016,120,2,SGA,cert,-0.04698470116054557,0.006684304325275267,0.00674435105456358,41.783370357249915,0.023932966427790525,
main,13,0.016,120,2,ASGA,cert,-1.8259591413331342,0.00020934484940403342,0.00674435105456358,41.783370357249915,0.023932966427790525,
main,14,0.016,120,2,SGA,emp,-1.089575375568945,7.069074831125843e-07,0.006735927959605937,32.35028620007193,148.45764473682132,
main,14,0.016,120,2,ASGA,emp,-2.188524209992785,9.053396810010383e-09,0.006735927959605937,32.35028620007193,148.45764473682132,
main,14,0.016,120,2,SGA,cert,-0.062338778700202276,0.005842608960092595,0.006735927959605937,32.35028620007193,0.03091162760710836,
main,14,0.016,120,2,ASGA,cert,-2.096965990821807,0.00013539842052640721,0.006735927959605937,32.35028620007193,0.03091162760710836,
main,15,0.016,120,2,SGA,emp,-1.080348432915859,6.305603671846738e-07,0.006231736967824447,48.75320630552969,160.46890380052554,
main,15,0.016,120,2,ASGA,emp,-2.151523693101123,8.815616257817904e-09,0.006231736967824447,48.75320630552969,160.46890380052554,
main,15,0.016,120,2,SGA,cert,-0.03519173547360633,0.00291450794788186,0.006231736967824447,48.75320630552969,0.020511471465756253,
main,15,0.016,120,2,ASGA,cert,-1.3354612751870572,0.00019521874214992185,0.006231736967824447,48.75320630552969,0.020511471465756253,
main,16,0.016,120,2,SGA,emp,-1.0881377796137404,4.963619020040277e-07,0.006236488257567527,46.98703450441265,160.34665002160028,
main,16,0.016,120,2,ASGA,emp,-2.178172045661146,6.672367817983638e-09,0.006236488257567527,46.98703450441265,160.34665002160028,
main,16,0.016,120,2,SGA,cert,-0.022435019507846373,0.0009178656628774165,0.006236488257567527,46.98703450441265,0.021282466760188662,
main,16,0.016,120,2,ASGA,cert,-0.8519450028476946,0.00015087916373793253,0.006236488257567527,46.98703450441265,0.021282466760188662,
main,17,0.016,120,2,SGA,emp,-1.0547214363735646,9.526212717964055e-07,0.006448683964037919,39.011505886868235,155.07039972444832,
main,17,0.016,120,2,ASGA,emp,-2.1253109414892206,1.3817962843387654e-08,0.006448683964037919,39.011505886868235,155.07039972444832,
main,17,0.016,120,2,SGA,cert,-0.05099212129067973,0.006746308149038094,0.006448683964037919,39.011505886868235,0.025633463186475264,
main,17,0.016,120,2,ASGA,cert,-1.9127732080611166,0.0001944177237560435,0.006448683964037919,39.011505886868235,0.025633463186475264,
main,18,0.016,120,2,SGA,emp,-1.092656188649299,5.247277880329748e-07,0.006133921713520929,47.30116354048834,163.0278387472263,
main,18,0.016,120,2,ASGA,emp,-2.183711506310009,6.940618031692214e-09,0.006133921713520929,47.30116354048834,163.0278387472263,
main,18,0.016,120,2,SGA,cert,-0.030170836603373198,0.001654505653487126,0.006133921713520929,47.30116354048834,0.021141128994512592,
main,18,0.016,120,2,ASGA,cert,-1.1110495545873358,0.00016814506238238547,0.006133921713520929,47.30116354048834,0.021141128994512592,
main,19,0.016,120,2,SGA,emp,-1.0544033267951514,9.013588556788799e-07,0.006099716464623078,48.212242272613025,163.94204645408766,
main,19,0.016,120,2,ASGA,emp,-2.1150447765459957,1.345128704255405e-08,0.006099716464623078,48.212242272613025,163.94204645408766,
main,19,0.016,120,2,SGA,cert,-0.03666341120584811,0.004793505029157694,0.006099716464623078,48.212242272613025,0.020741619822317415,
main,19,0.016,120,2,ASGA,cert,-1.496172591626273,0.00023343663934335956,0.006099716464623078,48.212242272613025,0.020741619822317415,
main,20,0.016,120,2,SGA,emp,-1.0909475379708544,5.808537346316256e-07,0.006462290431555861,46.02558791503422,154.74389623792257,
main,20,0.016,120,2,ASGA,emp,-2.1763843968306813,7.764467145621179e-09,0.006462290431555861,46.02558791503422,154.74389623792257,
main,20,0.016,120,2,SGA,cert,-0.03324132248538916,0.0020736484063127725,0.006462290431555861,46.02558791503422,0.021727044570208538,
main,20,0.016,120,2,ASGA,cert,-1.2407633529720632,0.0001659852334237738,0.006462290431555861,46.02558791503422,0.021727044570208538,
main,21,0.016,120,2,SGA,emp,-1.0787619913342654,6.43977471549706e-07,0.006657112186746233,47.106491269164465,150.215284337692,
main,21,0.016,120,2,ASGA,emp,-2.1684081064180325,8.71385379824785e-09,0.006657112186746233,47.106491269164465,150.215284337692,
main,21,0.016,120,2,SGA,cert,-0.039763628731613605,0.003213067004830865,0.006657112186746233,47.106491269164465,0.02122849681769001,
main,21,0.016,120,2,ASGA,cert,-1.4675065426612641,0.000176099403414072,0.006657112186746233,47.106491269164465,0.02122849681769001,
main,22,0.016,120,2,SGA,emp,-1.073685502817926,6.785097904082882e-07,0.006602072894245182,47.105734089404905,151.46757935248917,
main,22,0.016,120,2,ASGA,emp,-2.157853014676115,9.345187103326769e-09,0.006602072894245182,47.105734089404905,151.46757935248917,
main,22,0.016,120,2,SGA,cert,-0.03995808228779778,0.0034517526955369707,0.006602072894245182,47.105734089404905,0.021228838045534708,
main,22,0.016,120,2,ASGA,cert,-1.490605125214779,0.00018151875188328337,0.006602072894245182,47.105734089404905,0.021228838045534708,
main,23,0.016,120,2,SGA,emp,-1.077581685167152,5.36316800421599e-07,0.005848501750496802,46.269503210478355,170.9839618180938,
main,23,0.016,120,2,ASGA,emp,-2.15434113569181,7.50096437046599e-09,0.005848501750496802,46.269503210478355,170.9839618180938,
main,23,0.016,120,2,SGA,cert,-0.031965009761141416,0.0016567247234324164,0.005848501750496802,46.269503210478355,0.021612507820778514,
main,23,0.016,120,2,ASGA,cert,-1.1504053232883202,0.0001606268237339878,0.005848501750496802,46.269503210478355,0.021612507820778514,
main,24,0.016,120,2,SGA,emp,-1.1200677035935345,5.000849115227579e-07,0.006521434516952385,35.9180757852122,153.34049546928867,
main,24,0.016,120,2,ASGA,emp,-2.235708661300122,5.930695469447134e-09,0.006521434516952385,35.9180757852122,153.34049546928867,
main,24,0.016,120,2,SGA,cert,-0.045956064333809714,0.0024699836146850965,0.006521434516952385,35.9180757852122,0.027841135086966687,
main,24,0.016,120,2,ASGA,cert,-1.5815828512107613,0.00011330490452156339,0.006521434516952385,35.9180757852122,0.027841135086966687,
main,25,0.016,120,2,SGA,emp,-1.043545662664599,1.2805577633973053e-06,0.006096729977295211,43.03955053444268,164.0223535770967,
main,25,0.016,120,2,ASGA,emp,-2.0901181856408715,1.9637120388105167e-08,0.006096729977295211,43.03955053444268,164.0223535770967,
main,25,0.016,120,2,SGA,cert,-0.046907008359357676,0.012219148578785116,0.006096729977295211,43.03955053444268,0.023234443380158988,
main,25,0.016,120,2,ASGA,cert,-1.960751244955296,0.00029347582093103286,0.006096729977295211,43.03955053444268,0.023234443380158988,
main,26,0.016,120,2,SGA,emp,-1.0828417492831683,6.067485785535287e-07,0.006659942570973674,47.90973926429639,150.15144490259493,
main,26,0.016,120,2,ASGA,emp,-2.176221561247618,8.100959000834074e-09,0.006659942570973674,47.90973926429639,150.15144490259493,
main,26,0.016,120,2,SGA,cert,-0.03871401761573531,0.0029188593275717573,0.006659942570973674,47.90973926429639,0.02087258280583519,
main,26,0.016,120,2,ASGA,cert,-1.4171694775501,0.00017448956815838135,0.006659942570973674,47.90973926429639,0.02087258280583519,
main,27,0.016,120,2,SGA,emp,-1.0742753296498475,6.177679797991775e-07,0.006201993050032688,46.060250883059396,161.23849090652067,
main,27,0.016,120,2,ASGA,emp,-2.1457077891711203,8.756451647107255e-09,0.006201993050032688,46.060250883059396,161.23849090652067,
main,27,0.016,120,2,SGA,cert,-0.03519245934061453,0.0022461889565912677,0.006201993050032688,46.060250883059396,0.021710693728934773,
main,27,0.016,120,2,ASGA,cert,-1.2885295117549371,0.000169346484562731,0.006201993050032688,46.060250883059396,0.021710693728934773,
main,28,0.016,120,2,SGA,emp,-1.0471055222498715,1.0854956505601532e-06,0.006706946503623984,49.13099545327908,149.09914660265548,
main,28,0.016,120,2,ASGA,emp,-2.0982863690799776,1.669849614138741e-08,0.006706946503623984,49.13099545327908,149.09914660265548,
main,28,0.016,120,2,SGA,cert,-0.03840695914655297,0.006137412464206515,0.006706946503623984,49.13099545327908,0.020353750026313754,
main,28,0.016,120,2,ASGA,cert,-1.5866660481277404,0.00025009362916857125,0.006706946503623984,49.13099545327908,0.020353750026313754,
main,29,0.016,120,2,SGA,emp,-1.0529973778466266,1.1284063742983408e-06,0.006372263867581966,41.68276303009496,156.93009906375116,
main,29,0.016,120,2,ASGA,emp,-2.1120021316643642,1.6621779008740845e-08,0.006372263867581966,41.68276303009496,156.93009906375116,
main,29,0.016,120,2,SGA,cert,-0.0496212492735469,0.010716938134192777,0.006372263867581966,41.68276303009496,0.023990732074982646,
main,29,0.016,120,2,ASGA,cert,-2.0015090181481487,0.0002547085771919533,0.006372263867581966,41.68276303009496,0.023990732074982646,
main,30,0.016,120,2,SGA,emp,-1.0924184521280988,5.994257453248442e-07,0.006540577721995781,46.913912347384695,152.89169282967586,
main,30,0.016,120,2,ASGA,emp,-2.1757144445609256,8.004122240001799e-09,0.006540577721995781,46.913912347384695,152.89169282967586,
main,30,0.016,120,2,SGA,cert,-0.03383007602099497,0.0024294494391765495,0.006540577721995781,46.913912347384695,0.02131563858062558,
main,30,0.016,120,2,ASGA,cert,-1.2908579177602615,0.000174978941940164,0.006540577721995781,46.913912347384695,0.02131563858062558,
main,31,0.016,120,2,SGA,emp,-1.0589542660144176,1.090756420032979e-06,0.006611545218273089,36.663576615258215,151.25057259476725,
main,31,0.016,120,2,ASGA,emp,-2.1295385529155197,1.5536561689954986e-08,0.006611545218273089,36.663576615258215,151.25057259476725,
main,31,0.016,120,2,SGA,cert,-0.05774072680129416,0.010747963605151914,0.006611545218273089,36.663576615258215,0.027275025851783152,
main,31,0.016,120,2,ASGA,cert,-2.1669260621976396,0.00022543104031001737,0.006611545218273089,36.663576615258215,0.027275025851783152,
main,32,0.016,120,2,SGA,emp,-1.0566009056824615,8.764802221575274e-07,0.006268053730018199,40.06957947951311,159.5391557048916,
main,32,0.016,120,2,ASGA,emp,-2.126281934617733,1.2725349045339396e-08,0.006268053730018199,40.06957947951311,159.5391557048916,
main,32,0.016,120,2,SGA,cert,-0.04840412291216228,0.005766245098421989,0.006268053730018199,40.06957947951311,0.024956588339323175,
main,32,0.016,120,2,ASGA,cert,-1.8180114599064352,0.00018860360599216863,0.006268053730018199,40.06957947951311,0.024956588339323175,
main,33,0.016,120,2,SGA,emp,-1.1996292733396776,3.2497153666655176e-07,0.006818688909214995,41.96931783610096,146.65575938631955,
main,33,0.016,120,2,ASGA,emp,-2.4295953120061187,2.6569793865061087e-09,0.006818688909214995,41.96931783610096,146.65575938631955,
main,33,0.016,120,2,SGA,cert,-0.033272413877552115,0.0018839382775418592,0.006818688909214995,41.96931783610096,0.023826930042208712,
main,33,0.016,120,2,ASGA,cert,-1.3232651483349593,0.00012000771478307831,0.006818688909214995,41.96931783610096,0.023826930042208712,
main,34,0.016,120,2,SGA,emp,-1.053246734787581,1.1846539880178142e-06,0.006600421046455691,42.47613466078074,151.50548623515195,
main,34,0.016,120,2,ASGA,emp,-2.111625927327303,1.7510136174347934e-08,0.006600421046455691,42.47613466078074,151.50548623515195,
main,34,0.016,120,2,SGA,cert,-0.0477742944059348,0.00998159294406803,0.006600421046455691,42.47613466078074,0.02354263183281893,
main,34,0.016,120,2,ASGA,cert,-1.9402217090229357,0.0002528470642618186,0.006600421046455691,42.47613466078074,0.02354263183281893,
main,35,0.016,120,2,SGA,emp,-1.1586679913561595,4.0353679948285093e-07,0.006843370072186736,28.90541557540825,146.1268336289841,
main,35,0.016,120,2,ASGA,emp,-2.312576119364266,4.08747945906951e-09,0.006843370072186736,28.90541557540825,146.1268336289841,
main,35,0.016,120,2,SGA,cert,-0.06269892816472447,0.0032495350522428745,0.006843370072186736,28.90541557540825,0.03459559325107113,
main,35,0.016,120,2,ASGA,cert,-2.0107805270883463,8.227876512786197e-05,0.006843370072186736,28.90541557540825,0.03459559325107113,
main,36,0.016,120,2,SGA,emp,-1.091240327849746,7.04230553719154e-07,0.00680490590543939,38.199195300415916,146.95280344738734,
main,36,0.016,120,2,ASGA,emp,-2.202155514787977,8.811273023712207e-09,0.00680490590543939,38.199195300415916,146.95280344738734,
main,36,0.016,120,2,SGA,cert,-0.05384555973862611,0.005818051538195652,0.00680490590543939,38.199195300415916,0.026178561933976444,
main,36,0.016,120,2,ASGA,cert,-1.947883104173088,0.0001565301739127889,0.00680490590543939,38.199195300415916,0.026178561933976444,
main,37,0.016,120,2,SGA,emp,-1.071745748423252,6.656155785711437e-07,0.006650493601405554,47.73568425423171,150.36477890733616,
main,37,0.016,120,2,ASGA,emp,-2.139662196762752,9.530677747005e-09,0.006650493601405554,47.73568425423171,150.36477890733616,
main,37,0.016,120,2,SGA,cert,-0.03387633230836044,0.0022105777401634844,0.006650493601405554,47.73568425423171,0.020948688923660946,
main,37,0.016,120,2,ASGA,cert,-1.2579720003714716,0.0001745155206009652,0.006650493601405554,47.73568425423171,0.020948688923660946,
main,38,0.016,120,2,SGA,emp,-1.182878744619678,3.558489418895028e-07,0.006655883802890758,33.48773398309506,150.2430074824449,
main,38,0.016,120,2,ASGA,emp,-2.4065444376102207,3.0420289481858376e-09,0.006655883802890758,33.48773398309506,150.2430074824449,
main,38,0.016,120,2,SGA,cert,-0.03979675928224023,0.0017488506192789993,0.006655883802890758,33.48773398309506,0.029861680115615165,
main,38,0.016,120,2,ASGA,cert,-1.504973180879488,8.70272811578296e-05,0.006655883802890758,33.48773398309506,0.029861680115615165,
main,39,0.016,120,2,SGA,emp,-1.1106511136012895,4.496368058645728e-07,0.006141983628596009,45.50605343383628,162.81384980320914,
main,39,0.016,120,2,ASGA,emp,-2.225691035276803,5.511433399940646e-09,0.006141983628596009,45.50605343383628,162.81384980320914,
main,39,0.016,120,2,SGA,cert,-0.022357238988958285,0.0010259353185727987,0.006141983628596009,45.50605343383628,0.021975098355957286,
main,39,0.016,120,2,ASGA,cert,-0.9005426702996688,0.00014893967418774107,0.006141983628596009,45.50605343383628,0.021975098355957286,
main,40,0.016,120,2,SGA,emp,-1.0798218852095873,6.538732609667752e-07,0.006846167807634403,48.13166803019245,146.0671178531243,
main,40,0.016,120,2,ASGA,emp,-2.1651176034555406,8.897714336153495e-09,0.006846167807634403,48.13166803019245,146.0671178531243,
main,40,0.016,120,2,SGA,cert,-0.03852984830988432,0.003244879278798095,0.006846167807634403,48.13166803019245,0.02077634208257049,
main,40,0.016,120,2,ASGA,cert,-1.452270290820391,0.00017822925347863589,0.006846167807634403,48.13166803019245,0.02077634208257049,
main,41,0.016,120,2,SGA,emp,-1.051930211938693,1.1880825024346287e-06,0.006758630579497933,45.858528640282316,147.95896716613933,
main,41,0.016,120,2,ASGA,emp,-2.109625947885915,1.7762437631851924e-08,0.006758630579497933,45.858528640282316,147.95896716613933,
main,41,0.016,120,2,SGA,cert,-0.04168554931643094,0.007667192161182071,0.006758630579497933,45.858528640282316,0.021806194608729682,
main,41,0.016,120,2,ASGA,cert,-1.7268991526520843,0.00025319161517653455,0.006758630579497933,45.858528640282316,0.021806194608729682,
main,42,0.016,120,2,SGA,emp,-1.1685275786416789,3.903254085155239e-07,0.006737091335090098,32.40115072463175,148.43200875005306,
main,42,0.016,120,2,ASGA,emp,-2.3646981936719995,3.6136542716502795e-09,0.006737091335090098,32.40115072463175,148.43200875005306,
main,42,0.016,120,2,SGA,cert,-0.04565737397494241,0.002010789559498731,0.006737091335090098,32.40115072463175,0.03086310139101905,
main,42,0.016,120,2,ASGA,cert,-1.61097997475416,8.674593850207385e-05,0.006737091335090098,32.40115072463175,0.03086310139101905,
main,43,0.016,120,2,SGA,emp,-1.0648638147225304,7.401482291849448e-07,0.00676853970479765,49.70611015690135,147.74235560606726,
main,43,0.016,120,2,ASGA,emp,-2.134468087180468,1.064650637788711e-08,0.00676853970479765,49.70611015690135,147.74235560606726,
main,43,0.016,120,2,SGA,cert,-0.040077094680825466,0.004248784636676731,0.00676853970479765,49.70611015690135,0.02011825099255241,
main,43,0.016,120,2,ASGA,cert,-1.5539108919077969,0.00019779960483890663,0.00676853970479765,49.70611015690135,0.02011825099255241,
main,44,0.016,120,2,SGA,emp,-1.0560006776234625,1.058667451273032e-06,0.006864450398334466,38.148737789813936,145.67808665973197,
main,44,0.016,120,2,ASGA,emp,-2.1280270710374225,1.523952959658903e-08,0.006864450398334466,38.148737789813936,145.67808665973197,
main,44,0.016,120,2,SGA,cert,-0.05254399570640956,0.007495843192900586,0.006864450398334466,38.148737789813936,0.026213187065575974,
main,44,0.016,120,2,ASGA,cert,-1.9740457329282752,0.00020029028770705837,0.006864450398334466,38.148737789813936,0.026213187065575974,
main,45,0.016,120,2,SGA,emp,-1.1892966963487623,3.4780283088980957e-07,0.006738583224445585,31.33664099803285,148.39914662956096,
main,45,0.016,120,2,ASGA,emp,-2.4157081922979975,2.91657539092105e-09,0.006738583224445585,31.33664099803285,148.39914662956096,
main,45,0.016,120,2,SGA,cert,-0.04493301029115863,0.0018931386639011172,0.006738583224445585,31.33664099803285,0.03191152491624022,
main,45,0.016,120,2,ASGA,cert,-1.6300057103447019,7.960998803741015e-05,0.006738583224445585,31.33664099803285,0.03191152491624022,
main,46,0.016,120,2,SGA,emp,-1.048086524042489,1.1671857004652564e-06,0.006571254423564472,41.45501220493879,152.17794587499262,
main,46,0.016,120,2,ASGA,emp,-2.108155512466281,1.7468088267524884e-08,0.006571254423564472,41.45501220493879,152.17794587499262,
main,46,0.016,120,2,SGA,cert,-0.04716721189100334,0.00790136413062012,0.006571254423564472,41.45501220493879,0.024122535413965307,
main,46,0.016,120,2,ASGA,cert,-1.8676318845794722,0.0002325701177077616,0.006571254423564472,41.45501220493879,0.024122535413965307,
main,47,0.016,120,2,SGA,emp,-1.0667686930212557,7.248601933268484e-07,0.0063898195225379675,46.57858658048694,156.4989428062611,
main,47,0.016,120,2,ASGA,emp,-2.129208775892866,1.0551574600170532e-08,0.0063898195225379675,46.57858658048694,156.4989428062611,
main,47,0.016,120,2,SGA,cert,-0.038340617986745054,0.0034239189493980443,0.0063898195225379675,46.57858658048694,0.021469092847461534,
main,47,0.016,120,2,ASGA,cert,-1.4580733241939452,0.00018810162476984305,0.0063898195225379675,46.57858658048694,0.021469092847461534,
main,48,0.016,120,2,SGA,emp,-1.1574483368217832,4.004610049332391e-07,0.0065565670200644285,35.802697283487355,152.51884056699132,
main,48,0.016,120,2,ASGA,emp,-2.3260051777103143,3.994932627759962e-09,0.0065565670200644285,35.802697283487355,152.51884056699132,
main,48,0.016,120,2,SGA,cert,-0.0417536144727836,0.002053724105896909,0.0065565670200644285,35.802697283487355,0.02793085649614484,
main,48,0.016,120,2,ASGA,cert,-1.5093558620163008,0.0001016880506767362,0.0065565670200644285,35.802697283487355,0.02793085649614484,
main,49,0.016,120,2,SGA,emp,-1.1088263636516127,5.189323783252875e-07,0.0064381849419829105,38.463602895745005,155.3232796217264,
main,49,0.016,120,2,ASGA,emp,-2.216239592389674,6.415497119660607e-09,0.0064381849419829105,38.463602895745005,155.3232796217264,
main,49,0.016,120,2,SGA,cert,-0.039897534851136895,0.0020058732980799687,0.0064381849419829105,38.463602895745005,0.02599860451737931,
main,49,0.016,120,2,ASGA,cert,-1.395586469173876,0.00012445830340911818,0.0064381849419829105,38.463602895745005,0.02599860451737931,
main,0,0.016,120,4,SGA,emp,-1.086343063797169,7.330174849468074e-07,0.006759347897492223,34.237815282145625,147.94326541041167,
main,0,0.016,120,4,ASGA,emp,-2.177860966919171,9.55062690044528e-09,0.006759347897492223,34.237815282145625,147.94326541041167,
main,0,0.016,120,4,SGA,cert,-0.05957234192549114,0.006706709685074488,0.006759347897492223,34.237815282145625,0.029207471088889284,
main,0,0.016,120,4,ASGA,cert,-2.103734209968721,0.0001518643160599853,0.006759347897492223,34.237815282145625,0.029207471088889284,
main,1,0.016,120,4,SGA,emp,-1.0647889464087723,9.919672758762488e-07,0.0067476099125726155,40.35273633542239,148.20062406641654,
main,1,0.016,120,4,ASGA,emp,-2.135624191057493,1.4039024567868985e-08,0.0067476099125726155,40.35273633542239,148.20062406641654,
main,1,0.016,120,4,SGA,cert,-0.050675153783083134,0.008126202206029741,0.0067476099125726155,40.35273633542239,0.024781466904443383,
main,1,0.016,120,4,ASGA,cert,-1.9610125525187618,0.00021159719448007874,0.0067476099125726155,40.35273633542239,0.024781466904443383,
main,2,0.016,120,4,SGA,emp,-1.0619422462429238,8.496626224055448e-07,0.006633675603646698,48.240009635323844,150.74599057124152,
main,2,0.016,120,4,ASGA,emp,-2.120937825789765,1.2481633393512936e-08,0.006633675603646698,48.240009635323844,150.74599057124152,
main,2,0.016,120,4,SGA,cert,-0.038488086119242815,0.004701889335477459,0.006633675603646698,48.240009635323844,0.020729680768300427,
main,2,0.016,120,4,ASGA,cert,-1.533220901214308,0.0002168695379373073,0.006633675603646698,48.240009635323844,0.020729680768300427,
main,3,0.016,120,4,SGA,emp,-1.072146281522422,6.738975373843381e-07,0.0063546655045721104,46.98971006060454,157.3646951646017,
main,3,0.016,120,4,ASGA,emp,-2.147626727004267,9.493604270771616e-09,0.0063546655045721104,46.98971006060454,157.3646951646017,
main,3,0.016,120,4,SGA,cert,-0.03581580498812685,0.002712362455145452,0.0063546655045721104,46.98971006060454,0.021281254953696444,
main,3,0.016,120,4,ASGA,cert,-1.344980166585654,0.00018293516849188923,0.0063546655045721104,46.98971006060454,0.021281254953696444,
main,4,0.016,120,4,SGA,emp,-1.0641395058931677,9.517022346167137e-07,0.006726610276196409,44.25751619011729,148.66328788791589,
main,4,0.016,120,4,ASGA,emp,-2.1333050182737607,1.354061476832591e-08,0.006726610276196409,44.25751619011729,148.66328788791589,
main,4,0.016,120,4,SGA,cert,-0.04612959207292428,0.007852455898604706,0.006726610276196409,44.25751619011729,0.022595032123002422,
main,4,0.016,120,4,ASGA,cert,-1.8508841980064454,0.0002240376924823595,0.006726610276196409,44.25751619011729,0.022595032123002422,
main,5,0.016,120,4,SGA,emp,-1.077010902306644,6.445885866387946e-07,0.006306920002866142,48.68523181716729,158.55599873560408,
main,5,0.016,120,4,ASGA,emp,-2.153444775672613,8.961534854468045e-09,0.006306920002866142,48.68523181716729,158.55599873560408,
main,5,0.016,120,4,SGA,cert,-0.03542133072469929,0.002900023752017415,0.006306920002866142,48.68523181716729,0.020540109652869763,
main,5,0.016,120,4,ASGA,cert,-1.3437826022854071,0.00019246043613577873,0.006306920002866142,48.68523181716729,0.020540109652869763,
main,6,0.016,120,4,SGA,emp,-1.1193384211211157,5.089246226316901e-07,0.006827600380077434,39.97379015270304,146.46434242372263,
main,6,0.016,120,4,ASGA,emp,-2.2331219244525564,6.096077892481233e-09,0.006827600380077434,39.97379015270304,146.46434242372263,
main,6,0.016,120,4,SGA,cert,-0.03739301761525209,0.0019106588240064976,0.006827600380077434,39.97379015270304,0.02501639189528741,
main,6,0.016,120,4,ASGA,cert,-1.3460107632500256,0.00012661020555700814,0.006827600380077434,39.97379015270304,0.02501639189528741,
main,7,0.016,120,4,SGA,emp,-1.0735823049525224,7.622820966460275e-07,0.006793381042893085,50.16280709033304,147.202106533705,
main,7,0.016,120,4,ASGA,emp,-2.1527871382782786,1.0560600068043602e-08,0.006793381042893085,50.16280709033304,147.202106533705,
main,7,0.016,120,4,SGA,cert,-0.03937505689637171,0.004872725304094168,0.006793381042893085,50.16280709033304,0.0199350885248348,
main,7,0.016,120,4,ASGA,cert,-1.5580698860242594,0.00021522989833876877,0.006793381042893085,50.16280709033304,0.0199350885248348,
main,8,0.016,120,4,SGA,emp,-1.0574657771424736,1.0563993613210698e-06,0.006791421759290478,38.85049670024913,147.24457344031498,
main,8,0.016,120,4,ASGA,emp,-2.1121983133082596,1.563161425299775e-08,0.006791421759290478,38.85049670024913,147.24457344031498,
main,8,0.016,120,4,SGA,cert,-0.050956906800773055,0.007698153794220702,0.006791421759290478,38.85049670024913,0.02573969665601695,
main,8,0.016,120,4,ASGA,cert,-1.9499330642028063,0.00021002820765428365,0.006791421759290478,38.85049670024913,0.02573969665601695,
main,9,0.016,120,4,SGA,emp,-1.167228546377975,3.9109485554938983e-07,0.006787268095770131,32.13197640530023,147.33468398326661,
main,9,0.016,120,4,ASGA,emp,-2.3411223248442266,3.7636513766647894e-09,0.006787268095770131,32.13197640530023,147.33468398326661,
main,9,0.016,120,4,SGA,cert,-0.053749539077409716,0.0028669458120151176,0.006787268095770131,32.13197640530023,0.03112164615666306,
main,9,0.016,120,4,ASGA,cert,-1.8314259433129285,8.994469311022352e-05,0.006787268095770131,32.13197640530023,0.03112164615666306,
main,10,0.016,120,4,SGA,emp,-1.0575049151291682,1.0265838538831007e-06,0.006693844811260674,45.559632688258965,149.39097457379904,
main,10,0.016,120,4,ASGA,emp,-2.1236903015719832,1.4863322406188928e-08,0.006693844811260674,45.559632688258965,149.39097457379904,
main,10,0.016,120,4,SGA,cert,-0.045018268806327914,0.00846605983380376,0.006693844811260674,45.559632688258965,0.02194925509699526,
main,10,0.016,120,4,ASGA,cert,-1.839573355675797,0.00023859021783513568,0.006693844811260674,45.559632688258965,0.02194925509699526,
main,11,0.016,120,4,SGA,emp,-1.0747375360566584,8.560623129469369e-07,0.006836259955841544,47.83071129256981,146.27881421412388,
main,11,0.016,120,4,ASGA,emp,-2.1369177798492696,1.219822117620728e-08,0.006836259955841544,47.83071129256981,146.27881421412388,
main,11,0.016,120,4,SGA,cert,-0.03728250128838064,0.004843511134427048,0.006836259955841544,47.83071129256981,0.020907069390693832,
main,11,0.016,120,4,ASGA,cert,-1.5304779861882962,0.00021900102152323103,0.006836259955841544,47.83071129256981,0.020907069390693832,
main,12,0.016,120,4,SGA,emp,-1.0634646275844633,8.436431458841431e-07,0.006451451867442604,46.24179743891925,155.0038689812633,
main,12,0.016,120,4,ASGA,emp,-2.125012811741796,1.2293449487554842e-08,0.006451451867442604,46.24179743891925,155.0038689812633,
main,12,0.016,120,4,SGA,cert,-0.04048261404522709,0.00492263120970584,0.006451451867442604,46.24179743891925,0.02162545695419602,
main,12,0.016,120,4,ASGA,cert,-1.5932213315879686,0.0002109222912969333,0.006451451867442604,46.24179743891925,0.02162545695419602,
main,13,0.016,120,4,SGA,emp,-1.0633547058269397,8.843744646602758e-07,0.006843991545847355,50.32273362757285,146.11356447492366,
main,13,0.016,120,4,ASGA,emp,-2.135251099400453,1.2636447652147886e-08,0.006843991545847355,50.32273362757285,146.11356447492366,
main,13,0.016,120,4,SGA,cert,-0.04053129992368324,0.006352133145934885,0.006843991545847355,50.32273362757285,0.01987173446102458,
main,13,0.016,120,4,ASGA,cert,-1.6547699891787957,0.00023142684889834036,0.006843991545847355,50.32273362757285,0.01987173446102458,
main,14,0.016,120,4,SGA,emp,-1.0898931238376623,6.742612062293762e-07,0.006694657346630672,35.11821681309153,149.37284288392834,
main,14,0.016,120,4,ASGA,emp,-2.184907912476971,8.719515234845154e-09,0.006694657346630672,35.11821681309153,149.37284288392834,
main,14,0.016,120,4,SGA,cert,-0.056235095876646685,0.005094168321235527,0.006694657346630672,35.11821681309153,0.02847524990583279,
main,14,0.016,120,4,ASGA,cert,-1.9583072913198125,0.00013846835218535303,0.006694657346630672,35.11821681309153,0.02847524990583279,
main,15,0.016,120,4,SGA,emp,-1.0535158021216597,1.1638082422771312e-06,0.006664485809331437,45.21542531777488,150.0490853472636,
main,15,0.016,120,4,ASGA,emp,-2.106603458100727,1.741762141460601e-08,0.006664485809331437,45.21542531777488,150.0490853472636,
main,15,0.016,120,4,SGA,cert,-0.04377951665593686,0.008757950824756222,0.006664485809331437,45.21542531777488,0.022116346202031293,
main,15,0.016,120,4,ASGA,cert,-1.8088627851387127,0.0002587307667313993,0.006664485809331437,45.21542531777488,0.022116346202031293,
main,16,0.016,120,4,SGA,emp,-1.1094356811768329,5.609108188267542e-07,0.006742156692275141,49.61718837997395,148.320492335302,
main,16,0.016,120,4,ASGA,emp,-2.212149425308923,6.901874141651554e-09,0.006742156692275141,49.61718837997395,148.320492335302,
main,16,0.016,120,4,SGA,cert,-0.03963740200830443,0.0045001540243564606,0.006742156692275141,49.61718837997395,0.020154306050997665,
main,16,0.016,120,4,ASGA,cert,-1.561521441589012,0.00019422928324511896,0.006742156692275141,49.61718837997395,0.020154306050997665,
main,17,0.016,120,4,SGA,emp,-1.0735433557458944,7.510693194531792e-07,0.006535264770947195,43.08677930868376,153.0159886475516,
main,17,0.016,120,4,ASGA,emp,-2.1433279692391074,1.0599464528304736e-08,0.006535264770947195,43.08677930868376,153.0159886475516,
main,17,0.016,120,4,SGA,cert,-0.04176458349264752,0.004000559882324686,0.006535264770947195,43.08677930868376,0.02320897537585175,
main,17,0.016,120,4,ASGA,cert,-1.5887245646721626,0.00017807079191755476,0.006535264770947195,43.08677930868376,0.02320897537585175,
main,18,0.016,120,4,SGA,emp,-1.0871542758375738,7.511841851604029e-07,0.006850045765555506,34.78318101151724,145.98442612286763,
main,18,0.016,120,4,ASGA,emp,-2.1664388247605433,1.0027624099129273e-08,0.006850045765555506,34.78318101151724,145.98442612286763,
main,18,0.016,120,4,SGA,cert,-0.0571863423533395,0.005971695596194294,0.006850045765555506,34.78318101151724,0.028749526952951333,
main,18,0.016,120,4,ASGA,cert,-2.0206307318251056,0.0001516857000960145,0.006850045765555506,34.78318101151724,0.028749526952951333,
main,19,0.016,120,4,SGA,emp,-1.076643040661987,7.762675947875497e-07,0.006523674519301979,40.46554967282939,153.287843690123,
main,19,0.016,120,4,ASGA,emp,-2.1597001165564977,1.0483403423133808e-08,0.006523674519301979,40.46554967282939,153.287843690123,
main,19,0.016,120,4,SGA,cert,-0.05047788232946499,0.00698790648256864,0.006523674519301979,40.46554967282939,0.024712379001030856,
main,19,0.016,120,4,ASGA,cert,-1.9345009245506821,0.00018453998045917658,0.006523674519301979,40.46554967282939,0.024712379001030856,
main,20,0.016,120,4,SGA,emp,-1.085210646605194,6.747302592341464e-07,0.006876089028613734,47.745924147761855,145.43150849831372,
main,20,0.016,120,4,ASGA,emp,-2.1593228639175495,9.264525833996284e-09,0.006876089028613734,47.745924147761855,145.43150849831372,
main,20,0.016,120,4,SGA,cert,-0.036012565727576634,0.003089305757717292,0.006876089028613734,47.745924147761855,0.020944196135051166,
main,20,0.016,120,4,ASGA,cert,-1.3896748809389776,0.0001858963488035742,0.006876089028613734,47.745924147761855,0.020944196135051166,
main,21,0.016,120,4,SGA,emp,-1.0763100177810108,7.862044166320747e-07,0.006866108979968628,46.318899396462754,145.64289656884665,
main,21,0.016,120,4,ASGA,emp,-2.1551529541859193,1.0782505506512496e-08,0.006866108979968628,46.318899396462754,145.64289656884665,
main,21,0.016,120,4,SGA,cert,-0.04157669471578146,0.0052883869694905355,0.006866108979968628,46.318899396462754,0.0215894594437701,
main,21,0.016,120,4,ASGA,cert,-1.6497106696706392,0.00020007904831124274,0.006866108979968628,46.318899396462754,0.0215894594437701,
main,22,0.016,120,4,SGA,emp,-1.069111604716814,9.845865250046604e-07,0.006846554538411456,36.91149007139552,146.05886718489808,
main,22,0.016,120,4,ASGA,emp,-2.1531852824571307,1.3366490456134805e-08,0.006846554538411456,36.91149007139552,146.05886718489808,
main,22,0.016,120,4,SGA,cert,-0.058785077039136865,0.011067826105353187,0.006846554538411456,36.91149007139552,0.02709183503743047,
main,22,0.016,120,4,ASGA,cert,-2.219641216504857,0.0002114976283114356,0.006846554538411456,36.91149007139552,0.02709183503743047,
main,23,0.016,120,4,SGA,emp,-1.0759108445904453,7.811701286247752e-07,0.006761011394720664,43.4189299938044,147.90686505584802,
main,23,0.016,120,4,ASGA,emp,-2.1464761082082155,1.0911613342046156e-08,0.006761011394720664,43.4189299938044,147.90686505584802,
main,23,0.016,120,4,SGA,cert,-0.042744280936950305,0.004757014314788213,0.006761011394720664,43.4189299938044,0.023031428921502523,
main,23,0.016,120,4,ASGA,cert,-1.6636966810318936,0.00018292757206635896,0.006761011394720664,43.4189299938044,0.023031428921502523,
main,24,0.016,120,4,SGA,emp,-1.141704509529046,4.395194097076005e-07,0.006747902004165294,47.25830070192531,148.19420901233119,
main,24,0.016,120,4,ASGA,emp,-2.2829247489369537,4.778309671549241e-09,0.006747902004165294,47.25830070192531,148.19420901233119,
main,24,0.016,120,4,SGA,cert,-0.03169710237067909,0.001989454223022394,0.006747902004165294,47.25830070192531,0.021160303801597755,
main,24,0.016,120,4,ASGA,cert,-1.2079008156470683,0.0001615644509321834,0.006747902004165294,47.25830070192531,0.021160303801597755,
main,25,0.016,120,4,SGA,emp,-1.1013725665540066,6.610900360401462e-07,0.006865416470498856,50.40462715962082,145.65758745985264,
main,25,0.016,120,4,ASGA,emp,-2.198655379404327,8.323145846145241e-09,0.006865416470498856,50.40462715962082,145.65758745985264,
main,25,0.016,120,4,SGA,cert,-0.03867419706483182,0.005331479512174615,0.006865416470498856,50.40462715962082,0.019839448406853817,
main,25,0.016,120,4,ASGA,cert,-1.57185248051098,0.0002175721358954122,0.006865416470498856,50.40462715962082,0.019839448406853817,
main,26,0.016,120,4,SGA,emp,-1.0708467857748196,8.820930283426343e-07,0.0065687382440008345,44.47671128690073,152.2362382019546,
main,26,0.016,120,4,ASGA,emp,-2.1446166332029746,1.2233390966898128e-08,0.0065687382440008345,44.47671128690073,152.2362382019546,
main,26,0.016,120,4,SGA,cert,-0.046219224778448094,0.008146735532382841,0.0065687382440008345,44.47671128690073,0.022483676761742042,
main,26,0.016,120,4,ASGA,cert,-1.8673927231358571,0.00022261720813798735,0.0065687382440008345,44.47671128690073,0.022483676761742042,
main,27,0.016,120,4,SGA,emp,-1.1094338872922516,5.613345680777204e-07,0.0068034526862132605,50.12286287900139,146.9841926036221,
main,27,0.016,120,4,ASGA,emp,-2.207710154737769,6.975205045500754e-09,0.0068034526862132605,50.12286287900139,146.9841926036221,
main,27,0.016,120,4,SGA,cert,-0.03728632021569219,0.0038990087221977693,0.0068034526862132605,50.12286287900139,0.019950975314679056,
main,27,0.016,120,4,ASGA,cert,-1.4636224033901637,0.00019675144425358726,0.0068034526862132605,50.12286287900139,0.019950975314679056,
main,28,0.016,120,4,SGA,emp,-1.0524054779837584,1.1488611625642964e-06,0.006851186322158911,48.5524253104134,145.96012325130943,
main,28,0.016,120,4,ASGA,emp,-2.119684606551905,1.66457379130458e-08,0.006851186322158911,48.5524253104134,145.96012325130943,
main,28,0.016,120,4,SGA,cert,-0.04465301011161009,0.012881335338074243,0.006851186322158911,48.5524253104134,0.020596293462306663,
main,28,0.016,120,4,ASGA,cert,-1.9333031603172723,0.0002837115937627116,0.006851186322158911,48.5524253104134,0.020596293462306663,
main,29,0.016,120,4,SGA,emp,-1.0968836641505249,5.439929079281702e-07,0.006297754893820777,49.701843323237476,158.78674493686293,
main,29,0.016,120,4,ASGA,emp,-2.190802329683867,7.064894426422885e-09,0.006297754893820777,49.701843323237476,158.78674493686293,
main,29,0.016,120,4,SGA,cert,-0.03200496308541561,0.0021862512505144496,0.006297754893820777,49.701843323237476,0.02011997811623342,
main,29,0.016,120,4,ASGA,cert,-1.195843149563434,0.0001883352984374323,0.006297754893820777,49.701843323237476,0.02011997811623342,
main,30,0.016,120,4,SGA,emp,-1.0981333594308489,6.008842600296882e-07,0.006785747769030574,46.428904900904996,147.36769388392136,
main,30,0.016,120,4,ASGA,emp,-2.1984647049740693,7.639351665145178e-09,0.006785747769030574,46.428904900904996,147.36769388392136,
main,30,0.016,120,4,SGA,cert,-0.03966054913443419,0.0035016677477039265,0.006785747769030574,46.428904900904996,0.021538306839981227,
main,30,0.016,120,4,ASGA,cert,-1.505254465255471,0.00017363147018709807,0.006785747769030574,46.428904900904996,0.021538306839981227,
main,31,0.016,120,4,SGA,emp,-1.0635783755424855,8.949351630663238e-07,0.006626395984479082,48.820887397072745,150.91159694384194,
main,31,0.016,120,4,ASGA,emp,-2.1349468524588753,1.2752754720291026e-08,0.006626395984479082,48.820887397072745,150.91159694384194,
main,31,0.016,120,4,SGA,cert,-0.041735740750969405,0.006838056077606784,0.006626395984479082,48.820887397072745,0.020483036120723178,
main,31,0.016,120,4,ASGA,cert,-1.7013406331915533,0.00023525425357511648,0.006626395984479082,48.820887397072745,0.020483036120723178,
main,32,0.016,120,4,SGA,emp,-1.1548882287766378,4.2928851232831855e-07,0.006844928614356736,32.860492107835434,146.09356157529143,
main,32,0.016,120,4,ASGA,emp,-2.3010277788430895,4.443962225986198e-09,0.006844928614356736,32.860492107835434,146.09356157529143,
main,32,0.016,120,4,SGA,cert,-0.05528908273697075,0.00350227547181034,0.006844928614356736,32.860492107835434,0.030431680594386307,
main,32,0.016,120,4,ASGA,cert,-1.9059186877869148,9.963163477201553e-05,0.006844928614356736,32.860492107835434,0.030431680594386307,
main,33,0.016,120,4,SGA,emp,-1.1005745591014118,6.099304009771211e-07,0.006692575814454444,39.23602361818921,149.4193009872562,
main,33,0.016,120,4,ASGA,emp,-2.2040868137213736,7.666732332323178e-09,0.006692575814454444,39.23602361818921,149.4193009872562,
main,33,0.016,120,4,SGA,cert,-0.04794747188272927,0.003609708266477045,0.006692575814454444,39.23602361818921,0.025486782496899497,
main,33,0.016,120,4,ASGA,cert,-1.6811217623185306,0.00014481251617936425,0.006692575814454444,39.23602361818921,0.025486782496899497,
main,34,0.016,120,4,SGA,emp,-1.0796524945116717,7.995318712164523e-07,0.006771340569519031,36.84534632234441,147.68124416920742,
main,34,0.016,120,4,ASGA,emp,-2.166255536762024,1.0641183337267712e-08,0.006771340569519031,36.84534632234441,147.68124416920742,
main,34,0.016,120,4,SGA,cert,-0.0557835349860669,0.007437305770287769,0.006771340569519031,36.84534632234441,0.027140469552149715,
main,34,0.016,120,4,ASGA,cert,-2.066249819996884,0.00017186159367146847,0.006771340569519031,36.84534632234441,0.027140469552149715,
main,35,0.016,120,4,SGA,emp,-1.0653060639431646,8.098045805107756e-07,0.006821795055647695,50.489302026215725,146.58898308182245,
main,35,0.016,120,4,ASGA,emp,-2.1325821984226385,1.1680846852268889e-08,0.006821795055647695,50.489302026215725,146.58898308182245,
main,35,0.016,120,4,SGA,cert,-0.037857737311859166,0.00431058784192901,0.006821795055647695,50.489302026215725,0.01980617595942932,
main,35,0.016,120,4,ASGA,cert,-1.4923974012680155,0.00021763763984141565,0.006821795055647695,50.489302026215725,0.01980617595942932,
main,36,0.016,120,4,SGA,emp,-1.0711781132559604,8.847672156725439e-07,0.006740894169529323,35.863228545438574,148.3482717352651,
main,36,0.016,120,4,ASGA,emp,-2.154371028984839,1.2082659525680661e-08,0.006740894169529323,35.863228545438574,148.3482717352651,
main,36,0.016,120,4,SGA,cert,-0.056782853697158166,0.007213263151223198,0.006740894169529323,35.863228545438574,0.027883713780341997,
main,36,0.016,120,4,ASGA,cert,-2.0522906436896537,0.00017600233357303874,0.006740894169529323,35.863228545438574,0.027883713780341997,
main,37,0.016,120,4,SGA,emp,-1.0672255270487998,8.85544078760292e-07,0.006860275838020217,47.95499005694454,145.76673352664875,
main,37,0.016,120,4,ASGA,emp,-2.143665205108508,1.233261538724495e-08,0.006860275838020217,47.95499005694454,145.76673352664875,
main,37,0.016,120,4,SGA,cert,-0.044726651531394025,0.008574680285817524,0.006860275838020217,47.95499005694454,0.02085288723472869,
main,37,0.016,120,4,ASGA,cert,-1.848899295796566,0.00023060090659587917,0.006860275838020217,47.95499005694454,0.02085288723472869,
main,38,0.016,120,4,SGA,emp,-1.1233137846582824,4.964383803346406e-07,0.006837441890413965,48.89973977825444,146.253528150929,
main,38,0.016,120,4,ASGA,emp,-2.2267239169575443,5.9943079736002325e-09,0.006837441890413965,48.89973977825444,146.253528150929,
main,38,0.016,120,4,SGA,cert,-0.03205718871789972,0.0023843011148942383,0.006837441890413965,48.89973977825444,0.02045000657538666,
main,38,0.016,120,4,ASGA,cert,-1.26445208503664,0.0001729476371323882,0.006837441890413965,48.89973977825444,0.02045000657538666,
main,39,0.016,120,4,SGA,emp,-1.0957908116409874,6.229974970906049e-07,0.00670205817102367,45.06431723047135,149.20789621365824,
main,39,0.016,120,4,ASGA,emp,-2.184435311708441,8.160589176631206e-09,0.00670205817102367,45.06431723047135,149.20789621365824,
main,39,0.016,120,4,SGA,cert,-0.03620957751455077,0.0027718441132325716,0.00670205817102367,45.06431723047135,0.02219050595808928,
main,39,0.016,120,4,ASGA,cert,-1.383532766483284,0.00016975651063057956,0.00670205817102367,45.06431723047135,0.02219050595808928,
main,40,0.016,120,4,SGA,emp,-1.1042446119379863,5.941782655546901e-07,0.00679122292430836,39.791346620572845,147.2488845007018,
main,40,0.016,120,4,ASGA,emp,-2.208773131519492,7.333845072898804e-09,0.00679122292430836,39.791346620572845,147.2488845007018,
main,40,0.016,120,4,SGA,cert,-0.0492779456730458,0.004923972676102631,0.00679122292430836,39.791346620572845,0.025131092182816,
main,40,0.016,120,4,ASGA,cert,-1.8392195802453226,0.000146704558329748,0.00679122292430836,39.791346620572845,0.025131092182816,
main,41,0.016,120,4,SGA,emp,-1.057989527432326,1.032945269735519e-06,0.006767016464874763,39.46812036742057,147.77561207227046,
main,41,0.016,120,4,ASGA,emp,-2.1320465937767055,1.4703946615846064e-08,0.006767016464874763,39.46812036742057,147.77561207227046,
main,41,0.016,120,4,SGA,cert,-0.052586655909622526,0.008729175220788477,0.006767016464874763,39.46812036742057,0.0253369045875684,
main,41,0.016,120,4,ASGA,cert,-2.0197151538524176,0.00021204002902701358,0.006767016464874763,39.46812036742057,0.0253369045875684,
main,42,0.016,120,4,SGA,emp,-1.1460834009180778,4.408363594998743e-07,0.006797096221862233,46.92764770161564,147.1216483273537,
main,42,0.016,120,4,ASGA,emp,-2.2794947377523154,4.768605940674853e-09,0.006797096221862233,46.92764770161564,147.1216483273537,
main,42,0.016,120,4,SGA,cert,-0.03827906895496552,0.003389525578362973,0.006797096221862233,46.92764770161564,0.02130939966048142,
main,42,0.016,120,4,ASGA,cert,-1.4880762909574659,0.00016369507153186913,0.006797096221862233,46.92764770161564,0.02130939966048142,
main,43,0.016,120,4,SGA,emp,-1.0565797498669658,9.843634105610732e-07,0.006662593967698128,42.75733397828043,150.0916917417214,
main,43,0.016,120,4,ASGA,emp,-2.1173657799565904,1.4478743315393672e-08,0.006662593967698128,42.75733397828043,150.0916917417214,
main,43,0.016,120,4,SGA,cert,-0.046570631153094344,0.007127270979016206,0.006662593967698128,42.75733397828043,0.023387800570259434,
main,43,0.016,120,4,ASGA,cert,-1.8364902907267708,0.0002141936631211011,0.006662593967698128,42.75733397828043,0.023387800570259434,
main,44,0.016,120,4,SGA,emp,-1.0653106308593452,8.373970774092077e-07,0.0067724596479743476,44.718331295527214,147.6568413809747,
main,44,0.016,120,4,ASGA,emp,-2.136276183949076,1.1968026972231094e-08,0.0067724596479743476,44.718331295527214,147.6568413809747,
main,44,0.016,120,4,SGA,cert,-0.04219618388573605,0.0047235621503526545,0.0067724596479743476,44.718331295527214,0.02236219400476648,
main,44,0.016,120,4,ASGA,cert,-1.6351074575679694,0.00019248918182775826,0.0067724596479743476,44.718331295527214,0.02236219400476648,
main,45,0.016,120,4,SGA,emp,-1.0798057082629389,7.422186703714972e-07,0.006671708188274987,35.838165021886304,149.88665148116385,
main,45,0.016,120,4,ASGA,emp,-2.175170828471983,9.785712289100967e-09,0.006671708188274987,35.838165021886304,149.88665148116385,
main,45,0.016,120,4,SGA,cert,-0.055166337151521416,0.005400303434143834,0.006671708188274987,35.838165021886304,0.02790321433559173,
main,45,0.016,120,4,ASGA,cert,-1.9465706910709224,0.00015027819989824054,0.006671708188274987,35.838165021886304,0.02790321433559173,
main,46,0.016,120,4,SGA,emp,-1.0619126214105699,9.494932341064244e-07,0.0067401107717612735,47.26680386916898,148.36551413808408,
main,46,0.016,120,4,ASGA,emp,-2.128241512039459,1.368302894599882e-08,0.0067401107717612735,47.26680386916898,148.36551413808408,
main,46,0.016,120,4,SGA,cert,-0.041752833992027616,0.006724108154516149,0.0067401107717612735,47.26680386916898,0.021156497121487757,
main,46,0.016,120,4,ASGA,cert,-1.6986708890379663,0.00023119931625451007,0.0067401107717612735,47.26680386916898,0.021156497121487757,
main,47,0.016,120,4,SGA,emp,-1.073493469123485,8.710560333927142e-07,0.006778437609295424,43.474277432071794,147.52662156669814,
main,47,0.016,120,4,ASGA,emp,-2.1608547521347585,1.1716642121795129e-08,0.006778437609295424,43.474277432071794,147.52662156669814,
main,47,0.016,120,4,SGA,cert,-0.04920824730287636,0.008834663061650198,0.006778437609295424,43.474277432071794,0.023002107431514922,
main,47,0.016,120,4,ASGA,cert,-1.9687164350683175,0.00021211277846799187,0.006778437609295424,43.474277432071794,0.023002107431514922,
main,48,0.016,120,4,SGA,emp,-1.156074082154334,4.113782370099295e-07,0.006690635109732982,35.500496981710555,149.46264197628756,
main,48,0.016,120,4,ASGA,emp,-2.316819837616219,4.173887999114889e-09,0.006690635109732982,35.500496981710555,149.46264197628756,
main,48,0.016,120,4,SGA,cert,-0.04337195394657553,0.002177088756376226,0.006690635109732982,35.500496981710555,0.028168619738343056,
main,48,0.016,120,4,ASGA,cert,-1.553510636365139,0.0001010191065470914,0.006690635109732982,35.500496981710555,0.028168619738343056,
main,49,0.016,120,4,SGA,emp,-1.1613439739488935,3.952186350408837e-07,0.006694086689789456,49.93488698434036,149.38557660529077,
main,49,0.016,120,4,ASGA,emp,-2.32405409432102,3.9458980249929e-09,0.006694086689789456,49.93488698434036,149.38557660529077,
main,49,0.016,120,4,SGA,cert,-0.03234168959003003,0.0024617697035910283,0.006694086689789456,49.93488698434036,0.020026079168129512,
main,49,0.016,120,4,ASGA,cert,-1.2593642307720376,0.00017770873750024008,0.006694086689789456,49.93488698434036,0.020026079168129512,
main,0,0.016,120,8,SGA,emp,-1.0844027952491535,7.512197736300741e-07,0.006777643019660881,50.40308111434399,147.54391712563742,
main,0,0.016,120,8,ASGA,emp,-2.1609499653737374,1.0219197016381187e-08,0.006777643019660881,50.40308111434399,147.54391712563742,
main,0,0.016,120,8,SGA,cert,-0.03581949310280812,0.004322097124162191,0.006777643019660881,50.40308111434399,0.019840056954681176,
main,0,0.016,120,8,ASGA,cert,-1.4425934179164857,0.0002261247125419502,0.006777643019660881,50.40308111434399,0.019840056954681176,
main,1,0.016,120,8,SGA,emp,-1.085390090081979,7.01779602707564e-07,0.006646680421207933,49.44163728828042,150.45104272039984,
main,1,0.016,120,8,ASGA,emp,-2.1673919655151868,9.445277490693904e-09,0.006646680421207933,49.44163728828042,150.45104272039984,
main,1,0.016,120,8,SGA,cert,-0.03678923219288206,0.0039701113989301096,0.006646680421207933,49.44163728828042,0.02022586740340492,
main,1,0.016,120,8,ASGA,cert,-1.4465806143787185,0.00021228083245728585,0.006646680421207933,49.44163728828042,0.02022586740340492,
main,2,0.016,120,8,SGA,emp,-1.0717223826158293,7.905233940161405e-07,0.006543922184375703,44.989699737098015,152.81355306877035,
main,2,0.016,120,8,ASGA,emp,-2.143655424721881,1.1062478912082785e-08,0.006543922184375703,44.989699737098015,152.81355306877035,
main,2,0.016,120,8,SGA,cert,-0.043962557200752574,0.005826562371736059,0.006543922184375703,44.989699737098015,0.022227309936354408,
main,2,0.016,120,8,ASGA,cert,-1.7245467471780194,0.0002017654861498977,0.006543922184375703,44.989699737098015,0.022227309936354408,
main,3,0.016,120,8,SGA,emp,-1.0878344024485498,7.193514771075549e-07,0.006786099095336033,46.216311334978755,147.36006444221871,
main,3,0.016,120,8,ASGA,emp,-2.1776194450072173,9.4558076993434e-09,0.006786099095336033,46.216311334978755,147.36006444221871,
main,3,0.016,120,8,SGA,cert,-0.043163930257818825,0.005423361062965842,0.006786099095336033,46.216311334978755,0.021637382368141337,
main,3,0.016,120,8,ASGA,cert,-1.6904935240890344,0.00019570917969020246,0.006786099095336033,46.216311334978755,0.021637382368141337,
main,4,0.016,120,8,SGA,emp,-1.1121799254363671,5.826544615533669e-07,0.006805236589835133,38.94419195899266,146.94566262305753,
main,4,0.016,120,8,ASGA,emp,-2.2240907289787804,7.004570146129652e-09,0.006805236589835133,38.94419195899266,146.94566262305753,
main,4,0.016,120,8,SGA,cert,-0.04956357315382719,0.004321913617950791,0.006805236589835133,38.94419195899266,0.025677769898345228,
main,4,0.016,120,8,ASGA,cert,-1.7886478142757036,0.00014324027138928191,0.006805236589835133,38.94419195899266,0.025677769898345228,
main,5,0.016,120,8,SGA,emp,-1.101216712706909,6.414258886949797e-07,0.006855522779106333,48.624236939077406,145.86779626022295,
main,5,0.016,120,8,ASGA,emp,-2.1981988002464465,8.103261069092316e-09,0.006855522779106333,48.624236939077406,145.86779626022295,
main,5,0.016,120,8,SGA,cert,-0.04029287908610911,0.005027871057109987,0.006855522779106333,48.624236939077406,0.020565875434773947,
main,5,0.016,120,8,ASGA,cert,-1.6093611583473562,0.00019791891074091156,0.006855522779106333,48.624236939077406,0.020565875434773947,
main,6,0.016,120,8,SGA,emp,-1.130201877106408,4.958979249666817e-07,0.006802114147001362,50.1919532595057,147.01311656771287,
main,6,0.016,120,8,ASGA,emp,-2.240631975478676,5.794031754380313e-09,0.006802114147001362,50.1919532595057,147.01311656771287,
main,6,0.016,120,8,SGA,cert,-0.034902834097075564,0.003293481812819528,0.006802114147001362,50.1919532595057,0.019923512337320985,
main,6,0.016,120,8,ASGA,cert,-1.3788729966392672,0.0001909295101515454,0.006802114147001362,50.1919532595057,0.019923512337320985,
main,7,0.016,120,8,SGA,emp,-1.0797787859754617,7.550516162302401e-07,0.006532753852154192,41.96054197121348,153.07480162753222,
main,7,0.016,120,8,ASGA,emp,-2.1533465348249186,1.0352104104494053e-08,0.006532753852154192,41.96054197121348,153.07480162753222,
main,7,0.016,120,8,SGA,cert,-0.04659322732098535,0.005890344773632594,0.006532753852154192,41.96054197121348,0.02383191334101542,
main,7,0.016,120,8,ASGA,cert,-1.8045810810243086,0.00018508883169496976,0.006532753852154192,41.96054197121348,0.02383191334101542,
main,8,0.016,120,8,SGA,emp,-1.0673309106624933,8.15851236998788e-07,0.006746457357210728,46.539974790343074,148.2259424542546,
main,8,0.016,120,8,ASGA,emp,-2.1306858826076507,1.1787693987574954e-08,0.006746457357210728,46.539974790343074,148.2259424542546,
main,8,0.016,120,8,SGA,cert,-0.039400428557802826,0.004250638664789738,0.006746457357210728,46.539974790343074,0.02148690463423924,
main,8,0.016,120,8,ASGA,cert,-1.5363308471789159,0.00020099083563188125,0.006746457357210728,46.539974790343074,0.02148690463423924,
main,9,0.016,120,8,SGA,emp,-1.07195973936983,8.301119030218462e-07,0.006722430191775011,50.12522025799381,148.7557284303992,
main,9,0.016,120,8,ASGA,emp,-2.148754524880466,1.1489231656336418e-08,0.006722430191775011,50.12522025799381,148.7557284303992,
main,9,0.016,120,8,SGA,cert,-0.04116838865215297,0.006897836551269604,0.006722430191775011,50.12522025799381,0.01995003702433653,
main,9,0.016,120,8,ASGA,cert,-1.6872098412459162,0.00023704554014600254,0.006722430191775011,50.12522025799381,0.01995003702433653,
main,10,0.016,120,8,SGA,emp,-1.0780489501410695,8.536853291912783e-07,0.00683325228156529,39.739455087690054,146.34319922561536,
main,10,0.016,120,8,ASGA,emp,-2.1723049750056096,1.124605805008505e-08,0.00683325228156529,39.739455087690054,146.34319922561536,
main,10,0.016,120,8,SGA,cert,-0.05280879260791472,0.008004978654783897,0.00683325228156529,39.739455087690054,0.025163908206425466,
main,10,0.016,120,8,ASGA,cert,-2.0198518798238245,0.00018970097294949972,0.00683325228156529,39.739455087690054,0.025163908206425466,
main,11,0.016,120,8,SGA,emp,-1.0808849468573916,8.097234299453415e-07,0.006835756531160368,45.46766189841339,146.28958703276845,
main,11,0.016,120,8,ASGA,emp,-2.165697986006457,1.084951664620526e-08,0.006835756531160368,45.46766189841339,146.28958703276845,
main,11,0.016,120,8,SGA,cert,-0.04395638890284419,0.006207638841698636,0.006835756531160368,45.46766189841339,0.021993653472533087,
main,11,0.016,120,8,ASGA,cert,-1.7405060985025875,0.0002073378540735013,0.006835756531160368,45.46766189841339,0.021993653472533087,
main,12,0.016,120,8,SGA,emp,-1.0657631476776428,8.885034623457022e-07,0.006809482237567031,50.31057995238326,146.85404339306882,
main,12,0.016,120,8,ASGA,emp,-2.138140403399714,1.2566504059563499e-08,0.006809482237567031,50.31057995238326,146.85404339306882,
main,12,0.016,120,8,SGA,cert,-0.04031259846971839,0.006743113604344167,0.006809482237567031,50.31057995238326,0.01987653493452979,
main,12,0.016,120,8,ASGA,cert,-1.6563869174604042,0.0002431014753334973,0.006809482237567031,50.31057995238326,0.01987653493452979,
main,13,0.016,120,8,SGA,emp,-1.0591848834122808,1.0157651409992141e-06,0.006829888506744719,47.35738031154809,146.41527442394852,
main,13,0.016,120,8,ASGA,emp,-2.1215183197051135,1.4789950666949103e-08,0.006829888506744719,47.35738031154809,146.41527442394852,
main,13,0.016,120,8,SGA,cert,-0.042602685470572756,0.0077384368675601015,0.006829888506744719,47.35738031154809,0.02111603288487117,
main,13,0.016,120,8,ASGA,cert,-1.7529624805947812,0.0002430879735862146,0.006829888506744719,47.35738031154809,0.02111603288487117,
main,14,0.016,120,8,SGA,emp,-1.1157585410838036,5.350543458709778e-07,0.006673010625076503,47.929460377836165,149.85739663625,
main,14,0.016,120,8,ASGA,emp,-2.2242396837684004,6.455808429506327e-09,0.006673010625076503,47.929460377836165,149.85739663625,
main,14,0.016,120,8,SGA,cert,-0.037173834111618065,0.0033232887586793908,0.006673010625076503,47.929460377836165,0.020863994547754727,
main,14,0.016,120,8,ASGA,cert,-1.4288997706136601,0.000182033321133028,0.006673010625076503,47.929460377836165,0.020863994547754727,
main,15,0.016,120,8,SGA,emp,-1.0810729690472531,7.924913529369637e-07,0.006748233117746627,49.74443999163787,148.18693761040674,
main,15,0.016,120,8,ASGA,emp,-2.1711121222355394,1.0450035524411927e-08,0.006748233117746627,49.74443999163787,148.18693761040674,
main,15,0.016,120,8,SGA,cert,-0.04261450448618573,0.008288316544110677,0.006748233117746627,49.74443999163787,0.020102749174945016,
main,15,0.016,120,8,ASGA,cert,-1.781761143340966,0.0002367783124820888,0.006748233117746627,49.74443999163787,0.020102749174945016,
main,16,0.016,120,8,SGA,emp,-1.0709154977315785,8.006774638788516e-07,0.00685130356944992,48.7935600945718,145.95762541584307,
main,16,0.016,120,8,ASGA,emp,-2.145489195235852,1.1215534091724155e-08,0.00685130356944992,48.7935600945718,145.95762541584307,
main,16,0.016,120,8,SGA,cert,-0.040821574125219966,0.005336299751905874,0.00685130356944992,48.7935600945718,0.020494507842055334,
main,16,0.016,120,8,ASGA,cert,-1.622800272503347,0.00021406209194120562,0.00685130356944992,48.7935600945718,0.020494507842055334,
main,17,0.016,120,8,SGA,emp,-1.1042863617947407,5.708411466090468e-07,0.006725188464229546,49.869919427469625,148.69471767503282,
main,17,0.016,120,8,ASGA,emp,-2.198764611341517,7.2579793980454e-09,0.006725188464229546,49.869919427469625,148.69471767503282,
main,17,0.016,120,8,SGA,cert,-0.03578757491840246,0.0032727286269806227,0.006725188464229546,49.869919427469625,0.020052167949747568,
main,17,0.016,120,8,ASGA,cert,-1.3936810667025474,0.000190787976748992,0.006725188464229546,49.869919427469625,0.020052167949747568,
main,18,0.016,120,8,SGA,emp,-1.0865863304524108,7.114134265157057e-07,0.0068139803365215345,49.513954260631735,146.75710093265246,
main,18,0.016,120,8,ASGA,emp,-2.169011108088817,9.506016140914397e-09,0.0068139803365215345,49.513954260631735,146.75710093265246,
main,18,0.016,120,8,SGA,cert,-0.03985692676095722,0.005154958633964785,0.0068139803365215345,49.513954260631735,0.02019632677156416,
main,18,0.016,120,8,ASGA,cert,-1.5890450634219737,0.00021377481469015552,0.0068139803365215345,49.513954260631735,0.02019632677156416,
main,19,0.016,120,8,SGA,emp,-1.0733429613958514,8.547951645260232e-07,0.006650253281439982,40.43648692374592,150.37021263398702,
main,19,0.016,120,8,ASGA,emp,-2.1561948816610306,1.1608925994111008e-08,0.006650253281439982,40.43648692374592,150.37021263398702,
main,19,0.016,120,8,SGA,cert,-0.051499322158444376,0.007992218677535336,0.006650253281439982,40.43648692374592,0.024730140427030027,
main,19,0.016,120,8,ASGA,cert,-1.9860557744975285,0.00019788973680549132,0.006650253281439982,40.43648692374592,0.024730140427030027,
main,20,0.016,120,8,SGA,emp,-1.0692338273566637,8.167212996665341e-07,0.006671943059539364,48.481725562142586,149.88137504714265,
main,20,0.016,120,8,ASGA,emp,-2.13815574615203,1.1613241826524678e-08,0.006671943059539364,48.481725562142586,149.88137504714265,
main,20,0.016,120,8,SGA,cert,-0.03963702152077253,0.0052983083179018245,0.006671943059539364,48.481725562142586,0.020626328547613815,
main,20,0.016,120,8,ASGA,cert,-1.588998455687104,0.0002194585468599311,0.006671943059539364,48.481725562142586,0.020626328547613815,
main,21,0.016,120,8,SGA,emp,-1.0966560100084715,6.718121950688438e-07,0.006782701557198608,43.64167717511406,147.43387890016794,
main,21,0.016,120,8,ASGA,emp,-2.179912200568757,8.781662085011188e-09,0.006782701557198608,43.64167717511406,147.43387890016794,
main,21,0.016,120,8,SGA,cert,-0.043143432054825466,0.004746377250028258,0.006782701557198608,43.64167717511406,0.022913876476090916,
main,21,0.016,120,8,ASGA,cert,-1.6799618388275708,0.00017559216289798202,0.006782701557198608,43.64167717511406,0.022913876476090916,
main,22,0.016,120,8,SGA,emp,-1.0646141414930672,8.203026865619134e-07,0.006694185710302488,48.534880063072045,149.38336689120825,
main,22,0.016,120,8,ASGA,emp,-2.1323777882992543,1.1796981613798607e-08,0.006694185710302488,48.534880063072045,149.38336689120825,
main,22,0.016,120,8,SGA,cert,-0.040146222569522334,0.004956789055902799,0.006694185710302488,48.534880063072045,0.020603738974949153,
main,22,0.016,120,8,ASGA,cert,-1.5901635824129163,0.00021202032822949246,0.006694185710302488,48.534880063072045,0.020603738974949153,
main,23,0.016,120,8,SGA,emp,-1.0667763526921212,8.151370650896772e-07,0.006477960522179692,48.025010516581254,154.3695730432642,
main,23,0.016,120,8,ASGA,emp,-2.13580465113172,1.1612997827259441e-08,0.006477960522179692,48.025010516581254,154.3695730432642,
main,23,0.016,120,8,SGA,cert,-0.04031561995136679,0.005480327807337981,0.006477960522179692,48.025010516581254,0.02082248372761391,
main,23,0.016,120,8,ASGA,cert,-1.610832239609332,0.00022090452789790688,0.006477960522179692,48.025010516581254,0.02082248372761391,
main,24,0.016,120,8,SGA,emp,-1.158073898789618,3.9760896074214624e-07,0.006727747193643168,49.244222284246575,148.63816537947022,
main,24,0.016,120,8,ASGA,emp,-2.3104091981454116,4.08367465537518e-09,0.006727747193643168,49.244222284246575,148.63816537947022,
main,24,0.016,120,8,SGA,cert,-0.03302378667896871,0.0024492315795850636,0.006727747193643168,49.244222284246575,0.020306950818063867,
main,24,0.016,120,8,ASGA,cert,-1.2856836492843287,0.00016986258575849011,0.006727747193643168,49.244222284246575,0.020306950818063867,
main,25,0.016,120,8,SGA,emp,-1.0515000592792185,1.1900850699630983e-06,0.0067380381619026675,46.02726888814025,148.4111511350691,
main,25,0.016,120,8,ASGA,emp,-2.1004869498963927,1.8007124472085856e-08,0.0067380381619026675,46.02726888814025,148.4111511350691,
main,25,0.016,120,8,SGA,cert,-0.042306199138126985,0.008578742943209955,0.0067380381619026675,46.02726888814025,0.021726251071517908,
main,25,0.016,120,8,ASGA,cert,-1.7682670413526917,0.00026335917301764655,0.0067380381619026675,46.02726888814025,0.021726251071517908,
main,26,0.016,120,8,SGA,emp,-1.082673233732644,7.475321287322978e-07,0.006854174448500473,44.228626237375025,145.89649089231682,
main,26,0.016,120,8,ASGA,emp,-2.164327570551941,1.0105834793994184e-08,0.006854174448500473,44.228626237375025,145.89649089231682,
main,26,0.016,120,8,SGA,cert,-0.04308451701251374,0.0045251737259273395,0.006854174448500473,44.228626237375025,0.02260979110300646,
main,26,0.016,120,8,ASGA,cert,-1.6408198768146458,0.00018406066071260246,0.006854174448500473,44.228626237375025,0.02260979110300646,
main,27,0.016,120,8,SGA,emp,-1.075058050041832,8.020538360062335e-07,0.006843087678352417,44.09259529127841,146.1328638479123,
main,27,0.016,120,8,ASGA,emp,-2.1485920313934854,1.113420616122296e-08,0.006843087678352417,44.09259529127841,146.1328638479123,
main,27,0.016,120,8,SGA,cert,-0.04399874725501297,0.0054059998508584825,0.006843087678352417,44.09259529127841,0.022679545020970943,
main,27,0.016,120,8,ASGA,cert,-1.7171109708907444,0.00019100634937034566,0.006843087678352417,44.09259529127841,0.022679545020970943,
main,28,0.016,120,8,SGA,emp,-1.0628057649248166,9.566515082187754e-07,0.0067813937978360985,47.6980413744092,147.46231081862462,
main,28,0.016,120,8,ASGA,emp,-2.1313415229350747,1.3673854548645892e-08,0.0067813937978360985,47.6980413744092,147.46231081862462,
main,28,0.016,120,8,SGA,cert,-0.043089107625609996,0.007686065634846299,0.0067813937978360985,47.6980413744092,0.020965221446944293,
main,28,0.016,120,8,ASGA,cert,-1.7641662635456115,0.00023837203232902893,0.0067813937978360985,47.6980413744092,0.020965221446944293,
main,29,0.016,120,8,SGA,emp,-1.0778274399207033,7.978931570729042e-07,0.006790994295717141,49.600844229642206,147.25384184620322,
main,29,0.016,120,8,ASGA,emp,-2.1570572156007555,1.0872372370462902e-08,0.006790994295717141,49.600844229642206,147.25384184620322,
main,29,0.016,120,8,SGA,cert,-0.04060305102656548,0.00634074293323704,0.006790994295717141,49.600844229642206,0.02016094716795939,
main,29,0.016,120,8,ASGA,cert,-1.6536809128638408,0.0002301530823599074,0.006790994295717141,49.600844229642206,0.02016094716795939,
main,30,0.016,120,8,SGA,emp,-1.0932749060851108,6.929887867365703e-07,0.0067508352767118186,42.01754358237015,148.1298178685642,
main,30,0.016,120,8,ASGA,emp,-2.1869507538042154,8.9461093047416e-09,0.0067508352767118186,42.01754358237015,148.1298178685642,
main,30,0.016,120,8,SGA,cert,-0.04568376254717074,0.004817082603680516,0.0067508352767118186,42.01754358237015,0.023799582620521943,
main,30,0.016,120,8,ASGA,cert,-1.7256474380949953,0.00017164194341610234,0.0067508352767118186,42.01754358237015,0.023799582620521943,
main,31,0.016,120,8,SGA,emp,-1.0624416839975814,1.0005137691948551e-06,0.006858877430387763,46.5434369382118,145.79645286699133,
main,31,0.016,120,8,ASGA,emp,-2.12010224990961,1.4630037251106565e-08,0.006858877430387763,46.5434369382118,145.79645286699133,
main,31,0.016,120,8,SGA,cert,-0.04200331520922852,0.006991972169002714,0.006858877430387763,46.5434369382118,0.021485306324230815,
main,31,0.016,120,8,ASGA,cert,-1.7198385505109222,0.00023455196329448535,0.006858877430387763,46.5434369382118,0.021485306324230815,
main,32,0.016,120,8,SGA,emp,-1.0649854460936492,9.627838063464011e-07,0.006747305131603388,40.27772946243038,148.20731840274223,
main,32,0.016,120,8,ASGA,emp,-2.1423112836199087,1.333670901493278e-08,0.006747305131603388,40.27772946243038,148.20731840274223,
main,32,0.016,120,8,SGA,cert,-0.05391598631306307,0.011339081434215692,0.006747305131603388,40.27772946243038,0.02482761598894903,
main,32,0.016,120,8,ASGA,cert,-2.141323670522034,0.00022408681264467212,0.006747305131603388,40.27772946243038,0.02482761598894903,
main,33,0.016,120,8,SGA,emp,-1.0637743915437698,7.780360465683978e-07,0.006709975154077852,49.89600888862332,149.03184841038797,
main,33,0.016,120,8,ASGA,emp,-2.1264318056275853,1.1405239891404406e-08,0.006709975154077852,49.89600888862332,149.03184841038797,
main,33,0.016,120,8,SGA,cert,-0.034568036965334,0.003133336794826351,0.006709975154077852,49.89600888862332,0.02004168313806774,
main,33,0.016,120,8,ASGA,cert,-1.3478889972241626,0.00020463672007584033,0.006709975154077852,49.89600888862332,0.02004168313806774,
main,34,0.016,120,8,SGA,emp,-1.063728136339083,9.75496541807952e-07,0.006843547504970169,44.10326600563519,146.12304499585102,
main,34,0.016,120,8,ASGA,emp,-2.1308837891957637,1.3900518541776208e-08,0.006843547504970169,44.10326600563519,146.12304499585102,
main,34,0.016,120,8,SGA,cert,-0.04685515531115742,0.008593946578461811,0.006843547504970169,44.10326600563519,0.022674057741488517,
main,34,0.016,120,8,ASGA,cert,-1.8989674398696785,0.00022488115700057543,0.006843547504970169,44.10326600563519,0.022674057741488517,
main,35,0.016,120,8,SGA,emp,-1.066919014233887,9.259728389054978e-07,0.006808453380043071,50.376420291172394,146.8762352006696,
main,35,0.016,120,8,ASGA,emp,-2.140940089129956,1.2953483910504993e-08,0.006808453380043071,50.376420291172394,146.8762352006696,
main,35,0.016,120,8,SGA,cert,-0.042039363299063076,0.009070012665940638,0.006808453380043071,50.376420291172394,0.019850556951448033,
main,35,0.016,120,8,ASGA,cert,-1.781807240220359,0.00025624276179979366,0.006808453380043071,50.376420291172394,0.019850556951448033,
main,36,0.016,120,8,SGA,emp,-1.109014438449902,5.767724105543159e-07,0.006838296876628134,45.36725715107716,146.23524220157663,
main,36,0.016,120,8,ASGA,emp,-2.206027940523794,7.207636931738648e-09,0.006838296876628134,45.36725715107716,146.23524220157663,
main,36,0.016,120,8,SGA,cert,-0.03920758068260472,0.003375931871637733,0.006838296876628134,45.36725715107716,0.022042328824727214,
main,36,0.016,120,8,ASGA,cert,-1.4943059563258465,0.00016834767680703328,0.006838296876628134,45.36725715107716,0.022042328824727214,
main,37,0.016,120,8,SGA,emp,-1.072690735967875,7.415101488175702e-07,0.0066671784273909926,46.49670861581705,149.9884862675441,
main,37,0.016,120,8,ASGA,emp,-2.1462198334230127,1.0384307448652041e-08,0.0066671784273909926,46.49670861581705,149.9884862675441,
main,37,0.016,120,8,SGA,cert,-0.04201308141460658,0.004632072284224936,0.0066671784273909926,46.49670861581705,0.021506898655184042,
main,37,0.016,120,8,ASGA,cert,-1.617495639225409,0.00019462795969906604,0.0066671784273909926,46.49670861581705,0.021506898655184042,
main,38,0.016,120,8,SGA,emp,-1.0742216191090928,7.461704405048453e-07,0.0065031646697512125,47.66836750702286,153.77128687074386,
main,38,0.016,120,8,ASGA,emp,-2.1512645994926305,1.032013353940986e-08,0.0065031646697512125,47.66836750702286,153.77128687074386,
main,38,0.016,120,8,SGA,cert,-0.041864620006453496,0.005433620233420797,0.0065031646697512125,47.66836750702286,0.02097827243302747,
main,38,0.016,120,8,ASGA,cert,-1.6516907518228514,0.00020970920864226555,0.0065031646697512125,47.66836750702286,0.02097827243302747,
main,39,0.016,120,8,SGA,emp,-1.1078044939723346,5.964831501920065e-07,0.006794433127480649,43.196207542439225,147.1793130107377,
main,39,0.016,120,8,ASGA,emp,-2.2102083586458314,7.384262236398431e-09,0.006794433127480649,43.196207542439225,147.1793130107377,
main,39,0.016,120,8,SGA,cert,-0.04236854681683806,0.0037750388864686082,0.006794433127480649,43.196207542439225,0.02315018046474391,
main,39,0.016,120,8,ASGA,cert,-1.5987421353285989,0.00016148143512106916,0.006794433127480649,43.196207542439225,0.02315018046474391,
main,40,0.016,120,8,SGA,emp,-1.0712202243417117,8.081862222925063e-07,0.006632896979076403,48.80925957717185,150.76368638839386,
main,40,0.016,120,8,ASGA,emp,-2.1384324103465167,1.1492086018916048e-08,0.006632896979076403,48.80925957717185,150.76368638839386,
main,40,0.016,120,8,SGA,cert,-0.0378573170898934,0.00481425405332072,0.006632896979076403,48.80925957717185,0.02048791579021824,
main,40,0.016,120,8,ASGA,cert,-1.5251214449786923,0.00022024348852260622,0.006632896979076403,48.80925957717185,0.02048791579021824,
main,41,0.016,120,8,SGA,emp,-1.0882614235585302,7.55661908671823e-07,0.006812936920909502,39.77996371790852,146.77957709118255,
main,41,0.016,120,8,ASGA,emp,-2.1729987311742023,1.0012427102690236e-08,0.006812936920909502,39.77996371790852,146.77957709118255,
main,41,0.016,120,8,SGA,cert,-0.04763073073134883,0.005011241548398528,0.006812936920909502,39.77996371790852,0.025138283360218613,
main,41,0.016,120,8,ASGA,cert,-1.7811990338715102,0.00016944993610348152,0.006812936920909502,39.77996371790852,0.025138283360218613,
main,42,0.016,120,8,SGA,emp,-1.0648909228701098,8.926597785605117e-07,0.006777293188329379,45.77484063450525,147.5515330695768,
main,42,0.016,120,8,ASGA,emp,-2.1334228572651157,1.2743658406311198e-08,0.006777293188329379,45.77484063450525,147.5515330695768,
main,42,0.016,120,8,SGA,cert,-0.043601760252762335,0.006341195338155935,0.006777293188329379,45.77484063450525,0.021846061857093525,
main,42,0.016,120,8,ASGA,cert,-1.7333002573362781,0.00021463086460010716,0.006777293188329379,45.77484063450525,0.021846061857093525,
main,43,0.016,120,8,SGA,emp,-1.0764890853279243,7.60440270225482e-07,0.006800680376424723,50.33830542153542,147.04411097845528,
main,43,0.016,120,8,ASGA,emp,-2.1558368506415655,1.0434042310714098e-08,0.006800680376424723,50.33830542153542,147.04411097845528,
main,43,0.016,120,8,SGA,cert,-0.03976377190089801,0.005305507469010422,0.006800680376424723,50.33830542153542,0.01986558728240753,
main,43,0.016,120,8,ASGA,cert,-1.5845393835575237,0.000223248108007168,0.006800680376424723,50.33830542153542,0.01986558728240753,
main,44,0.016,120,8,SGA,emp,-1.0825587475721317,8.096727090387001e-07,0.006808209171849826,49.75200342461259,146.88150360226004,
main,44,0.016,120,8,ASGA,emp,-2.1735356250616134,1.0631936622762517e-08,0.006808209171849826,49.75200342461259,146.88150360226004,
main,44,0.016,120,8,SGA,cert,-0.042255652365251056,0.00812510640320551,0.006808209171849826,49.75200342461259,0.020099693101108256,
main,44,0.016,120,8,ASGA,cert,-1.764298325522457,0.00023798637141710793,0.006808209171849826,49.75200342461259,0.020099693101108256,
main,45,0.016,120,8,SGA,emp,-1.1075874864093394,5.87855356865008e-07,0.006827940783073976,38.02890940868089,146.45704052954522,
main,45,0.016,120,8,ASGA,emp,-2.2294872442228466,7.028454693247532e-09,0.006827940783073976,38.02890940868089,146.45704052954522,
main,45,0.016,120,8,SGA,cert,-0.0501548039740466,0.003731747744541568,0.006827940783073976,38.02890940868089,0.026295784326955462,
main,45,0.016,120,8,ASGA,cert,-1.7467126248446665,0.00013398230257278404,0.006827940783073976,38.02890940868089,0.026295784326955462,
main,46,0.016,120,8,SGA,emp,-1.0518147192934377,1.0978297835528839e-06,0.0067568742714006385,48.38835251590778,147.9974260040078,
main,46,0.016,120,8,ASGA,emp,-2.1114891095347503,1.6371104999413078e-08,0.0067568742714006385,48.38835251590778,147.9974260040078,
main,46,0.016,120,8,SGA,cert,-0.040707108056510864,0.0075757110889122375,0.0067568742714006385,48.38835251590778,0.020666130339346594,
main,46,0.016,120,8,ASGA,cert,-1.6928595655932217,0.0002568576218262425,0.0067568742714006385,48.38835251590778,0.020666130339346594,
main,47,0.016,120,8,SGA,emp,-1.0734220235854985,8.126618059323132e-07,0.006668587975596625,44.1250287180581,149.95678300405598,
main,47,0.016,120,8,ASGA,emp,-2.145777296615501,1.1315535827782774e-08,0.006668587975596625,44.1250287180581,149.95678300405598,
main,47,0.016,120,8,SGA,cert,-0.044923834759176426,0.006041745900970549,0.006668587975596625,44.1250287180581,0.02266287476864013,
main,47,0.016,120,8,ASGA,cert,-1.7612941392384975,0.00019957306065032654,0.006668587975596625,44.1250287180581,0.02266287476864013,
main,48,0.016,120,8,SGA,emp,-1.0873268541737189,6.161766399892521e-07,0.006708828717793376,47.239125218903084,149.05731567535287,
main,48,0.016,120,8,ASGA,emp,-2.1753786211595014,8.24397278220701e-09,0.006708828717793376,47.239125218903084,149.05731567535287,
main,48,0.016,120,8,SGA,cert,-0.03516374707460859,0.002363366371670561,0.006708828717793376,47.239125218903084,0.02116889327154269,
main,48,0.016,120,8,ASGA,cert,-1.2943951436181944,0.00017402751451756765,0.006708828717793376,47.239125218903084,0.02116889327154269,
main,49,0.016,120,8,SGA,emp,-1.0858379099148712,7.395167199789054e-07,0.0068271888970372245,46.34441196269274,146.4731700091039,
main,49,0.016,120,8,ASGA,emp,-2.1649131519247264,9.894038664748361e-09,0.0068271888970372245,46.34441196269274,146.4731700091039,
main,49,0.016,120,8,SGA,cert,-0.043616098408572224,0.006459432860923417,0.0068271888970372245,46.34441196269274,0.021577574461512216,
main,49,0.016,120,8,ASGA,cert,-1.7549628780448714,0.00020563956152894192,0.0068271888970372245,46.34441196269274,0.021577574461512216,
main,0,0.016,240,2,SGA,emp,-1.0628442827663351,5.846999153388821e-07,0.0028399171746584942,49.86724282778736,352.12294531802746,
main,0,0.016,240,2,ASGA,emp,-2.125089053622002,8.653003431835504e-09,0.0028399171746584942,49.86724282778736,352.12294531802746,
main,0,0.016,240,2,SGA,cert,-0.015795478534094697,0.0021048208138391353,0.0028399171746584942,49.86724282778736,0.020053244239979784,
main,0,0.016,240,2,ASGA,cert,-0.6517330740378287,0.0005105558007402825,0.0028399171746584942,49.86724282778736,0.020053244239979784,
main,1,0.016,240,2,SGA,emp,-1.0812252204565327,6.68482472120091e-07,0.0034198050795599304,45.272954034544135,292.41432676294016,
main,1,0.016,240,2,ASGA,emp,-2.1717815593808285,8.951673811929961e-09,0.0034198050795599304,45.272954034544135,292.41432676294016,
main,1,0.016,240,2,SGA,cert,-0.022543998399574248,0.004615880444531012,0.0034198050795599304,45.272954034544135,0.022088242778171285,
main,1,0.016,240,2,ASGA,cert,-0.9604676624686637,0.0005742588985699279,0.0034198050795599304,45.272954034544135,0.022088242778171285,
main,2,0.016,240,2,SGA,emp,-1.0802908686728994,6.591686558324317e-07,0.0033583299616124626,47.059303120488586,297.76704833370866,
main,2,0.016,240,2,ASGA,emp,-2.166155714262394,8.92584682554709e-09,0.0033583299616124626,47.059303120488586,297.76704833370866,
main,2,0.016,240,2,SGA,cert,-0.020083394678431562,0.003844270388747406,0.0033583299616124626,47.059303120488586,0.021249783436861434,
main,2,0.016,240,2,ASGA,cert,-0.8433377665766822,0.0006126876746994775,0.0033583299616124626,47.059303120488586,0.021249783436861434,
main,3,0.016,240,2,SGA,emp,-1.065857968177004,9.381749289660846e-07,0.003339058006038727,34.45992299491371,299.4856627801877,
main,3,0.016,240,2,ASGA,emp,-2.143734645357947,1.3029203188574812e-08,0.003339058006038727,34.45992299491371,299.4856627801877,
main,3,0.016,240,2,SGA,cert,-0.03076833281867111,0.009784595906374483,0.003339058006038727,34.45992299491371,0.02901921748773496,
main,3,0.016,240,2,ASGA,cert,-1.3670890975889844,0.0005072443171092178,0.003339058006038727,34.45992299491371,0.02901921748773496,
main,4,0.016,240,2,SGA,emp,-1.0682059678678892,8.47238309738263e-07,0.003429461732802486,47.43472486033632,291.59094864220003,
main,4,0.016,240,2,ASGA,emp,-2.1524286304148283,1.1617763348570342e-08,0.003429461732802486,47.43472486033632,291.59094864220003,
main,4,0.016,240,2,SGA,cert,-0.022948452657862366,0.009280857852597815,0.003429461732802486,47.43472486033632,0.021081602200589,
main,4,0.016,240,2,ASGA,cert,-1.0264650123656918,0.0009528312415747753,0.003429461732802486,47.43472486033632,0.021081602200589,
main,5,0.016,240,2,SGA,emp,-1.05651259472803,8.714394418990468e-07,0.0032169974233000327,41.12402534248769,310.8488657022885,
main,5,0.016,240,2,ASGA,emp,-2.113824107919138,1.298603968108436e-08,0.0032169974233000327,41.12402534248769,310.8488657022885,
main,5,0.016,240,2,SGA,cert,-0.02302404779151147,0.005275247730853992,0.0032169974233000327,41.12402534248769,0.024316685724994926,
main,5,0.016,240,2,ASGA,cert,-0.9886412541269403,0.0006111827117363453,0.0032169974233000327,41.12402534248769,0.024316685724994926,
main,6,0.016,240,2,SGA,emp,-1.10857965583481,4.957191928403604e-07,0.0031268675977347954,39.00797921835818,319.80887221589825,
main,6,0.016,240,2,ASGA,emp,-2.2162488925290105,6.1387076186192324e-09,0.0031268675977347954,39.00797921835818,319.80887221589825,
main,6,0.016,240,2,SGA,cert,-0.01922485686931646,0.0019359674753491804,0.0031268675977347954,39.00797921835818,0.025635780679696775,
main,6,0.016,240,2,ASGA,cert,-0.7647862676481004,0.0003747108249846226,0.0031268675977347954,39.00797921835818,0.025635780679696775,
main,7,0.016,240,2,SGA,emp,-1.0492855856194458,1.125672637755648e-06,0.003347729033630139,42.81606302828554,298.7099582894382,
main,7,0.016,240,2,ASGA,emp,-2.1090424389074003,1.6873990330013022e-08,0.003347729033630139,42.81606302828554,298.7099582894382,
main,7,0.016,240,2,SGA,cert,-0.022282900861207437,0.0071929267907128724,0.003347729033630139,42.81606302828554,0.023355720476667154,
main,7,0.016,240,2,ASGA,cert,-0.981074051494983,0.0008275981289194434,0.003347729033630139,42.81606302828554,0.023355720476667154,
main,8,0.016,240,2,SGA,emp,-1.0722053000213312,7.888851920184736e-07,0.0033478230487129445,40.24334473819355,298.7015697811285,
main,8,0.016,240,2,ASGA,emp,-2.1484302129707062,1.0943072260849451e-08,0.0033478230487129445,40.24334473819355,298.7015697811285,
main,8,0.016,240,2,SGA,cert,-0.025249551931303606,0.0063892235389208865,0.0033478230487129445,40.24334473819355,0.024848829204072966,
main,8,0.016,240,2,ASGA,cert,-1.0968434534887463,0.0005874890625497536,0.0033478230487129445,40.24334473819355,0.024848829204072966,
main,9,0.016,240,2,SGA,emp,-1.0815509701617967,7.389000801563683e-07,0.003306141128778228,34.08882832919955,302.467426842588,
main,9,0.016,240,2,ASGA,emp,-2.170475534225684,9.79828532199356e-09,0.003306141128778228,34.08882832919955,302.467426842588,
main,9,0.016,240,2,SGA,cert,-0.02962746218227208,0.006451084222366177,0.003306141128778228,34.08882832919955,0.029335123822470235,
main,9,0.016,240,2,ASGA,cert,-1.272216528203196,0.000420138583436612,0.003306141128778228,34.08882832919955,0.029335123822470235,
main,10,0.016,240,2,SGA,emp,-1.0534354911556882,1.182021982376602e-06,0.003373959167855934,45.11554507722053,296.3877006951079,
main,10,0.016,240,2,ASGA,emp,-2.123916099042185,1.6912756056752798e-08,0.003373959167855934,45.11554507722053,296.3877006951079,
main,10,0.016,240,2,SGA,cert,-0.024234400974264433,0.01565463213956282,0.003373959167855934,45.11554507722053,0.022165309058959234,
main,10,0.016,240,2,ASGA,cert,-1.1079372434721224,0.0013140329713895726,0.003373959167855934,45.11554507722053,0.022165309058959234,
main,11,0.016,240,2,SGA,emp,-1.081645910195528,5.191962158604402e-07,0.0032684513370154137,49.36924413634664,305.95529713872077,
main,11,0.016,240,2,ASGA,emp,-2.1672817848955273,7.150421095503123e-09,0.0032684513370154137,49.36924413634664,305.95529713872077,
main,11,0.016,240,2,SGA,cert,-0.012132954041911401,0.0009394501721688223,0.0032684513370154137,49.36924413634664,0.0202555258338213,
main,11,0.016,240,2,ASGA,cert,-0.47065636211372963,0.0003417022051996413,0.0032684513370154137,49.36924413634664,0.0202555258338213,
main,12,0.016,240,2,SGA,emp,-1.0523242194645765,9.582844024969006e-07,0.0029773142647354233,44.20201696943978,335.87317665603035,
main,12,0.016,240,2,ASGA,emp,-2.1061498042388727,1.4462471123466436e-08,0.0029773142647354233,44.20201696943978,335.87317665603035,
main,12,0.016,240,2,SGA,cert,-0.021171544515902852,0.006520432643659216,0.0029773142647354233,44.20201696943978,0.02262340202012447,
main,12,0.016,240,2,ASGA,cert,-0.9293284263963473,0.0008404143485765819,0.0029773142647354233,44.20201696943978,0.02262340202012447,
main,13,0.016,240,2,SGA,emp,-1.0517897119933497,1.0410229264040671e-06,0.003366872484682872,41.78689767648566,297.01154544740376,
main,13,0.016,240,2,ASGA,emp,-2.114443500600358,1.543999006425878e-08,0.003366872484682872,41.78689767648566,297.01154544740376,
main,13,0.016,240,2,SGA,cert,-0.023501821143895492,0.0070441880373551535,0.003366872484682872,41.78689767648566,0.02393094619614991,
main,13,0.016,240,2,ASGA,cert,-1.0287194608247676,0.000736432055784525,0.003366872484682872,41.78689767648566,0.02393094619614991,
main,14,0.016,240,2,SGA,emp,-1.0902586836454653,7.074670248727322e-07,0.003386473650115496,32.35135232077193,295.2924201745656,
main,14,0.016,240,2,ASGA,emp,-2.1884322283981907,9.06388925026036e-09,0.003386473650115496,32.35135232077193,295.2924201745656,
main,14,0.016,240,2,SGA,cert,-0.0312524957214092,0.006255830197300118,0.003386473650115496,32.35135232077193,0.030910608931730095,
main,14,0.016,240,2,ASGA,cert,-1.3330098862149693,0.0003653908395679778,0.003386473650115496,32.35135232077193,0.030910608931730095,
main,15,0.016,240,2,SGA,emp,-1.0806968354145676,6.246146428759425e-07,0.0031086809994484176,48.75898798142112,321.67983790470396,
main,15,0.016,240,2,ASGA,emp,-2.155444674698497,8.651561377026606e-09,0.0031086809994484176,48.75898798142112,321.67983790470396,
main,15,0.016,240,2,SGA,cert,-0.017635393207701112,0.0030184907239432374,0.0031086809994484176,48.75898798142112,0.020509039284839853,
main,15,0.016,240,2,ASGA,cert,-0.7329036000814545,0.0006123212716926396,0.0031086809994484176,48.75898798142112,0.020509039284839853,
main,16,0.016,240,2,SGA,emp,-1.088742695364792,4.892615306853476e-07,0.0031112431028888807,46.97697267518211,321.4149351014939,
main,16,0.016,240,2,ASGA,emp,-2.1794047718497525,6.57522853525494e-09,0.0031112431028888807,46.97697267518211,321.4149351014939,
main,16,0.016,240,2,SGA,cert,-0.011231033266946196,0.0009283726059404057,0.0031112431028888807,46.97697267518211,0.021287025175385537,
main,16,0.016,240,2,ASGA,cert,-0.4524719941644025,0.0003468780977999991,0.0031112431028888807,46.97697267518211,0.021287025175385537,
main,17,0.016,240,2,SGA,emp,-1.0552572201553885,9.535892477596786e-07,0.0032335541532270127,39.02977721512117,309.25722985094376,
main,17,0.016,240,2,ASGA,emp,-2.1252169600356017,1.3842157253751708e-08,0.0032335541532270127,39.02977721512117,309.25722985094376,
main,17,0.016,240,2,SGA,cert,-0.02550871432922798,0.007141295513973259,0.0032335541532270127,39.02977721512117,0.025621463184078166,
main,17,0.016,240,2,ASGA,cert,-1.1135429219770538,0.0006282680900866339,0.0032335541532270127,39.02977721512117,0.025621463184078166,
main,18,0.016,240,2,SGA,emp,-1.0931958740873093,5.174205850097535e-07,0.003056588751767157,47.38800376861131,327.16210168013384,
main,18,0.016,240,2,ASGA,emp,-2.183945133898473,6.841895827669475e-09,0.003056588751767157,47.38800376861131,327.16210168013384,
main,18,0.016,240,2,SGA,cert,-0.015106135782280592,0.001697009748785748,0.003056588751767157,47.38800376861131,0.02110238711220784,
main,18,0.016,240,2,ASGA,cert,-0.609257806919714,0.0004539150408111037,0.003056588751767157,47.38800376861131,0.02110238711220784,
main,19,0.016,240,2,SGA,emp,-1.0548841865504763,9.00376840584638e-07,0.003054543444923973,48.20326101542702,327.381167768884,
main,19,0.016,240,2,ASGA,emp,-2.1130609791155632,1.3494223738419464e-08,0.003054543444923973,48.20326101542702,327.381167768884,
main,19,0.016,240,2,SGA,cert,-0.018327011350687164,0.004990225564158679,0.003054543444923973,48.20326101542702,0.02074548441193551,
main,19,0.016,240,2,ASGA,cert,-0.7962953808591754,0.0008616451615767601,0.003054543444923973,48.20326101542702,0.02074548441193551,
main,20,0.016,240,2,SGA,emp,-1.0913688100165126,5.738514167880071e-07,0.003221832895032691,46.03163001153881,310.38232974210575,
main,20,0.016,240,2,ASGA,emp,-2.1748377084206787,7.700016083078687e-09,0.003221832895032691,46.03163001153881,310.38232974210575,
main,20,0.016,240,2,SGA,cert,-0.016661150525851567,0.002137786930838728,0.003221832895032691,46.03163001153881,0.021724192685536634,
main,20,0.016,240,2,ASGA,cert,-0.6828606316423799,0.00048582085541235,0.003221832895032691,46.03163001153881,0.021724192685536634,
main,21,0.016,240,2,SGA,emp,-1.079292896831561,6.378905844789395e-07,0.003322245468060421,47.15856561037731,301.00123835335256,
main,21,0.016,240,2,ASGA,emp,-2.1696449283410075,8.608465495996143e-09,0.003322245468060421,47.15856561037731,301.00123835335256,
main,21,0.016,240,2,SGA,cert,-0.019919552112769003,0.003346865485706507,0.003322245468060421,47.15856561037731,0.021205055477343623,
main,21,0.016,240,2,ASGA,cert,-0.8267526296647669,0.000558175666035575,0.003322245468060421,47.15856561037731,0.021205055477343623,
main,22,0.016,240,2,SGA,emp,-1.0742007797884632,6.726677181934093e-07,0.0032950008437228648,47.180995521774705,303.49005885842126,
main,22,0.016,240,2,ASGA,emp,-2.1588912991517524,9.256188725215164e-09,0.0032950008437228648,47.180995521774705,303.49005885842126,
main,22,0.016,240,2,SGA,cert,-0.019998284081864333,0.003598681048288019,0.0032950008437228648,47.180995521774705,0.02119497456424983,
main,22,0.016,240,2,ASGA,cert,-0.8360172919086694,0.0005859128711851666,0.0032950008437228648,47.180995521774705,0.02119497456424983,
main,23,0.016,240,2,SGA,emp,-1.077978135693142,5.324175942969522e-07,0.002928691555370855,46.30989043049695,341.44940875256214,
main,23,0.016,240,2,ASGA,emp,-2.154943545226719,7.4500824676082544e-09,0.002928691555370855,46.30989043049695,341.44940875256214,
main,23,0.016,240,2,SGA,cert,-0.01602479507320555,0.001705807979347447,0.002928691555370855,46.30989043049695,0.021593659382563756,
main,23,0.016,240,2,ASGA,cert,-0.643424204155931,0.0004260105613087192,0.002928691555370855,46.30989043049695,0.021593659382563756,
main,24,0.016,240,2,SGA,emp,-1.1207688785100727,4.925185439624835e-07,0.0032487742405633542,35.95050724524413,307.8083997078833,
main,24,0.016,240,2,ASGA,emp,-2.236797568140036,5.8296619198650035e-09,0.0032487742405633542,35.95050724524413,307.8083997078833,
main,24,0.016,240,2,SGA,cert,-0.023066815540949442,0.0025816179193033154,0.0032487742405633542,35.95050724524413,0.02781601920602356,
main,24,0.016,240,2,ASGA,cert,-0.9243694060072892,0.0003572844034658851,0.0032487742405633542,35.95050724524413,0.02781601920602356,
main,25,0.016,240,2,SGA,emp,-1.0429621432981957,1.2959496206305099e-06,0.0030763890832026415,43.05712978786516,325.05641287706067,
main,25,0.016,240,2,ASGA,emp,-2.091931966633909,1.9836590439692436e-08,0.0030763890832026415,43.05712978786516,325.05641287706067,
main,25,0.016,240,2,SGA,cert,-0.02341665727845692,0.012874494747389803,0.0030763890832026415,43.05712978786516,0.02322495728179799,
main,25,0.016,240,2,ASGA,cert,-1.0622217856616993,0.001209743046323375,0.0030763890832026415,43.05712978786516,0.02322495728179799,
main,26,0.016,240,2,SGA,emp,-1.0833635029354713,6.004644510851365e-07,0.0033233401064926456,47.93270978971372,300.902094867254,
main,26,0.016,240,2,ASGA,emp,-2.1776698287459406,7.992808463697099e-09,0.0033233401064926456,47.93270978971372,300.902094867254,
main,26,0.016,240,2,SGA,cert,-0.019413954581921376,0.0030344717037734253,0.0033233401064926456,47.93270978971372,0.02086258015428534,
main,26,0.016,240,2,ASGA,cert,-0.7996066505131769,0.0005384162675208456,0.0033233401064926456,47.93270978971372,0.02086258015428534,
main,27,0.016,240,2,SGA,emp,-1.0745902697385965,6.113777337932169e-07,0.0030924296256065807,46.03719893572451,323.3703337077072,
main,27,0.016,240,2,ASGA,emp,-2.1462465707509284,8.660616904188068e-09,0.0030924296256065807,46.03719893572451,323.3703337077072,
main,27,0.016,240,2,SGA,cert,-0.017655355651619853,0.0023254996017017526,0.0030924296256065807,46.03719893572451,0.021721564802327877,
main,27,0.016,240,2,ASGA,cert,-0.7219352317616887,0.0004878673334424641,0.0030924296256065807,46.03719893572451,0.021721564802327877,
main,28,0.016,240,2,SGA,emp,-1.04741895832921,1.0824537844539295e-06,0.0033475738204584928,49.256053208883216,298.7238082364491,
main,28,0.016,240,2,ASGA,emp,-2.0993825441387264,1.658858006514663e-08,0.0033475738204584928,49.256053208883216,298.7238082364491,
main,28,0.016,240,2,SGA,cert,-0.019148987042637722,0.006406060890086579,0.0033475738204584928,49.256053208883216,0.02030207324487079,
main,28,0.016,240,2,ASGA,cert,-0.8370653441999021,0.0010059359769028359,0.0033475738204584928,49.256053208883216,0.02030207324487079,
main,29,0.016,240,2,SGA,emp,-1.052912357013239,1.1343163909965925e-06,0.003202450259597977,41.66362238851401,312.2608999165333,
main,29,0.016,240,2,ASGA,emp,-2.1133645315535197,1.6685107892544515e-08,0.003202450259597977,41.66362238851401,312.2608999165333,
main,29,0.016,240,2,SGA,cert,-0.02481284147613354,0.01132994492487549,0.003202450259597977,41.66362238851401,0.024001753632341003,
main,29,0.016,240,2,ASGA,cert,-1.1176199205368607,0.0009537458982225161,0.003202450259597977,41.66362238851401,0.024001753632341003,
main,30,0.016,240,2,SGA,emp,-1.0928207019291878,5.931318594609714e-07,0.003263581515053704,47.040451441642354,306.41183478560805,
main,30,0.016,240,2,ASGA,emp,-2.1763148850823826,7.908871599293654e-09,0.003263581515053704,47.040451441642354,306.41183478560805,
main,30,0.016,240,2,SGA,cert,-0.016903795415925713,0.002508179439115195,0.003263581515053704,47.040451441642354,0.021258299386020654,
main,30,0.016,240,2,ASGA,cert,-0.7018083182942573,0.0005437159761890811,0.003263581515053704,47.040451441642354,0.021258299386020654,
main,31,0.016,240,2,SGA,emp,-1.0592191182521051,1.0888186359331309e-06,0.003303554400014218,36.73322750332084,302.70426301915785,
main,31,0.016,240,2,ASGA,emp,-2.1287915159331012,1.554065424957951e-08,0.003303554400014218,36.73322750332084,302.70426301915785,
main,31,0.016,240,2,SGA,cert,-0.028826271340413927,0.011473028379361858,0.003303554400014218,36.73322750332084,0.027223308921319144,
main,31,0.016,240,2,ASGA,cert,-1.2972881566904522,0.0006683653478742474,0.003303554400014218,36.73322750332084,0.027223308921319144,
main,32,0.016,240,2,SGA,emp,-1.0570325858171419,8.713836220364257e-07,0.0031244743158133905,40.13777801939252,320.05383911746804,
main,32,0.016,240,2,ASGA,emp,-2.1273097136608548,1.2628092113664557e-08,0.0031244743158133905,40.13777801939252,320.05383911746804,
main,32,0.016,240,2,SGA,cert,-0.024187360614593735,0.006084109919723184,0.0031244743158133905,40.13777801939252,0.02491418432572055,
main,32,0.016,240,2,ASGA,cert,-1.0465536847091124,0.0006207473869615163,0.0031244743158133905,40.13777801939252,0.02491418432572055,
main,33,0.016,240,2,SGA,emp,-1.2017493327413555,3.181107047223186e-07,0.0034050497421227975,41.986401402910154,293.6814659795759,
main,33,0.016,240,2,ASGA,emp,-2.4339716054328924,2.5798962965950523e-09,0.0034050497421227975,41.986401402910154,293.6814659795759,
main,33,0.016,240,2,SGA,cert,-0.016635985320111558,0.0019270803664963101,0.0034050497421227975,41.986401402910154,0.023817235261574195,
main,33,0.016,240,2,ASGA,cert,-0.6972457371285117,0.00041742435123108546,0.0034050497421227975,41.986401402910154,0.023817235261574195,
main,34,0.016,240,2,SGA,emp,-1.053271291319965,1.1819749322072859e-06,0.0032937690480295606,42.487679983819376,303.6035573284145,
main,34,0.016,240,2,ASGA,emp,-2.112651563265911,1.7446994807213123e-08,0.0032937690480295606,42.487679983819376,303.6035573284145,
main,34,0.016,240,2,SGA,cert,-0.023873306642099523,0.010530681652473284,0.0032937690480295606,42.487679983819376,0.02353623451270653,
main,34,0.016,240,2,ASGA,cert,-1.069238670581675,0.0009861267449860073,0.0032937690480295606,42.487679983819376,0.02353623451270653,
main,35,0.016,240,2,SGA,emp,-1.1593853070212785,3.978338073626353e-07,0.00341506816944117,28.900419078858004,292.81992346396896,
main,35,0.016,240,2,ASGA,emp,-2.314719352687553,4.013977886185849e-09,0.00341506816944117,28.900419078858004,292.81992346396896,
main,35,0.016,240,2,SGA,cert,-0.03152257835198807,0.003462788002637246,0.00341506816944117,28.900419078858004,0.03460157436718786,
main,35,0.016,240,2,ASGA,cert,-1.2744589465769365,0.00023535540653114861,0.00341506816944117,28.900419078858004,0.03460157436718786,
main,36,0.016,240,2,SGA,emp,-1.0920784642370407,6.989120429415352e-07,0.003398491450344717,38.18211491710794,294.24820236006997,
main,36,0.016,240,2,ASGA,emp,-2.202512950312172,8.738732085178391e-09,0.003398491450344717,38.18211491710794,294.24820236006997,
main,36,0.016,240,2,SGA,cert,-0.0269992891856485,0.006168421977324284,0.003398491450344717,38.18211491710794,0.026190272649143864,
main,36,0.016,240,2,ASGA,cert,-1.15938902897043,0.0005019148224174944,0.003398491450344717,38.18211491710794,0.026190272649143864,
main,37,0.016,240,2,SGA,emp,-1.072024095376247,6.59552768539351e-07,0.0033190063385026168,47.86576891101496,301.29499555314317,
main,37,0.016,240,2,ASGA,emp,-2.139962502621996,9.46334708512575e-09,0.0033190063385026168,47.86576891101496,301.29499555314317,
main,37,0.016,240,2,SGA,cert,-0.016934597681778,0.0022856866303544096,0.0033190063385026168,47.86576891101496,0.020891756734526794,
main,37,0.016,240,2,ASGA,cert,-0.6958256266997999,0.0005053832277909925,0.0033190063385026168,47.86576891101496,0.020891756734526794,
main,38,0.016,240,2,SGA,emp,-1.1849235517946148,3.45917871215351e-07,0.0033014237264189445,33.50579200764024,302.89962236525764,
main,38,0.016,240,2,ASGA,emp,-2.412185576282651,2.92536773277563e-09,0.0033014237264189445,33.50579200764024,302.89962236525764,
main,38,0.016,240,2,SGA,cert,-0.019904971024162606,0.0018029613501559794,0.0033014237264189445,33.50579200764024,0.02984558609365129,
main,38,0.016,240,2,ASGA,cert,-0.8270885173376055,0.0002972749482389875,0.0033014237264189445,33.50579200764024,0.02984558609365129,
main,39,0.016,240,2,SGA,emp,-1.1116167633532457,4.3172731750695803e-07,0.0029984274235271046,45.56696473067777,333.5081556930539,
main,39,0.016,240,2,ASGA,emp,-2.2289962166233734,5.259336327556596e-09,0.0029984274235271046,45.56696473067777,333.5081556930539,
main,39,0.016,240,2,SGA,cert,-0.011137377079733161,0.0010353144032360997,0.0029984274235271046,45.56696473067777,0.021945723308771415,
main,39,0.016,240,2,ASGA,cert,-0.4636627723440921,0.0003739376302470884,0.0029984274235271046,45.56696473067777,0.021945723308771415,
main,40,0.016,240,2,SGA,emp,-1.08024044364714,6.482150528078212e-07,0.0034174281821343117,48.222154548581784,292.6177074408811,
main,40,0.016,240,2,ASGA,emp,-2.165932227829699,8.809427694267402e-09,0.0034174281821343117,48.222154548581784,292.6177074408811,
main,40,0.016,240,2,SGA,cert,-0.019280731424711563,0.0033744094501681546,0.0034174281821343117,48.222154548581784,0.02073735629113258,
main,40,0.016,240,2,ASGA,cert,-0.8043689856886246,0.0005866853052329743,0.0034174281821343117,48.222154548581784,0.02073735629113258,
main,41,0.016,240,2,SGA,emp,-1.0524229442373358,1.1825751942973195e-06,0.0033684345869610804,45.88913593950791,296.8738071598343,
main,41,0.016,240,2,ASGA,emp,-2.108751479210574,1.7704467072943153e-08,0.0033684345869610804,45.88913593950791,296.8738071598343,
main,41,0.016,240,2,SGA,cert,-0.020816784439494435,0.008033736019477072,0.0033684345869610804,45.88913593950791,0.02179165023543312,
main,41,0.016,240,2,ASGA,cert,-0.9210647980946207,0.0010435994021098377,0.0033684345869610804,45.88913593950791,0.02179165023543312,
main,42,0.016,240,2,SGA,emp,-1.170155681939909,3.8607787507249913e-07,0.003385008477271686,32.429118928623325,295.42023504945524,
main,42,0.016,240,2,ASGA,emp,-2.3686731040044595,3.5469561801559912e-09,0.003385008477271686,32.429118928623325,295.42023504945524,
main,42,0.016,240,2,SGA,cert,-0.02289684424058482,0.002092211948236382,0.003385008477271686,32.429118928623325,0.030836483784866486,
main,42,0.016,240,2,ASGA,cert,-0.9241461246335877,0.000286114173780834,0.003385008477271686,32.429118928623325,0.030836483784866486,
main,43,0.016,240,2,SGA,emp,-1.0649287449176574,7.347764523421563e-07,0.0033783000985445253,49.729706828524776,296.00685872484524,
main,43,0.016,240,2,ASGA,emp,-2.1359144112202193,1.055320458104303e-08,0.0033783000985445253,49.729706828524776,296.00685872484524,
main,43,0.016,240,2,SGA,cert,-0.020052246438414568,0.004432403590625911,0.0033783000985445253,49.729706828524776,0.020108704912501187,
main,43,0.016,240,2,ASGA,cert,-0.8590195596833179,0.0006777132525802101,0.0033783000985445253,49.729706828524776,0.020108704912501187,
main,44,0.016,240,2,SGA,emp,-1.056693889226046,1.0541148950243828e-06,0.003424841312356086,38.14098922593892,291.98433118410964,
main,44,0.016,240,2,ASGA,emp,-2.128193734171588,1.517291772779039e-08,0.003424841312356086,38.14098922593892,291.98433118410964,
main,44,0.016,240,2,SGA,cert,-0.02629569723875446,0.007950191433278027,0.003424841312356086,38.14098922593892,0.026218512427043192,
main,44,0.016,240,2,ASGA,cert,-1.1570598545678932,0.0006341851723964953,0.003424841312356086,38.14098922593892,0.026218512427043192,
main,45,0.016,240,2,SGA,emp,-1.191333747516896,3.3857943757681364e-07,0.003346698923877067,31.362096645025435,298.8019008418974,
main,45,0.016,240,2,ASGA,emp,-2.4207748602182813,2.8117145209338723e-09,0.003346698923877067,31.362096645025435,298.8019008418974,
main,45,0.016,240,2,SGA,cert,-0.02250215465953057,0.0019648704894431254,0.003346698923877067,31.362096645025435,0.03188562331525807,
main,45,0.016,240,2,ASGA,cert,-0.9243376182126015,0.0002653532690140917,0.003346698923877067,31.362096645025435,0.03188562331525807,
main,46,0.016,240,2,SGA,emp,-1.048721827940051,1.1624115210107089e-06,0.003276719864941266,41.47590449404053,305.1832445914398,
main,46,0.016,240,2,ASGA,emp,-2.108200644171027,1.7405889590760282e-08,0.003276719864941266,41.47590449404053,305.1832445914398,
main,46,0.016,240,2,SGA,cert,-0.023566032933106218,0.008333796636068702,0.003276719864941266,41.47590449404053,0.024110384383387834,
main,46,0.016,240,2,ASGA,cert,-1.0444510782233116,0.0008336615289718935,0.003276719864941266,41.47590449404053,0.024110384383387834,
main,47,0.016,240,2,SGA,emp,-1.066962095278585,7.198248888826142e-07,0.003188882254984169,46.6546602258844,313.58950254027627,
main,47,0.016,240,2,ASGA,emp,-2.1295121920699684,1.0466683943166633e-08,0.003188882254984169,46.6546602258844,313.58950254027627,
main,47,0.016,240,2,SGA,cert,-0.019174133485563034,0.003564658288795562,0.003188882254984169,46.6546602258844,0.02143408600895118,
main,47,0.016,240,2,ASGA,cert,-0.8061006138403003,0.000615259723656468,0.003188882254984169,46.6546602258844,0.02143408600895118,
main,48,0.016,240,2,SGA,emp,-1.1587472924837563,3.990544250390138e-07,0.003311687041569229,35.80285095431477,301.9609001236283,
main,48,0.016,240,2,ASGA,emp,-2.3282479729662433,3.9645072433258655e-09,0.003311687041569229,35.80285095431477,301.9609001236283,
main,48,0.016,240,2,SGA,cert,-0.020953969203727933,0.002128326463346146,0.003311687041569229,35.80285095431477,0.02793073661301504,
main,48,0.016,240,2,ASGA,cert,-0.8486458635388926,0.00034026637993311154,0.003311687041569229,35.80285095431477,0.02793073661301504,
main,49,0.016,240,2,SGA,emp,-1.1095160608554617,5.239813338150934e-07,0.003279556128899034,38.449990966025645,304.91931246064865,
main,49,0.016,240,2,ASGA,emp,-2.216964663421832,6.470437782790661e-09,0.003279556128899034,38.449990966025645,304.91931246064865,
main,49,0.016,240,2,SGA,cert,-0.020045896498760707,0.0020804740995501586,0.003279556128899034,38.449990966025645,0.02600780845133614,
main,49,0.016,240,2,ASGA,cert,-0.7987492923360932,0.00037488450473396884,0.003279556128899034,38.449990966025645,0.02600780845133614,
main,0,0.016,240,4,SGA,emp,-1.0864381469251414,7.340233569852472e-07,0.003395181173530205,34.26842345050626,294.5350922054715,
main,0,0.016,240,4,ASGA,emp,-2.179642790275735,9.538793303842663e-09,0.003395181173530205,34.26842345050626,294.5350922054715,
main,0,0.016,240,4,SGA,cert,-0.029814131533736674,0.007158233242178069,0.003395181173530205,34.26842345050626,0.029181383305954992,
main,0,0.016,240,4,ASGA,cert,-1.2973291672527003,0.00043633957305371646,0.003395181173530205,34.26842345050626,0.029181383305954992,
main,1,0.016,240,4,SGA,emp,-1.065041775522771,9.883882746558603e-07,0.003370165429764052,40.417910546140895,296.72133930529657,
main,1,0.016,240,4,ASGA,emp,-2.136344286287426,1.3970204076896309e-08,0.003370165429764052,40.417910546140895,296.72133930529657,
main,1,0.016,240,4,SGA,cert,-0.02530836846110515,0.008599011154228745,0.003370165429764052,40.417910546140895,0.024741506586749572,
main,1,0.016,240,4,ASGA,cert,-1.120737992363532,0.0007336382867525748,0.003370165429764052,40.417910546140895,0.024741506586749572,
main,2,0.016,240,4,SGA,emp,-1.0621291480204256,8.50530337784261e-07,0.00332937911021562,48.38448751923814,300.3563027507664,
main,2,0.016,240,4,ASGA,emp,-2.120848408124641,1.2515630587461857e-08,0.00332937911021562,48.38448751923814,300.3563027507664,
main,2,0.016,240,4,SGA,cert,-0.01920330192425193,0.004900568738459649,0.00332937911021562,48.38448751923814,0.020667781168548914,
main,2,0.016,240,4,ASGA,cert,-0.8250216757067445,0.000799554311580894,0.00332937911021562,48.38448751923814,0.020667781168548914,
main,3,0.016,240,4,SGA,emp,-1.0725985282002988,6.69673950896843e-07,0.0031788583441836956,46.985587066638196,314.5783459743286,
main,3,0.016,240,4,ASGA,emp,-2.148453616014323,9.431670409953963e-09,0.0031788583441836956,46.985587066638196,314.5783459743286,
main,3,0.016,240,4,SGA,cert,-0.017944143149874643,0.0028131100109480625,0.0031788583441836956,46.985587066638196,0.0212831223877597,
main,3,0.016,240,4,ASGA,cert,-0.7464751423943441,0.0005558295861114101,0.0031788583441836956,46.985587066638196,0.0212831223877597,
main,4,0.016,240,4,SGA,emp,-1.0640756900886736,9.298311929584191e-07,0.003298140623080611,44.325116113796625,303.20114097074344,
main,4,0.016,240,4,ASGA,emp,-2.1365842316959767,1.3149742364437778e-08,0.003298140623080611,44.325116113796625,303.20114097074344,
main,4,0.016,240,4,SGA,cert,-0.02303223540085057,0.008258600663539353,0.003298140623080611,44.325116113796625,0.022560572597998006,
main,4,0.016,240,4,ASGA,cert,-1.0194667123722516,0.0008716500773325447,0.003298140623080611,44.325116113796625,0.022560572597998006,
main,5,0.016,240,4,SGA,emp,-1.0773463481156116,6.400695156186242e-07,0.0031525769886562366,48.742630304844354,317.2008181237924,
main,5,0.016,240,4,ASGA,emp,-2.1539614135511447,8.901215035883592e-09,0.0031525769886562366,48.742630304844354,317.2008181237924,
main,5,0.016,240,4,SGA,cert,-0.017728275428471992,0.00300526485055886,0.0031525769886562366,48.742630304844354,0.020515921971092595,
main,5,0.016,240,4,ASGA,cert,-0.7383805755766645,0.0006025077017186922,0.0031525769886562366,48.742630304844354,0.020515921971092595,
main,6,0.016,240,4,SGA,emp,-1.120111538445027,5.053766000129301e-07,0.00342943411545878,39.95291711348023,291.59329683352814,
main,6,0.016,240,4,ASGA,emp,-2.2338025763737304,6.0464792339676166e-09,0.00342943411545878,39.95291711348023,291.59329683352814,
main,6,0.016,240,4,SGA,cert,-0.018777543313882414,0.001973287232277597,0.00342943411545878,39.95291711348023,0.02502946148236563,
main,6,0.016,240,4,ASGA,cert,-0.7549780663462257,0.000387326899069354,0.00342943411545878,39.95291711348023,0.02502946148236563,
main,7,0.016,240,4,SGA,emp,-1.0739252093771814,7.556926471183334e-07,0.003385419022676337,50.28976605875508,295.3844098180354,
main,7,0.016,240,4,ASGA,emp,-2.153660941110343,1.0445020480476241e-08,0.003385419022676337,50.28976605875508,295.3844098180354,
main,7,0.016,240,4,SGA,cert,-0.019665106979483656,0.0050812050216379676,0.003385419022676337,50.28976605875508,0.019884761421074603,
main,7,0.016,240,4,ASGA,cert,-0.8436802126600714,0.000798000984734544,0.003385419022676337,50.28976605875508,0.019884761421074603,
main,8,0.016,240,4,SGA,emp,-1.0571650257654737,1.052048766672642e-06,0.0033851814888511086,38.91650683986094,295.40513656164075,
main,8,0.016,240,4,ASGA,emp,-2.113812406209927,1.553740142101745e-08,0.0033851814888511086,38.91650683986094,295.40513656164075,
main,8,0.016,240,4,SGA,cert,-0.025437686299680965,0.008146559618879334,0.0033851814888511086,38.91650683986094,0.025696037008535712,
main,8,0.016,240,4,ASGA,cert,-1.1260324210117325,0.0006902837973877252,0.0033851814888511086,38.91650683986094,0.025696037008535712,
main,9,0.016,240,4,SGA,emp,-1.168421672678712,3.8414697769995065e-07,0.0033827508433683195,32.147401118439426,295.6173972908587,
main,9,0.016,240,4,ASGA,emp,-2.3430102804688118,3.6837756733909544e-09,0.0033827508433683195,32.147401118439426,295.6173972908587,
main,9,0.016,240,4,SGA,cert,-0.02699002313423344,0.003020376656721828,0.0033827508433683195,32.147401118439426,0.031106713613201227,
main,9,0.016,240,4,ASGA,cert,-1.0964089399866166,0.0002899273087464474,0.0033827508433683195,32.147401118439426,0.031106713613201227,
main,10,0.016,240,4,SGA,emp,-1.0575957691799482,1.0014558696064269e-06,0.0032743728470314695,45.55012754995965,305.401995043599,
main,10,0.016,240,4,ASGA,emp,-2.124861336277701,1.4474857548685272e-08,0.0032743728470314695,45.55012754995965,305.401995043599,
main,10,0.016,240,4,SGA,cert,-0.022516830798758252,0.00889904532922104,0.0032743728470314695,45.55012754995965,0.02195383534114573,
main,10,0.016,240,4,ASGA,cert,-0.998969544504956,0.0009756236580322208,0.0032743728470314695,45.55012754995965,0.02195383534114573,
main,11,0.016,240,4,SGA,emp,-1.0749120174366689,8.511416154932672e-07,0.0034124205986227974,47.797282225951875,293.0471116027096,
main,11,0.016,240,4,ASGA,emp,-2.136196495335432,1.2135032152749137e-08,0.0034124205986227974,47.797282225951875,293.0471116027096,
main,11,0.016,240,4,SGA,cert,-0.018648813273236906,0.0050387241606248065,0.0034124205986227974,47.797282225951875,0.0209216916408072,
main,11,0.016,240,4,ASGA,cert,-0.8125340727747518,0.000838168030722175,0.0034124205986227974,47.797282225951875,0.0209216916408072,
main,12,0.016,240,4,SGA,emp,-1.0637765411347895,8.623341496843961e-07,0.003303279903496483,46.263881301175005,302.72941718971856,
main,12,0.016,240,4,ASGA,emp,-2.123779167817796,1.2597670254188564e-08,0.003303279903496483,46.263881301175005,302.72941718971856,
main,12,0.016,240,4,SGA,cert,-0.020248606773627637,0.005143275622721592,0.003303279903496483,46.263881301175005,0.021615134136499743,
main,12,0.016,240,4,ASGA,cert,-0.8716919787848102,0.0007598038204394905,0.003303279903496483,46.263881301175005,0.021615134136499743,
main,13,0.016,240,4,SGA,emp,-1.0636836297049639,8.558902532818102e-07,0.003328982226383431,50.3909684057287,300.39211146116236,
main,13,0.016,240,4,ASGA,emp,-2.137113785197692,1.2167510346494659e-08,0.003328982226383431,50.3909684057287,300.39211146116236,
main,13,0.016,240,4,SGA,cert,-0.0202527466789887,0.006639469285678656,0.003328982226383431,50.3909684057287,0.019844826000333722,
main,13,0.016,240,4,ASGA,cert,-0.8834268161535362,0.0009443855429791814,0.003328982226383431,50.3909684057287,0.019844826000333722,
main,14,0.016,240,4,SGA,emp,-1.0903654712905577,6.683370236681974e-07,0.0033373090190986676,35.11655409065129,299.64261453680956,
main,14,0.016,240,4,ASGA,emp,-2.185777079749609,8.630179675062077e-09,0.0033373090190986676,35.11655409065129,299.64261453680956,
main,14,0.016,240,4,SGA,cert,-0.028200568296876043,0.005412821873098078,0.0033373090190986676,35.11655409065129,0.02847659817129436,
main,14,0.016,240,4,ASGA,cert,-1.1940544732442084,0.00041694949460665404,0.0033373090190986676,35.11655409065129,0.02847659817129436,
main,15,0.016,240,4,SGA,emp,-1.0535029024252915,1.1544847252631385e-06,0.0033094856111274213,45.220038683638,302.1617609207059,
main,15,0.016,240,4,ASGA,emp,-2.107498077192342,1.724711411188462e-08,0.0033094856111274213,45.220038683638,302.1617609207059,
main,15,0.016,240,4,SGA,cert,-0.02187555389801911,0.009197457960901378,0.0033094856111274213,45.220038683638,0.022114089883824684,
main,15,0.016,240,4,ASGA,cert,-0.9745226130673296,0.0010603596834154183,0.0033094856111274213,45.220038683638,0.022114089883824684,
main,16,0.016,240,4,SGA,emp,-1.109789238994589,5.601696046395044e-07,0.0033914261362141965,49.66495515090318,294.8612058277898,
main,16,0.016,240,4,ASGA,emp,-2.2130894324184647,6.883584487138439e-09,0.0033914261362141965,49.66495515090318,294.8612058277898,
main,16,0.016,240,4,SGA,cert,-0.019840962925663768,0.00468409824003526,0.0033914261362141965,49.66495515090318,0.020134922038318088,
main,16,0.016,240,4,ASGA,cert,-0.8469353214613333,0.0007322819079161463,0.0033914261362141965,49.66495515090318,0.020134922038318088,
main,17,0.016,240,4,SGA,emp,-1.0738097980572658,7.473434318339134e-07,0.0032667810707691933,43.10748959176295,306.11172843748017,
main,17,0.016,240,4,ASGA,emp,-2.1443579050843082,1.0523086728386755e-08,0.0032667810707691933,43.10748959176295,306.11172843748017,
main,17,0.016,240,4,SGA,cert,-0.020903723851947054,0.004181260667031145,0.0032667810707691933,43.10748959176295,0.023197825006053743,
main,17,0.016,240,4,ASGA,cert,-0.8876611902539469,0.0006034709844371378,0.0032667810707691933,43.10748959176295,0.023197825006053743,
main,18,0.016,240,4,SGA,emp,-1.0871147371521612,7.204192072063353e-07,0.003309843204880709,34.81764151140277,302.1291155198517,
main,18,0.016,240,4,ASGA,emp,-2.167973043849747,9.585885807350536e-09,0.003309843204880709,34.81764151140277,302.1291155198517,
main,18,0.016,240,4,SGA,cert,-0.028618956317676504,0.006356954464213957,0.003309843204880709,34.81764151140277,0.028721072323997024,
main,18,0.016,240,4,ASGA,cert,-1.234686311600452,0.000444058961212801,0.003309843204880709,34.81764151140277,0.028721072323997024,
main,19,0.016,240,4,SGA,emp,-1.0768455729788684,7.866901368808188e-07,0.003312047631043918,40.46905734919289,301.9280250159965,
main,19,0.016,240,4,ASGA,emp,-2.1606447498249,1.0613070061671337e-08,0.003312047631043918,40.46905734919289,301.9280250159965,
main,19,0.016,240,4,SGA,cert,-0.02526850379315039,0.007383519557403406,0.003312047631043918,40.46905734919289,0.024710237042868604,
main,19,0.016,240,4,ASGA,cert,-1.1066567456526213,0.000654384959679663,0.003312047631043918,40.46905734919289,0.024710237042868604,
main,20,0.016,240,4,SGA,emp,-1.0854907372791698,6.690455973609732e-07,0.0034325088629020865,47.78783119431136,291.3320955432375,
main,20,0.016,240,4,ASGA,emp,-2.159592167342164,9.183122408329414e-09,0.0034325088629020865,47.78783119431136,291.3320955432375,
main,20,0.016,240,4,SGA,cert,-0.0180224153931634,0.0032019148415576085,0.0034325088629020865,47.78783119431136,0.02092582933788884,
main,20,0.016,240,4,ASGA,cert,-0.7571340271400627,0.0006131244522767365,0.0034325088629020865,47.78783119431136,0.02092582933788884,
main,21,0.016,240,4,SGA,emp,-1.0766710494659868,7.804427129554092e-07,0.0034222369755777496,46.351792574102376,292.2065324921509,
main,21,0.016,240,4,ASGA,emp,-2.1556644684415085,1.0701501691745552e-08,0.0034222369755777496,46.351792574102376,292.2065324921509,
main,21,0.016,240,4,SGA,cert,-0.020800666107716942,0.0055271344588260565,0.0034222369755777496,46.351792574102376,0.0215741386571254,
main,21,0.016,240,4,ASGA,cert,-0.8968451723365478,0.0007705040803723806,0.0034222369755777496,46.351792574102376,0.0215741386571254,
main,22,0.016,240,4,SGA,emp,-1.0693262674273158,9.846961766257767e-07,0.0034283171761643884,36.947643166800184,291.68829738175015,
main,22,0.016,240,4,ASGA,emp,-2.155303546171094,1.3324754410959372e-08,0.0034283171761643884,36.947643166800184,291.68829738175015,
main,22,0.016,240,4,SGA,cert,-0.029382521301233873,0.011820893069218887,0.0034283171761643884,36.947643166800184,0.027065325804016747,
main,22,0.016,240,4,ASGA,cert,-1.327525341563044,0.0006418126566619664,0.0034283171761643884,36.947643166800184,0.027065325804016747,
main,23,0.016,240,4,SGA,emp,-1.0761154291337183,7.624034975214911e-07,0.0033176064659983634,43.48908214488422,301.4221277444584,
main,23,0.016,240,4,ASGA,emp,-2.1473863614976305,1.0635263628100411e-08,0.0033176064659983634,43.48908214488422,301.4221277444584,
main,23,0.016,240,4,SGA,cert,-0.021363214175036855,0.004978370770417302,0.0033176064659983634,43.48908214488422,0.02299427696975742,
main,23,0.016,240,4,ASGA,cert,-0.9183545580589353,0.0006657673894383612,0.0033176064659983634,43.48908214488422,0.02299427696975742,
main,24,0.016,240,4,SGA,emp,-1.1428094282084933,4.243275023851911e-07,0.003313058800604282,47.23226677922406,301.8358743942625,
main,24,0.016,240,4,ASGA,emp,-2.285489425480086,4.588277577322053e-09,0.003313058800604282,47.23226677922406,301.8358743942625,
main,24,0.016,240,4,SGA,cert,-0.015900959191298095,0.002038325067522051,0.003313058800604282,47.23226677922406,0.021171967135819692,
main,24,0.016,240,4,ASGA,cert,-0.6503627471633805,0.0004948336943247644,0.003313058800604282,47.23226677922406,0.021171967135819692,
main,25,0.016,240,4,SGA,emp,-1.1017132994557322,6.56865117250327e-07,0.0034311445183680036,50.432841265152504,291.447939498521,
main,25,0.016,240,4,ASGA,emp,-2.200084546506738,8.24708817903641e-09,0.0034311445183680036,50.432841265152504,291.447939498521,
main,25,0.016,240,4,SGA,cert,-0.019353050036289773,0.005547554864515199,0.0034311445183680036,50.432841265152504,0.01982834944282563,
main,25,0.016,240,4,ASGA,cert,-0.8349267859038781,0.0008814991685395859,0.0034311445183680036,50.432841265152504,0.01982834944282563,
main,26,0.016,240,4,SGA,emp,-1.0710094647347386,8.979477682247161e-07,0.0033467359579764256,44.50124783000432,298.7985943786976,
main,26,0.016,240,4,ASGA,emp,-2.144610826019166,1.246879711980231e-08,0.0033467359579764256,44.50124783000432,298.7985943786976,
main,26,0.016,240,4,SGA,cert,-0.023105955633316244,0.008570415337803762,0.0033467359579764256,44.50124783000432,0.022471279992417752,
main,26,0.016,240,4,ASGA,cert,-1.0236501542976943,0.0008934413584470308,0.0033467359579764256,44.50124783000432,0.022471279992417752,
main,27,0.016,240,4,SGA,emp,-1.1097468119152865,5.581819488217898e-07,0.0034077909264448596,50.12217470376634,293.4452322881319,
main,27,0.016,240,4,ASGA,emp,-2.208812456202227,6.923745202169762e-09,0.0034077909264448596,50.12217470376634,293.4452322881319,
main,27,0.016,240,4,SGA,cert,-0.01869041715020902,0.004043689486196003,0.0034077909264448596,50.12217470376634,0.019951249240685018,
main,27,0.016,240,4,ASGA,cert,-0.7885152641882999,0.0007196287540035193,0.0034077909264448596,50.12217470376634,0.019951249240685018,
main,28,0.016,240,4,SGA,emp,-1.052237944305723,1.1405604464498342e-06,0.0033998216365803097,48.55528106450537,294.1330772298526,
main,28,0.016,240,4,ASGA,emp,-2.1217671549716566,1.6467519195484392e-08,0.0033998216365803097,48.55528106450537,294.1330772298526,
main,28,0.016,240,4,SGA,cert,-0.02231439373463776,0.013524129624914644,0.0033998216365803097,48.55528106450537,0.02059508210181106,
main,28,0.016,240,4,ASGA,cert,-1.0104679610696707,0.001414152827440146,0.0033998216365803097,48.55528106450537,0.02059508210181106,
main,29,0.016,240,4,SGA,emp,-1.097426674670104,5.349796383322114e-07,0.003129306478929247,49.669397042790195,319.559623428821,
main,29,0.016,240,4,ASGA,emp,-2.191756769117471,6.937980925880716e-09,0.003129306478929247,49.669397042790195,319.559623428821,
main,29,0.016,240,4,SGA,cert,-0.01606185197140873,0.002250015902176411,0.003129306478929247,49.669397042790195,0.020133121389383887,
main,29,0.016,240,4,ASGA,cert,-0.6560381143594651,0.0005421962830437152,0.003129306478929247,49.669397042790195,0.020133121389383887,
main,30,0.016,240,4,SGA,emp,-1.098718085395479,5.910748906087782e-07,0.003367713565355177,46.45424295643943,296.93736732462713,
main,30,0.016,240,4,ASGA,emp,-2.199104746129515,7.505588213441161e-09,0.003367713565355177,46.45424295643943,296.93736732462713,
main,30,0.016,240,4,SGA,cert,-0.019869950034417203,0.0036437275080154832,0.003367713565355177,46.45424295643943,0.02152655896120639,
main,30,0.016,240,4,ASGA,cert,-0.8335151078274236,0.0005935510503044944,0.003367713565355177,46.45424295643943,0.02152655896120639,
main,31,0.016,240,4,SGA,emp,-1.0638946611521387,8.901142030462439e-07,0.0033069309111575266,48.97078698834704,302.3951896382285,
main,31,0.016,240,4,ASGA,emp,-2.1352722117644913,1.2673603458357441e-08,0.0033069309111575266,48.97078698834704,302.3951896382285,
main,31,0.016,240,4,SGA,cert,-0.020812614825189327,0.0071596230118547224,0.0033069309111575266,48.97078698834704,0.02042033754201168,
main,31,0.016,240,4,ASGA,cert,-0.9130695833824605,0.0009533433029827176,0.0033069309111575266,48.97078698834704,0.02042033754201168,
main,32,0.016,240,4,SGA,emp,-1.1558146326354564,4.24741446465593e-07,0.0034261288702568293,32.87198864730427,291.87460188122986,
main,32,0.016,240,4,ASGA,emp,-2.300981837809157,4.397968170199995e-09,0.0034261288702568293,32.87198864730427,291.87460188122986,
main,32,0.016,240,4,SGA,cert,-0.0277424703014832,0.0037029473521311,0.0034261288702568293,32.87198864730427,0.03042103752010169,
main,32,0.016,240,4,ASGA,cert,-1.149696886717437,0.00031562395632772633,0.0034261288702568293,32.87198864730427,0.03042103752010169,
main,33,0.016,240,4,SGA,emp,-1.1011038564930953,6.01649046721997e-07,0.003332093478639897,39.249980281690306,300.1116284433241,
main,33,0.016,240,4,ASGA,emp,-2.20671683494991,7.523060105429913e-09,0.003332093478639897,39.249980281690306,300.1116284433241,
main,33,0.016,240,4,SGA,cert,-0.02404150008723336,0.0037942644189704125,0.003332093478639897,39.249980281690306,0.02547771980579795,
main,33,0.016,240,4,ASGA,cert,-0.99418422075008,0.00044994420916259076,0.003332093478639897,39.249980281690306,0.02547771980579795,
main,34,0.016,240,4,SGA,emp,-1.0797325837301488,7.955764798270315e-07,0.003378753246440285,36.87678153782436,295.9671592039338,
main,34,0.016,240,4,ASGA,emp,-2.167511906618597,1.0568917650777276e-08,0.003378753246440285,36.87678153782436,295.9671592039338,
main,34,0.016,240,4,SGA,cert,-0.02790479620081103,0.00790556217083125,0.003378753246440285,36.87678153782436,0.027117333951020218,
main,34,0.016,240,4,ASGA,cert,-1.2275855097896065,0.0005447379308909442,0.003378753246440285,36.87678153782436,0.027117333951020218,
main,35,0.016,240,4,SGA,emp,-1.0653906633721437,7.722391189637912e-07,0.003278582419409157,50.45585815453704,305.0098707539013,
main,35,0.016,240,4,ASGA,emp,-2.1351540711703105,1.1074713042458217e-08,0.003278582419409157,50.45585815453704,305.0098707539013,
main,35,0.016,240,4,SGA,cert,-0.01895810127387076,0.004488488883587716,0.003278582419409157,50.45585815453704,0.019819304171523222,
main,35,0.016,240,4,ASGA,cert,-0.8128258274902125,0.0007556840394147488,0.003278582419409157,50.45585815453704,0.019819304171523222,
main,36,0.016,240,4,SGA,emp,-1.071749597896962,8.699318871166484e-07,0.0033282396867240997,35.84909360116485,300.45912978829784,
main,36,0.016,240,4,ASGA,emp,-2.1546064627282777,1.1873208916046707e-08,0.0033282396867240997,35.84909360116485,300.45912978829784,
main,36,0.016,240,4,SGA,cert,-0.028441492838218743,0.007682761775076152,0.0033282396867240997,35.84909360116485,0.02789470805386016,
main,36,0.016,240,4,ASGA,cert,-1.2440092917458943,0.0005177555873774192,0.0033282396867240997,35.84909360116485,0.02789470805386016,
main,37,0.016,240,4,SGA,emp,-1.0672024248746734,8.835177381996684e-07,0.003430814131394756,48.02191065778266,291.4760058987696,
main,37,0.016,240,4,ASGA,emp,-2.1455236325155513,1.2280206219961176e-08,0.003430814131394756,48.02191065778266,291.4760058987696,
main,37,0.016,240,4,SGA,cert,-0.022340078597786885,0.009002560772900577,0.003430814131394756,48.02191065778266,0.020823827838218994,
main,37,0.016,240,4,ASGA,cert,-0.9938207668921467,0.0009950054495637753,0.003430814131394756,48.02191065778266,0.020823827838218994,
main,38,0.016,240,4,SGA,emp,-1.1238716754363218,4.873502319965861e-07,0.0033954781006459416,48.95598317257899,294.50933575738986,
main,38,0.016,240,4,ASGA,emp,-2.2268355504862547,5.890160283128498e-09,0.0033954781006459416,48.95598317257899,294.50933575738986,
main,38,0.016,240,4,SGA,cert,-0.016033039948473615,0.0024499842113222953,0.0033954781006459416,48.95598317257899,0.020426512454561747,
main,38,0.016,240,4,ASGA,cert,-0.6716586375368906,0.0005628244595519138,0.0033954781006459416,48.95598317257899,0.020426512454561747,
main,39,0.016,240,4,SGA,emp,-1.096176081343808,6.029995851461467e-07,0.0032770423333999643,45.0567407521639,305.15321386235803,
main,39,0.016,240,4,ASGA,emp,-2.1863444802453076,7.863048691325591e-09,0.0032770423333999643,45.0567407521639,305.15321386235803,
main,39,0.016,240,4,SGA,cert,-0.018140681177482618,0.002870497212127038,0.0032770423333999643,45.0567407521639,0.022194237383936253,
main,39,0.016,240,4,ASGA,cert,-0.7584621538656519,0.0005497794730766822,0.0032770423333999643,45.0567407521639,0.022194237383936253,
main,40,0.016,240,4,SGA,emp,-1.1044811988285457,5.891369044136452e-07,0.003388138991241542,39.80524855399492,295.14727777846036,
main,40,0.016,240,4,ASGA,emp,-2.2097211811164357,7.262276717490135e-09,0.003388138991241542,39.80524855399492,295.14727777846036,
main,40,0.016,240,4,SGA,cert,-0.024695222420242035,0.005184667747695,0.003388138991241542,39.80524855399492,0.025122315180208524,
main,40,0.016,240,4,ASGA,cert,-1.0537778644728213,0.00052373014691217,0.003388138991241542,39.80524855399492,0.025122315180208524,
main,41,0.016,240,4,SGA,emp,-1.058456290336679,1.029393418158775e-06,0.0033777861818361983,39.47039053384004,296.05189498892145,
main,41,0.016,240,4,ASGA,emp,-2.1309132189114703,1.4700246839249864e-08,0.0033777861818361983,39.47039053384004,296.05189498892145,
main,41,0.016,240,4,SGA,cert,-0.026306780303135085,0.00925658775066246,0.0033777861818361983,39.47039053384004,0.025335447318228267,
main,41,0.016,240,4,ASGA,cert,-1.1683939946918593,0.0007121880565629374,0.0033777861818361983,39.47039053384004,0.025335447318228267,
main,42,0.016,240,4,SGA,emp,-1.1467510357572275,4.331252897865623e-07,0.0033797127693902668,46.97081446959964,295.8831321575324,
main,42,0.016,240,4,ASGA,emp,-2.2805010614533607,4.676110304524528e-09,0.0033797127693902668,46.97081446959964,295.8831321575324,
main,42,0.016,240,4,SGA,cert,-0.019175733960194258,0.003512313636215375,0.0033797127693902668,46.97081446959964,0.021289816054759242,
main,42,0.016,240,4,ASGA,cert,-0.8048576639417638,0.0006049348450516689,0.0033797127693902668,46.97081446959964,0.021289816054759242,
main,43,0.016,240,4,SGA,emp,-1.0566344585391418,9.82062026491648e-07,0.0033284875385955637,42.8661821637201,300.4367564560402,
main,43,0.016,240,4,ASGA,emp,-2.118162968521153,1.442405028750926e-08,0.0033284875385955637,42.8661821637201,300.4367564560402,
main,43,0.016,240,4,SGA,cert,-0.023232210409244572,0.007502556357567705,0.0033284875385955637,42.8661821637201,0.023328412970874568,
main,43,0.016,240,4,ASGA,cert,-1.022135666856312,0.0007917708104296511,0.0033284875385955637,42.8661821637201,0.023328412970874568,
main,44,0.016,240,4,SGA,emp,-1.065616116552832,8.338504254162826e-07,0.003384971806289958,44.70471444682984,295.4234354749422,
main,44,0.016,240,4,ASGA,emp,-2.1372221352831415,1.189681914093299e-08,0.003384971806289958,44.70471444682984,295.4234354749422,
main,44,0.016,240,4,SGA,cert,-0.021127815001050584,0.004943224052912296,0.003384971806289958,44.70471444682984,0.02236900542535315,
main,44,0.016,240,4,ASGA,cert,-0.9070674759650578,0.0006791073834572572,0.003384971806289958,44.70471444682984,0.02236900542535315,
main,45,0.016,240,4,SGA,emp,-1.080413801536827,7.440663878435783e-07,0.003358163939321301,35.876268168301344,297.78176946361475,
main,45,0.016,240,4,ASGA,emp,-2.1756809237142543,9.804430052551272e-09,0.003358163939321301,35.876268168301344,297.78176946361475,
main,45,0.016,240,4,SGA,cert,-0.02762040326533494,0.005735020465163283,0.003358163939321301,35.876268168301344,0.027873579138968388,
main,45,0.016,240,4,ASGA,cert,-1.1779211088833794,0.00045362977804936505,0.003358163939321301,35.876268168301344,0.027873579138968388,
main,46,0.016,240,4,SGA,emp,-1.0622675826592114,9.53752395962959e-07,0.0033911921165684987,47.306448692401055,294.88155363249854,
main,46,0.016,240,4,ASGA,emp,-2.1277376456125165,1.3784602903577081e-08,0.0033911921165684987,47.306448692401055,294.88155363249854,
main,46,0.016,240,4,SGA,cert,-0.020867499397462894,0.007038222678019367,0.0033911921165684987,47.306448692401055,0.021138767073856302,
main,46,0.016,240,4,ASGA,cert,-0.9125496394957059,0.0009389284632395078,0.0033911921165684987,47.306448692401055,0.021138767073856302,
main,47,0.016,240,4,SGA,emp,-1.0737781037533929,8.674900595986856e-07,0.0033860161797911303,43.53549891585696,295.3323158844699,
main,47,0.016,240,4,ASGA,emp,-2.162690763200877,1.163462728243081e-08,0.0033860161797911303,43.53549891585696,295.3323158844699,
main,47,0.016,240,4,SGA,cert,-0.024587070755540893,0.00932795984833059,0.0033860161797911303,43.53549891585696,0.02296976088255576,
main,47,0.016,240,4,ASGA,cert,-1.0945692878062507,0.0008319049719104354,0.0033860161797911303,43.53549891585696,0.02296976088255576,
main,48,0.016,240,4,SGA,emp,-1.157273704565459,4.100216931812728e-07,0.0033784983459821585,35.522543046223646,295.98948929166676,
main,48,0.016,240,4,ASGA,emp,-2.3183522880888523,4.149268838238296e-09,0.0033784983459821585,35.522543046223646,295.98948929166676,
main,48,0.016,240,4,SGA,cert,-0.02175773528510521,0.002261827081768218,0.0033784983459821585,35.522543046223646,0.028151137678931144,
main,48,0.016,240,4,ASGA,cert,-0.8811459203206289,0.00033815049593168695,0.0033784983459821585,35.522543046223646,0.028151137678931144,
main,49,0.016,240,4,SGA,emp,-1.1624594177983316,4.0034830045554415e-07,0.0034267073127567976,49.98182256317105,291.82533222993493,
main,49,0.016,240,4,ASGA,emp,-2.323967972720122,4.000761139044684e-09,0.0034267073127567976,49.98182256317105,291.82533222993493,
main,49,0.016,240,4,SGA,cert,-0.01619987542361747,0.0025261255899702573,0.0034267073127567976,49.98182256317105,0.020007273619046594,
main,49,0.016,240,4,ASGA,cert,-0.6703685830318319,0.0005840870839249751,0.0034267073127567976,49.98182256317105,0.020007273619046594,
main,0,0.016,240,8,SGA,emp,-1.0847035524782438,7.488717709419612e-07,0.003396135512094425,50.41754220861934,294.4523257210345,
main,0,0.016,240,8,ASGA,emp,-2.1604470392644544,1.02090047457426e-08,0.003396135512094425,50.41754220861934,294.4523257210345,
main,0,0.016,240,8,SGA,cert,-0.017918802743546212,0.0044839650712231935,0.003396135512094425,50.41754220861934,0.019834366297789122,
main,0,0.016,240,8,ASGA,cert,-0.7674508747284863,0.0008295626191280672,0.003396135512094425,50.41754220861934,0.019834366297789122,
main,1,0.016,240,8,SGA,emp,-1.085789765875708,7.001166140024884e-07,0.003335403379724578,49.43989370596907,299.8138114504685,
main,1,0.016,240,8,ASGA,emp,-2.167895390657466,9.418808413763635e-09,0.003335403379724578,49.43989370596907,299.8138114504685,
main,1,0.016,240,8,SGA,cert,-0.018420907885120318,0.004122627245852141,0.003335403379724578,49.43989370596907,0.020226580703171418,
main,1,0.016,240,8,ASGA,cert,-0.782716834529593,0.0007426013022171565,0.003335403379724578,49.43989370596907,0.020226580703171418,
main,2,0.016,240,8,SGA,emp,-1.0718032844253895,7.821594110932195e-07,0.00325046269125243,45.10703752628865,307.64850883881144,
main,2,0.016,240,8,ASGA,emp,-2.1444278172226348,1.0938076486222137e-08,0.00325046269125243,45.10703752628865,307.64850883881144,
main,2,0.016,240,8,SGA,cert,-0.021949681099864927,0.006109994109644391,0.00325046269125243,45.10703752628865,0.022169489614945206,
main,2,0.016,240,8,ASGA,cert,-0.9510851648398784,0.000758011627718512,0.00325046269125243,45.10703752628865,0.022169489614945206,
main,3,0.016,240,8,SGA,emp,-1.0882198148305722,7.119256019913478e-07,0.0033786740151254256,46.2849822752532,295.9740997572615,
main,3,0.016,240,8,ASGA,emp,-2.1783976377892516,9.340318865569408e-09,0.0033786740151254256,46.2849822752532,295.9740997572615,
main,3,0.016,240,8,SGA,cert,-0.02158247396538943,0.005678470505906863,0.0033786740151254256,46.2849822752532,0.02160527995998956,
main,3,0.016,240,8,ASGA,cert,-0.9306599881642525,0.0007383445100668795,0.0033786740151254256,46.2849822752532,0.02160527995998956,
main,4,0.016,240,8,SGA,emp,-1.112558523738042,5.634430577591831e-07,0.0033272435403168053,38.993453936858266,300.54908451480065,
main,4,0.016,240,8,ASGA,emp,-2.2264597099804115,6.742326690012401e-09,0.0033272435403168053,38.993453936858266,300.54908451480065,
main,4,0.016,240,8,SGA,cert,-0.02481831904751932,0.00455006744981877,0.0033272435403168053,38.993453936858266,0.025645330152576137,
main,4,0.016,240,8,ASGA,cert,-1.0451312201334293,0.00047667502527096867,0.0033272435403168053,38.993453936858266,0.025645330152576137,
main,5,0.016,240,8,SGA,emp,-1.1017048017630895,6.361248936215258e-07,0.003422269164820209,48.59449332183809,292.2037840505557,
main,5,0.016,240,8,ASGA,emp,-2.198607357628567,8.025386112608945e-09,0.003422269164820209,48.59449332183809,292.2037840505557,
main,5,0.016,240,8,SGA,cert,-0.020191610417939404,0.005241307661566011,0.003422269164820209,48.59449332183809,0.020578463353389996,
main,5,0.016,240,8,ASGA,cert,-0.868325946682069,0.0007776097054780495,0.003422269164820209,48.59449332183809,0.020578463353389996,
main,6,0.016,240,8,SGA,emp,-1.1307115369047174,4.908737839259825e-07,0.0034005146013287024,50.2041698564166,294.0731381095274,
main,6,0.016,240,8,ASGA,emp,-2.2408532890625934,5.733852212475021e-09,0.0034005146013287024,50.2041698564166,294.0731381095274,
main,6,0.016,240,8,SGA,cert,-0.017486477125528033,0.0034007897985268085,0.0034005146013287024,50.2041698564166,0.019918664183871372,
main,6,0.016,240,8,ASGA,cert,-0.7353048859420958,0.0006792962272418879,0.0034005146013287024,50.2041698564166,0.019918664183871372,
main,7,0.016,240,8,SGA,emp,-1.079740927292238,7.432213013150446e-07,0.0032302950760515065,41.96881005020381,309.5692425790192,
main,7,0.016,240,8,ASGA,emp,-2.1553141122856974,1.0152339240121488e-08,0.0032302950760515065,41.96881005020381,309.5692425790192,
main,7,0.016,240,8,SGA,cert,-0.023315153173517685,0.00619150080698664,0.0032302950760515065,41.96881005020381,0.023827218327224026,
main,7,0.016,240,8,ASGA,cert,-1.0139508758705633,0.0006717170435688036,0.0032302950760515065,41.96881005020381,0.023827218327224026,
main,8,0.016,240,8,SGA,emp,-1.0674551601219737,8.064813518532388e-07,0.003349725769294938,46.51648657956932,298.5319004816575,
main,8,0.016,240,8,ASGA,emp,-2.1309274349688376,1.164911057893736e-08,0.003349725769294938,46.51648657956932,298.5319004816575,
main,8,0.016,240,8,SGA,cert,-0.019731349595776288,0.00443211764878472,0.003349725769294938,46.51648657956932,0.021497754313181808,
main,8,0.016,240,8,ASGA,cert,-0.8430382716524473,0.0007000322958570296,0.003349725769294938,46.51648657956932,0.021497754313181808,
main,9,0.016,240,8,SGA,emp,-1.0721319278965367,8.276092990297523e-07,0.003362918856312306,50.27877234683489,297.36072820281345,
main,9,0.016,240,8,ASGA,emp,-2.1491355369603995,1.1454145298905871e-08,0.003362918856312306,50.27877234683489,297.36072820281345,
main,9,0.016,240,8,SGA,cert,-0.020536021050498576,0.007212711306528466,0.003362918856312306,50.27877234683489,0.019889109326332848,
main,9,0.016,240,8,ASGA,cert,-0.8993176829808168,0.0009891272431879067,0.003362918856312306,50.27877234683489,0.019889109326332848,
main,10,0.016,240,8,SGA,emp,-1.078631106181481,8.394772628636527e-07,0.0033754738637431854,39.765249338495856,296.2547009299203,
main,10,0.016,240,8,ASGA,emp,-2.172860435885183,1.1046513849477524e-08,0.0033754738637431854,39.765249338495856,296.2547009299203,
main,10,0.016,240,8,SGA,cert,-0.02641937343200698,0.008485961417455855,0.0033754738637431854,39.765249338495856,0.025147585307152148,
main,10,0.016,240,8,ASGA,cert,-1.166199790065624,0.00065847087961525,0.0033754738637431854,39.765249338495856,0.025147585307152148,
main,11,0.016,240,8,SGA,emp,-1.0811527909696574,7.973569790195589e-07,0.0033842388984284635,45.49306974760409,295.48741386560187,
main,11,0.016,240,8,ASGA,emp,-2.1669144265306577,1.0662861871235663e-08,0.0033842388984284635,45.49306974760409,295.48741386560187,
main,11,0.016,240,8,SGA,cert,-0.021986346983681657,0.006508706074115168,0.0033842388984284635,45.49306974760409,0.021981370031699508,
main,11,0.016,240,8,ASGA,cert,-0.9574332661568693,0.0007940290816923143,0.0033842388984284635,45.49306974760409,0.021981370031699508,
main,12,0.016,240,8,SGA,emp,-1.0660061576510556,8.806756114365655e-07,0.0033862683509825486,50.37270159842083,295.3103228543134,
main,12,0.016,240,8,ASGA,emp,-2.1391691389280663,1.2433143459222862e-08,0.0033862683509825486,50.37270159842083,295.3103228543134,
main,12,0.016,240,8,SGA,cert,-0.020141963294238584,0.007043496344950703,0.0033862683509825486,50.37270159842083,0.01985202239046376,
main,12,0.016,240,8,ASGA,cert,-0.8813096702957545,0.0010048009165099236,0.0033862683509825486,50.37270159842083,0.01985202239046376,
main,13,0.016,240,8,SGA,emp,-1.0592343222843505,1.0024548499909525e-06,0.003377680550920965,47.39617388566764,296.06115348218407,
main,13,0.016,240,8,ASGA,emp,-2.1231898894865027,1.455576777165124e-08,0.003377680550920965,47.39617388566764,296.06115348218407,
main,13,0.016,240,8,SGA,cert,-0.021287077558013425,0.008109737377556783,0.003377680550920965,47.39617388566764,0.021098749498477867,
main,13,0.016,240,8,ASGA,cert,-0.9392608839025577,0.0010146711130997743,0.003377680550920965,47.39617388566764,0.021098749498477867,
main,14,0.016,240,8,SGA,emp,-1.1162777086277358,5.294737638675273e-07,0.0033326401976339084,48.071981464533515,300.0623951874478,
main,14,0.016,240,8,ASGA,emp,-2.225686888160369,6.3721567813979085e-09,0.0033326401976339084,48.071981464533515,300.0623951874478,
main,14,0.016,240,8,SGA,cert,-0.01858367703705342,0.0034438657919520013,0.0033326401976339084,48.071981464533515,0.020802138158956037,
main,14,0.016,240,8,ASGA,cert,-0.7761299839822083,0.0006336164878008241,0.0033326401976339084,48.071981464533515,0.020802138158956037,
main,15,0.016,240,8,SGA,emp,-1.0812815675117766,7.965219985944794e-07,0.0034004029136585202,49.79487075157813,294.0827970659783,
main,15,0.016,240,8,ASGA,emp,-2.17185268237765,1.0493991460525098e-08,0.0034004029136585202,49.79487075157813,294.0827970659783,
main,15,0.016,240,8,SGA,cert,-0.021297990155049996,0.008676996814635754,0.0034004029136585202,49.79487075157813,0.020082389710155184,
main,15,0.016,240,8,ASGA,cert,-0.9431013365172144,0.001071605688217639,0.0034004029136585202,49.79487075157813,0.020082389710155184,
main,16,0.016,240,8,SGA,emp,-1.0710384146819125,7.911580623687353e-07,0.0034022606368519005,48.78229249815048,293.9222201757289,
main,16,0.016,240,8,ASGA,emp,-2.1469156911665594,1.1054537216170779e-08,0.0034022606368519005,48.78229249815048,293.9222201757289,
main,16,0.016,240,8,SGA,cert,-0.020432386168510116,0.005572997957551673,0.0034022606368519005,48.78229249815048,0.020499241605709977,
main,16,0.016,240,8,ASGA,cert,-0.8849297772123828,0.0007978718791358669,0.0034022606368519005,48.78229249815048,0.020499241605709977,
main,17,0.016,240,8,SGA,emp,-1.1048179468064327,5.683504882489365e-07,0.003375337769691898,49.90787922245918,296.26664595741494,
main,17,0.016,240,8,ASGA,emp,-2.198783340499782,7.224399883876131e-09,0.003375337769691898,49.90787922245918,296.26664595741494,
main,17,0.016,240,8,SGA,cert,-0.01791801745781642,0.003388105958225675,0.003375337769691898,49.90787922245918,0.020036916326229854,
main,17,0.016,240,8,ASGA,cert,-0.7532369391704214,0.0006530973741813231,0.003375337769691898,49.90787922245918,0.020036916326229854,
main,18,0.016,240,8,SGA,emp,-1.0867830963297787,7.071036869712999e-07,0.0034057722315512322,49.4985722818412,293.61916534991786,
main,18,0.016,240,8,ASGA,emp,-2.170274567855715,9.426177470517327e-09,0.0034057722315512322,49.4985722818412,293.61916534991786,
main,18,0.016,240,8,SGA,cert,-0.019959721531445866,0.005374402233584485,0.0034057722315512322,49.4985722818412,0.0202026029014751,
main,18,0.016,240,8,ASGA,cert,-0.8603210643896324,0.0008121148791288627,0.0034057722315512322,49.4985722818412,0.0202026029014751,
main,19,0.016,240,8,SGA,emp,-1.0734645338465545,8.499186760560495e-07,0.0033165096859792695,40.43998704597889,301.5218089751271,
main,19,0.016,240,8,ASGA,emp,-2.1577467411987783,1.1514938835777144e-08,0.0033165096859792695,40.43998704597889,301.5218089751271,
main,19,0.016,240,8,SGA,cert,-0.02576873067777895,0.008457892963746813,0.0033165096859792695,40.43998704597889,0.0247280000080869,
main,19,0.016,240,8,ASGA,cert,-1.1393217471160217,0.0006945443803010945,0.0033165096859792695,40.43998704597889,0.0247280000080869,
main,20,0.016,240,8,SGA,emp,-1.06948734360535,8.188042394940975e-07,0.003354865392569973,48.46147479116847,298.0745523247228,
main,20,0.016,240,8,ASGA,emp,-2.1400438635429455,1.1587155887560208e-08,0.003354865392569973,48.46147479116847,298.0745523247228,
main,20,0.016,240,8,SGA,cert,-0.019842879962824633,0.0055258200603183205,0.003354865392569973,48.46147479116847,0.02063494774579659,
main,20,0.016,240,8,ASGA,cert,-0.8568581319123483,0.0008393858629201709,0.003354865392569973,48.46147479116847,0.02063494774579659,
main,21,0.016,240,8,SGA,emp,-1.0968247871503727,6.661998077431286e-07,0.0033838810328884862,43.62367244141281,295.51866341660315,
main,21,0.016,240,8,ASGA,emp,-2.1810963125716807,8.687841369925398e-09,0.0033838810328884862,43.62367244141281,295.51866341660315,
main,21,0.016,240,8,SGA,cert,-0.021610280882044516,0.004964533007744,0.0033838810328884862,43.62367244141281,0.02292333368638355,
main,21,0.016,240,8,ASGA,cert,-0.9290058620645936,0.0006493206628432058,0.0033838810328884862,43.62367244141281,0.02292333368638355,
main,22,0.016,240,8,SGA,emp,-1.0647275416134656,8.00734017467053e-07,0.003285720908282989,48.575403255766176,304.3472126555531,
main,22,0.016,240,8,ASGA,emp,-2.1346450531203645,1.1473041551524066e-08,0.003285720908282989,48.575403255766176,304.3472126555531,
main,22,0.016,240,8,SGA,cert,-0.020071831806640014,0.005176243249711748,0.003285720908282989,48.575403255766176,0.02058655066093135,
main,22,0.016,240,8,ASGA,cert,-0.8670513730389691,0.0007714611062970556,0.003285720908282989,48.575403255766176,0.02058655066093135,
main,23,0.016,240,8,SGA,emp,-1.0672546503863978,8.340591582250978e-07,0.0033199111648942498,48.067371935213274,301.21287899938534,
main,23,0.016,240,8,ASGA,emp,-2.136966211921601,1.1854122364263198e-08,0.0033199111648942498,48.067371935213274,301.21287899938534,
main,23,0.016,240,8,SGA,cert,-0.020160541516854216,0.005723473048896373,0.0033199111648942498,48.067371935213274,0.02080413302703197,
main,23,0.016,240,8,ASGA,cert,-0.8709904604485741,0.0008428628850758804,0.0033199111648942498,48.067371935213274,0.02080413302703197,
main,24,0.016,240,8,SGA,emp,-1.1592264845468474,3.930530559845269e-07,0.003373214764330331,49.30171170521501,296.45310775180525,
main,24,0.016,240,8,ASGA,emp,-2.312185083796097,4.0224723066306645e-09,0.003373214764330331,49.30171170521501,296.45310775180525,
main,24,0.016,240,8,SGA,cert,-0.01653151777841359,0.002516012499738346,0.003373214764330331,49.30171170521501,0.02028327142025421,
main,24,0.016,240,8,ASGA,cert,-0.6871060178514456,0.0005610282646647397,0.003373214764330331,49.30171170521501,0.02028327142025421,
main,25,0.016,240,8,SGA,emp,-1.051056894847657,1.1722151733034591e-06,0.0033201008535097497,46.048751050685674,301.1956696866237,
main,25,0.016,240,8,ASGA,emp,-2.1023039982746257,1.7699574902940718e-08,0.0033201008535097497,46.048751050685674,301.1956696866237,
main,25,0.016,240,8,SGA,cert,-0.021126871586074986,0.008990441492404369,0.0033201008535097497,46.048751050685674,0.02171611557714788,
main,25,0.016,240,8,ASGA,cert,-0.9411762601942905,0.0011131052056633506,0.0033201008535097497,46.048751050685674,0.02171611557714788,
main,26,0.016,240,8,SGA,emp,-1.0829861060609738,7.314688083848164e-07,0.0033778828989392373,44.2958615794055,296.0434182943499,
main,26,0.016,240,8,ASGA,emp,-2.1663115790612038,9.849145041207485e-09,0.0033778828989392373,44.2958615794055,296.0434182943499,
main,26,0.016,240,8,SGA,cert,-0.021544449776067363,0.004737156952504297,0.0033778828989392373,44.2958615794055,0.022575472388258737,
main,26,0.016,240,8,ASGA,cert,-0.9189642301209999,0.0006385882494902365,0.0033778828989392373,44.2958615794055,0.022575472388258737,
main,27,0.016,240,8,SGA,emp,-1.0751085759520949,7.911743310773378e-07,0.003390706034837145,44.11059398293012,294.92382699228295,
main,27,0.016,240,8,ASGA,emp,-2.149803591023866,1.0964796265389154e-08,0.003390706034837145,44.11059398293012,294.92382699228295,
main,27,0.016,240,8,SGA,cert,-0.022015588546282584,0.005666800475030258,0.003390706034837145,44.11059398293012,0.0226702909597404,
main,27,0.016,240,8,ASGA,cert,-0.9519923684970258,0.0007031306548165722,0.003390706034837145,44.11059398293012,0.0226702909597404,
main,28,0.016,240,8,SGA,emp,-1.0630731692551996,9.608533844684963e-07,0.003412388068990206,47.74853387639782,293.0499051638989,
main,28,0.016,240,8,ASGA,emp,-2.1314774841068633,1.3735726792085678e-08,0.003412388068990206,47.74853387639782,293.0499051638989,
main,28,0.016,240,8,SGA,cert,-0.02153008749976641,0.00805943639888252,0.003412388068990206,47.74853387639782,0.02094305141574832,
main,28,0.016,240,8,ASGA,cert,-0.9490527860885223,0.0009883588173575097,0.003412388068990206,47.74853387639782,0.02094305141574832,
main,29,0.016,240,8,SGA,emp,-1.0780735722873456,8.008485090013617e-07,0.003419446079796328,49.59372697127484,292.4450266692209,
main,29,0.016,240,8,ASGA,emp,-2.1576849853042677,1.0911600741014826e-08,0.003419446079796328,49.59372697127484,292.4450266692209,
main,29,0.016,240,8,SGA,cert,-0.020320017314631993,0.006619385117873883,0.003419446079796328,49.59372697127484,0.0201638404909397,
main,29,0.016,240,8,ASGA,cert,-0.8853224548504616,0.0009393318923542754,0.003419446079796328,49.59372697127484,0.0201638404909397,
main,30,0.016,240,8,SGA,emp,-1.0937810021865972,6.84535369055439e-07,0.003357656979719548,42.098627080281034,297.8267303777785,
main,30,0.016,240,8,ASGA,emp,-2.188511437648267,8.806600511335194e-09,0.003357656979719548,42.098627080281034,297.8267303777785,
main,30,0.016,240,8,SGA,cert,-0.02284071871009233,0.005056168293004912,0.003357656979719548,42.098627080281034,0.023753743752570004,
main,30,0.016,240,8,ASGA,cert,-0.9754833475046227,0.0006038020039716291,0.003357656979719548,42.098627080281034,0.023753743752570004,
main,31,0.016,240,8,SGA,emp,-1.0625122267646514,9.986478833601264e-07,0.0034299029484354255,46.63409690632357,291.55343898466776,
main,31,0.016,240,8,ASGA,emp,-2.119899902165009,1.4612280205272832e-08,0.0034299029484354255,46.63409690632357,291.55343898466776,
main,31,0.016,240,8,SGA,cert,-0.020959900833043506,0.007322622249124007,0.0034299029484354255,46.63409690632357,0.02144353737585514,
main,31,0.016,240,8,ASGA,cert,-0.9228711404365586,0.0009520101737770376,0.0034299029484354255,46.63409690632357,0.02144353737585514,
main,32,0.016,240,8,SGA,emp,-1.0648326548634528,9.685904435036141e-07,0.003394158407503072,40.30295635873852,294.6238448357083,
main,32,0.016,240,8,ASGA,emp,-2.14394708241419,1.3385035496638054e-08,0.003394158407503072,40.30295635873852,294.6238448357083,
main,32,0.016,240,8,SGA,cert,-0.026945175952021973,0.012029192788181882,0.003394158407503072,40.30295635873852,0.02481207559810136,
main,32,0.016,240,8,ASGA,cert,-1.2212659573754436,0.000807542190684421,0.003394158407503072,40.30295635873852,0.02481207559810136,
main,33,0.016,240,8,SGA,emp,-1.0641306173717133,7.698506100731195e-07,0.003338578997842314,49.88418199682009,299.52863198573067,
main,33,0.016,240,8,ASGA,emp,-2.1278440085315213,1.1257511416118415e-08,0.003338578997842314,49.88418199682009,299.52863198573067,
main,33,0.016,240,8,SGA,cert,-0.017305522656948614,0.0032486174902946058,0.003338578997842314,49.88418199682009,0.02004643476089767,
main,33,0.016,240,8,ASGA,cert,-0.731633050237439,0.0006558153987865634,0.003338578997842314,49.88418199682009,0.02004643476089767,
main,34,0.016,240,8,SGA,emp,-1.0636365175738807,9.76483999520772e-07,0.003428959889197378,44.200377709440566,291.6336242807645,
main,34,0.016,240,8,ASGA,emp,-2.132485145335583,1.3883791338820117e-08,0.003428959889197378,44.200377709440566,291.6336242807645,
main,34,0.016,240,8,SGA,cert,-0.02338126272135366,0.009046881351168122,0.003428959889197378,44.200377709440566,0.02262424105453774,
main,34,0.016,240,8,ASGA,cert,-1.0398508680856735,0.0009075774736918008,0.003428959889197378,44.200377709440566,0.02262424105453774,
main,35,0.016,240,8,SGA,emp,-1.066850941685572,9.140407481872392e-07,0.0033695119893823065,50.46769518135496,296.7788816751824,
main,35,0.016,240,8,ASGA,emp,-2.1426735993402954,1.2756218012444087e-08,0.0033695119893823065,50.46769518135496,296.7788816751824,
main,35,0.016,240,8,SGA,cert,-0.020982986945811098,0.009495918996556378,0.0033695119893823065,50.46769518135496,0.019814655620917776,
main,35,0.016,240,8,ASGA,cert,-0.9342767156686979,0.0011900960077319278,0.0033695119893823065,50.46769518135496,0.019814655620917776,
main,36,0.016,240,8,SGA,emp,-1.1094041776158743,5.567740569215052e-07,0.003337931968264574,45.33864673187241,299.58669305052086,
main,36,0.016,240,8,ASGA,emp,-2.2066192361966364,6.951577612157589e-09,0.003337931968264574,45.33864673187241,299.58669305052086,
main,36,0.016,240,8,SGA,cert,-0.019666686226896355,0.003507892969154172,0.003337931968264574,45.33864673187241,0.02205623837680657,
main,36,0.016,240,8,ASGA,cert,-0.8235225351613062,0.0005832605214632219,0.003337931968264574,45.33864673187241,0.02205623837680657,
main,37,0.016,240,8,SGA,emp,-1.0727777074491212,7.469480655108995e-07,0.003371896293107586,46.469052130917134,296.5690261720316,
main,37,0.016,240,8,ASGA,emp,-2.146601158162697,1.0460216096075392e-08,0.003371896293107586,46.469052130917134,296.5690261720316,
main,37,0.016,240,8,SGA,cert,-0.02104523314140495,0.004841116362316718,0.003371896293107586,46.469052130917134,0.021519698684249095,
main,37,0.016,240,8,ASGA,cert,-0.9016960890690388,0.0006756203831673677,0.003371896293107586,46.469052130917134,0.021519698684249095,
main,38,0.016,240,8,SGA,emp,-1.0744447306147804,7.544762236147418e-07,0.0032997757870359607,47.71766781129359,303.0508933148621,
main,38,0.016,240,8,ASGA,emp,-2.1535500419002487,1.0395014134190195e-08,0.0032997757870359607,47.71766781129359,303.0508933148621,
main,38,0.016,240,8,SGA,cert,-0.02093221132880151,0.005682387370410595,0.0032997757870359607,47.71766781129359,0.020956598381015695,
main,38,0.016,240,8,ASGA,cert,-0.9057553405316295,0.0007787574948452738,0.0032997757870359607,47.71766781129359,0.020956598381015695,
main,39,0.016,240,8,SGA,emp,-1.1083569977448031,5.949664242735353e-07,0.003414632661662684,43.193281229025324,292.85727019112824,
main,39,0.016,240,8,ASGA,emp,-2.2100493712235734,7.370130436501476e-09,0.003414632661662684,43.193281229025324,292.85727019112824,
main,39,0.016,240,8,SGA,cert,-0.02123579414152055,0.003940414293186499,0.003414632661662684,43.193281229025324,0.023151748872646725,
main,39,0.016,240,8,ASGA,cert,-0.8945099452175067,0.0005628003109013902,0.003414632661662684,43.193281229025324,0.023151748872646725,
main,40,0.016,240,8,SGA,emp,-1.0715682374526998,8.032978559280313e-07,0.0033098482170031427,48.86880545969791,302.1286580039723,
main,40,0.016,240,8,ASGA,emp,-2.1386201425694207,1.1413706965668347e-08,0.0033098482170031427,48.86880545969791,302.1286580039723,
main,40,0.016,240,8,SGA,cert,-0.018919941958333082,0.005011413534409322,0.0033098482170031427,48.86880545969791,0.020462951582164202,
main,40,0.016,240,8,ASGA,cert,-0.814662599689668,0.0008343117237914685,0.0033098482170031427,48.86880545969791,0.020462951582164202,
main,41,0.016,240,8,SGA,emp,-1.0885468873053756,7.440231216473969e-07,0.0033760615145851562,39.80608574578844,296.2031336454715,
main,41,0.016,240,8,ASGA,emp,-2.1744129885615346,9.827048272348371e-09,0.0033760615145851562,39.80608574578844,296.2031336454715,
main,41,0.016,240,8,SGA,cert,-0.023832872514765045,0.005274015263430465,0.0033760615145851562,39.80608574578844,0.025121786813861798,
main,41,0.016,240,8,ASGA,cert,-1.0233959181267573,0.000569067560465257,0.0033760615145851562,39.80608574578844,0.025121786813861798,
main,42,0.016,240,8,SGA,emp,-1.0651526251015384,8.956648596264438e-07,0.0034085700460343804,45.814897919894044,293.3781575541997,
main,42,0.016,240,8,ASGA,emp,-2.1337959525516643,1.2778609732866375e-08,0.0034085700460343804,45.814897919894044,293.3781575541997,
main,42,0.016,240,8,SGA,cert,-0.02179936170029424,0.006649887446698796,0.0034085700460343804,45.814897919894044,0.021826961215726588,
main,42,0.016,240,8,ASGA,cert,-0.9501747078635143,0.0008223865276669878,0.0034085700460343804,45.814897919894044,0.021826961215726588,
main,43,0.016,240,8,SGA,emp,-1.0766871293182079,7.608437513281774e-07,0.0034177150561333553,50.36213300086276,292.5931458813169,
main,43,0.016,240,8,ASGA,emp,-2.156346618566342,1.043256867006015e-08,0.0034177150561333553,50.36213300086276,292.5931458813169,
main,43,0.016,240,8,SGA,cert,-0.019893973687069667,0.005531176134930142,0.0034177150561333553,50.36213300086276,0.01985618837833713,
main,43,0.016,240,8,ASGA,cert,-0.8584671833575067,0.0008393072967475337,0.0034177150561333553,50.36213300086276,0.01985618837833713,
main,44,0.016,240,8,SGA,emp,-1.0830301221044292,8.087066704146051e-07,0.0034120940788335877,49.726187671921934,293.07515469850307,
main,44,0.016,240,8,ASGA,emp,-2.173558987349925,1.0618551697649803e-08,0.0034120940788335877,49.726187671921934,293.07515469850307,
main,44,0.016,240,8,SGA,cert,-0.02115393485502493,0.008505032611185612,0.0034120940788335877,49.726187671921934,0.020110128019418902,
main,44,0.016,240,8,ASGA,cert,-0.9341056823007197,0.0010722943532531712,0.0034120940788335877,49.726187671921934,0.020110128019418902,
main,45,0.016,240,8,SGA,emp,-1.1084398348145876,5.827998856566818e-07,0.0034157989333942667,38.0744527136446,292.757278604307,
main,45,0.016,240,8,ASGA,emp,-2.230084939736449,6.962173990099352e-09,0.0034157989333942667,38.0744527136446,292.757278604307,
main,45,0.016,240,8,SGA,cert,-0.025143506427034435,0.003931513578338625,0.0034157989333942667,38.0744527136446,0.026264330245819496,
main,45,0.016,240,8,ASGA,cert,-1.0371671650437582,0.0004257328434883953,0.0034157989333942667,38.0744527136446,0.026264330245819496,
main,46,0.016,240,8,SGA,emp,-1.0521280327716651,1.0876202102549914e-06,0.0033520466147874996,48.39139867752619,298.3252069313464,
main,46,0.016,240,8,ASGA,emp,-2.1134131765040154,1.6154520193767397e-08,0.0033520466147874996,48.39139867752619,298.3252069313464,
main,46,0.016,240,8,SGA,cert,-0.020346962765535027,0.007925116449838648,0.0033520466147874996,48.39139867752619,0.02066482943929491,
main,46,0.016,240,8,ASGA,cert,-0.896901665382397,0.0010866940094476363,0.0033520466147874996,48.39139867752619,0.02066482943929491,
main,47,0.016,240,8,SGA,emp,-1.0734877375300915,8.075674579957615e-07,0.0033260230261571086,44.18967557033097,300.6593737131764,
main,47,0.016,240,8,ASGA,emp,-2.146609950687516,1.1237284727738661e-08,0.0033260230261571086,44.18967557033097,300.6593737131764,
main,47,0.016,240,8,SGA,cert,-0.022449571951015233,0.006342611112918686,0.0033260230261571086,44.18967557033097,0.022629720338372475,
main,47,0.016,240,8,ASGA,cert,-0.9769745421775613,0.0007431612521365399,0.0033260230261571086,44.18967557033097,0.022629720338372475,
main,48,0.016,240,8,SGA,emp,-1.0878636805365254,6.081509995037315e-07,0.003341459791350757,47.29112974673811,299.27039750364867,
main,48,0.016,240,8,ASGA,emp,-2.1757667224153123,8.135196544190038e-09,0.003341459791350757,47.29112974673811,299.27039750364867,
main,48,0.016,240,8,SGA,cert,-0.017615150372725503,0.0024446187965757663,0.003341459791350757,47.29112974673811,0.02114561452338691,
main,48,0.016,240,8,ASGA,cert,-0.7213762819893014,0.0005131523552760683,0.003341459791350757,47.29112974673811,0.02114561452338691,
main,49,0.016,240,8,SGA,emp,-1.0853596457436023,7.147797568066161e-07,0.003320700326623969,46.381921066432604,301.1412960038651,
main,49,0.016,240,8,ASGA,emp,-2.167682657817579,9.513283376338943e-09,0.003320700326623969,46.381921066432604,301.1412960038651,
main,49,0.016,240,8,SGA,cert,-0.021804588516963958,0.006761525035505554,0.003320700326623969,46.381921066432604,0.021560124656495032,
main,49,0.016,240,8,ASGA,cert,-0.9555142870450286,0.0008240700590745262,0.003320700326623969,46.381921066432604,0.021560124656495032,
exactprox,0,0.008,30,2,ASGA,emp,-2.2208755564774,1.735300821786856e-08,0.029597032704023415,99.04287766738287,33.78717082892098,
exactprox,0,0.008,30,2,ASGA-exactprox,emp,-3.043764223882923,1e-14,0.029597032704023415,99.04287766738287,33.78717082892098,102.18666666666667
exactprox,0,0.008,30,2,ASGA,cert,-1.886493056930601,0.00012912644546376334,0.029597032704023415,99.04287766738287,0.010096637169189637,
exactprox,0,0.008,30,2,ASGA-exactprox,cert,-2.367518752544709,3.0442034742450552e-06,0.029597032704023415,99.04287766738287,0.010096637169189637,114.45666666666666
exactprox,1,0.008,30,2,ASGA,emp,-2.1073311226005593,1.6744921393918588e-08,0.03117983870423283,89.44053523423226,32.07200683383409,
exactprox,1,0.008,30,2,ASGA-exactprox,emp,-3.2839591035169096,1e-14,0.03117983870423283,89.44053523423226,32.07200683383409,109.78666666666666
exactprox,1,0.008,30,2,ASGA,cert,-2.342618630775587,0.00012193047089754244,0.03117983870423283,89.44053523423226,0.011180612877384285,
exactprox,1,0.008,30,2,ASGA-exactprox,cert,-2.3986706179242288,2.3958623040845617e-06,0.03117983870423283,89.44053523423226,0.011180612877384285,118.17333333333333
exactprox,2,0.008,30,2,ASGA,emp,-2.144119272146683,1.44796361289945e-08,0.031083842495491475,90.93200142620796,32.17105478980097,
exactprox,2,0.008,30,2,ASGA-exactprox,emp,-2.983927091572101,1e-14,0.031083842495491475,90.93200142620796,32.17105478980097,72.15666666666667
exactprox,2,0.008,30,2,ASGA,cert,-2.316025967438489,0.00010854094625804833,0.031083842495491475,90.93200142620796,0.010997228525883794,
exactprox,2,0.008,30,2,ASGA-exactprox,cert,-2.4311263773995626,2.111093203943648e-06,0.031083842495491475,90.93200142620796,0.010997228525883794,80.93666666666667
