arm,d,R,seed,method,blocks_1e-3,final_gap,sup_w2sq,mom_overhead_pct,spectral_gap,mono_violation,max_map_defect,slope_std,slope_acc
quantile-1d,1,2,0,std,34,9.23031535926544e-05,12.10020420963963,0.0,0.2202768064882018,,,,
quantile-1d,1,2,0,acc,13,2.7533572874549606e-05,12.10020420963963,1.146932162568464,,0.0,2.1632147353605704e-16,,
quantile-1d,1,2,1,std,33,9.285699679129067e-05,9.602259221066534,0.0,0.21953518675085573,,,,
quantile-1d,1,2,1,acc,12,1.8757719312478827e-05,9.602259221066534,1.0989308410179213,,0.0,1.125547160513655e-16,,
quantile-1d,1,2,2,std,32,8.413237739679502e-05,8.021538617473837,0.0,0.2190878195069232,,,,
quantile-1d,1,2,2,acc,12,9.889435477861142e-05,8.021538617473837,0.8660339376859878,,0.0,1.1252207177938086e-16,,
quantile-1d,1,2,3,std,31,8.339438476734351e-05,6.090355848323227,0.0,0.21801325770653623,,,,
quantile-1d,1,2,3,acc,12,7.765025871342424e-05,6.090355848323227,0.6415643513929571,,0.0,1.1252908786890456e-16,,
quantile-1d,1,2,4,std,34,8.199082148308001e-05,14.422184164018443,0.0,0.22077106952897146,,,,
quantile-1d,1,2,4,acc,13,3.054490551690492e-05,14.422184164018443,1.376514939808651,,0.0,1.125467995589732e-16,,
quantile-1d,1,2,5,std,34,9.312611316869557e-05,12.727157603301796,0.0,0.2203699430884363,,,,
quantile-1d,1,2,5,acc,13,2.644225457149041e-05,12.727157603301796,0.5697001503440873,,0.0,2.161443804381899e-16,,
quantile-1d,1,2,6,std,33,8.586096249674213e-05,10.972223272626817,0.0,0.21992055088734325,,,,
quantile-1d,1,2,6,acc,13,2.4863779349848514e-05,10.972223272626817,0.4524759298465556,,0.0,2.1658083436631147e-16,,
quantile-1d,1,2,7,std,33,8.236385390558709e-05,10.845845793267078,0.0,0.2198094244058704,,,,
quantile-1d,1,2,7,acc,13,2.1957879169809402e-05,10.845845793267078,1.0208188650722203,,0.0,1.1255234649738283e-16,,
quantile-1d,1,2,8,std,32,9.462028942297529e-05,7.60693302697284,0.0,0.21903883394387647,,,,
quantile-1d,1,2,8,acc,12,8.29798359835987e-05,7.60693302697284,1.2417383850491772,,0.0,2.1737787291516308e-16,,
quantile-1d,1,2,9,std,34,8.17829974883999e-05,14.177315928846555,0.0,0.22074449018654668,,,,
quantile-1d,1,2,9,acc,13,3.094515564772138e-05,14.177315928846555,0.35412164267641516,,0.0,2.1857709251029234e-16,,
quantile-1d,1,2,10,std,34,8.459429261220563e-05,14.985988913715078,0.0,0.22097323375947914,,,,
quantile-1d,1,2,10,acc,13,3.219802882892253e-05,14.985988913715078,0.8695712350331671,,0.0,2.1572309561549715e-16,,
quantile-1d,1,2,11,std,31,8.243634294702318e-05,6.18208710927794,0.0,0.21855651047062455,,,,
quantile-1d,1,2,11,acc,12,9.978450743930445e-05,6.18208710927794,0.8445272611050091,,0.0,1.1250927754782542e-16,,
quantile-1d,1,2,12,std,31,8.664314638018311e-05,6.86250124842438,0.0,0.21882418660401523,,,,
quantile-1d,1,2,12,acc,12,7.54321996567775e-05,6.86250124842438,0.872619550625192,,0.0,2.1762003323202078e-16,,
quantile-1d,1,2,13,std,34,9.519500570753792e-05,13.183903498432628,0.0,0.22049607233125953,,,,
quantile-1d,1,2,13,acc,13,2.7130760720917024e-05,13.183903498432628,0.5163098277455114,,0.0,1.1254887350205843e-16,,
quantile-1d,1,2,14,std,34,9.973079908109916e-05,13.723815247777832,0.0,0.22073941006785094,,,,
quantile-1d,1,2,14,acc,13,3.001891762588471e-05,13.723815247777832,0.7351012862978417,,0.0,2.1596584484297415e-16,,
quantile-1d,1,2,15,std,33,8.740248555660912e-05,11.656020321380142,0.0,0.22005429953795014,,,,
quantile-1d,1,2,15,acc,13,2.4163872182958457e-05,11.656020321380142,0.6879793545175573,,0.0,2.1637012953884018e-16,,
quantile-1d,1,2,16,std,33,8.619780376029063e-05,11.105297237166662,0.0,0.21994571130641605,,,,
quantile-1d,1,2,16,acc,13,2.4747051264206732e-05,11.105297237166662,0.9892978690248858,,0.0,2.1653714355242746e-16,,
quantile-1d,1,2,17,std,34,8.207853094299722e-05,14.166008777323752,0.0,0.22076424797979144,,,,
quantile-1d,1,2,17,acc,13,3.133143853428777e-05,14.166008777323752,0.966998096892044,,0.0,1.125463779682874e-16,,
quantile-1d,1,2,18,std,32,8.808012964722778e-05,8.817167401047488,0.0,0.2193041937722265,,,,
quantile-1d,1,2,18,acc,12,1.7926499307430177e-05,8.817167401047488,1.1827697017046492,,0.0,1.1255540827864312e-16,,
quantile-1d,1,2,19,std,32,8.560343849262075e-05,8.68978241386231,0.0,0.21926828642044402,,,,
quantile-1d,1,2,19,acc,12,9.551728329770803e-05,8.68978241386231,0.914307475858536,,0.0,1.1252314968700667e-16,,
quantile-1d,1,2,20,std,32,8.242184555196097e-05,7.946888923740074,0.0,0.2190486205908518,,,,
quantile-1d,1,2,20,acc,12,9.53161624841492e-05,7.946888923740074,1.4170734438233445,,0.0,1.1252320145721793e-16,,
quantile-1d,1,2,21,std,34,9.469881730761465e-05,12.861871694072574,0.0,0.22044208378056832,,,,
quantile-1d,1,2,21,acc,13,2.7568234395758395e-05,12.861871694072574,0.5141194077077202,,0.0,1.1254862600357349e-16,,
quantile-1d,1,2,22,std,33,9.609082462902485e-05,9.391745430432945,0.0,0.2195455218206053,,,,
quantile-1d,1,2,22,acc,13,2.187836740352722e-05,9.391745430432945,0.5825969215933231,,0.0,1.125525178040276e-16,,
quantile-1d,1,2,23,std,33,9.000374568390868e-05,11.980155938188743,0.0,0.2201746099914319,,,,
quantile-1d,1,2,23,acc,13,2.5654523376550387e-05,11.980155938188743,0.6187975610185166,,0.0,2.1888782764909638e-16,,
quantile-1d,1,2,24,std,32,8.842359081451256e-05,8.608565777756498,0.0,0.21926140753978604,,,,
quantile-1d,1,2,24,acc,12,1.890725278719252e-05,8.608565777756498,1.2277638918391638,,0.0,1.1255469343885762e-16,,
quantile-1d,1,2,25,std,32,8.026896681689877e-05,7.37220501224974,0.0,0.21840839034936185,,,,
quantile-1d,1,2,25,acc,12,9.669016154489896e-05,7.37220501224974,0.3908444436210602,,0.0,1.125227485621449e-16,,
quantile-1d,1,2,26,std,33,8.475540760732869e-05,10.68929847392952,0.0,0.21985444084889733,,,,
quantile-1d,1,2,26,acc,13,2.4747051564855127e-05,10.68929847392952,1.0073403281278233,,0.0,2.1666743217151652e-16,,
quantile-1d,1,2,27,std,34,9.465244808271045e-05,12.602738023436086,0.0,0.22041879001844403,,,,
quantile-1d,1,2,27,acc,13,2.8296394233739974e-05,12.602738023436086,0.9373783123631871,,0.0,2.1876064816272812e-16,,
quantile-1d,1,2,28,std,34,9.424023444792873e-05,13.017468152312397,0.0,0.22044325811483031,,,,
quantile-1d,1,2,28,acc,13,2.6683298913088294e-05,13.017468152312397,0.38605599232801,,0.0,2.1608183288531028e-16,,
quantile-1d,1,2,29,std,30,8.947274058268562e-05,5.304678612558678,0.0,0.21832952608329598,,,,
quantile-1d,1,2,29,acc,12,7.822818200375892e-05,5.304678612558678,0.8089180293507807,,0.0,2.183376383811935e-16,,
quantile-1d,1,2,30,std,32,9.814818693176797e-05,7.50160835204001,0.0,0.21897535618210653,,,,
quantile-1d,1,2,30,acc,12,9.09217128504114e-05,7.50160835204001,0.667372210340921,,0.0,1.1252460424048382e-16,,
quantile-1d,1,2,31,std,34,8.426803331729182e-05,14.776688829145419,0.0,0.22094241540398155,,,,
quantile-1d,1,2,31,acc,13,3.233768434540707e-05,14.776688829145419,0.8796739102335321,,0.0,2.1848741851777429e-16,,
quantile-1d,1,2,32,std,31,8.473000072273251e-05,6.426512572820288,0.0,0.21863666594071457,,,,
quantile-1d,1,2,32,acc,12,7.63036451087995e-05,6.426512572820288,0.8732505348754872,,0.0,1.1252960345822816e-16,,
quantile-1d,1,2,33,std,33,9.504572069141126e-05,9.557540234653294,0.0,0.21954344214258653,,,,
quantile-1d,1,2,33,acc,13,2.0472468205356975e-05,9.557540234653294,2.0072234841783003,,0.0,1.1255348235908954e-16,,
quantile-1d,1,2,34,std,29,8.978824577998701e-05,4.407820037960011,0.0,0.21827491096401266,,,,
quantile-1d,1,2,34,acc,12,5.4699090925591776e-05,4.407820037960011,0.9925601167412561,,0.0,1.1251998763085494e-16,,
quantile-1d,1,2,35,std,32,8.799521183444625e-05,8.599071012791459,0.0,0.2192527282472307,,,,
quantile-1d,1,2,35,acc,12,1.8623064106604303e-05,8.599071012791459,0.49139703236201876,,0.0,2.1719796324131752e-16,,
quantile-1d,1,2,36,std,32,9.191969457056359e-05,6.925667535858491,0.0,0.21878924403417235,,,,
quantile-1d,1,2,36,acc,12,8.488617704105472e-05,6.925667535858491,0.8627565240228207,,0.0,2.1775257276939518e-16,,
quantile-1d,1,2,37,std,33,9.023913784056425e-05,12.042019922530455,0.0,0.22018983610467033,,,,
quantile-1d,1,2,37,acc,13,2.569260476414925e-05,12.042019922530455,0.5888436584815299,,0.0,1.1254983014695614e-16,,
quantile-1d,1,2,38,std,33,8.415689841223539e-05,10.598650202049503,0.0,0.21982374307336958,,,,
quantile-1d,1,2,38,acc,13,2.447176428233e-05,10.598650202049503,0.8150207702098684,,0.0,2.1668834357645423e-16,,
quantile-1d,1,2,39,std,33,8.052361389010443e-05,10.228236387277681,0.0,0.21966432802182892,,,,
quantile-1d,1,2,39,acc,13,2.2224851400132195e-05,10.228236387277681,1.2828703848509615,,0.0,2.1673859278651498e-16,,
quantile-1d,1,2,40,std,33,9.10868950207977e-05,12.230458661098037,0.0,0.2202408959579014,,,,
quantile-1d,1,2,40,acc,13,2.594082409101972e-05,12.230458661098037,1.0412923424836766,,0.0,1.125496617784509e-16,,
quantile-1d,1,2,41,std,34,9.986068847722684e-05,14.100624441362557,0.0,0.22077505118817023,,,,
quantile-1d,1,2,41,acc,13,2.9121963062817002e-05,14.100624441362557,1.2460891875832683,,0.0,2.1587790501159295e-16,,
quantile-1d,1,2,42,std,34,9.649240649434176e-05,13.08702888638223,0.0,0.22053850894395202,,,,
quantile-1d,1,2,42,acc,13,2.8663549411112044e-05,13.08702888638223,0.7893583378632393,,0.0,2.1609257737554103e-16,,
quantile-1d,1,2,43,std,34,9.59525465136224e-05,12.6510028837771,0.0,0.22048838982196342,,,,
quantile-1d,1,2,43,acc,13,2.9444500173392285e-05,12.6510028837771,0.8252045478801797,,0.0,2.1621605271255903e-16,,
quantile-1d,1,2,44,std,31,8.791257188422996e-05,6.48419671838195,0.0,0.21810695451901033,,,,
quantile-1d,1,2,44,acc,12,8.202157606196359e-05,6.48419671838195,0.976551247438581,,0.0,1.1252756603243046e-16,,
quantile-1d,1,2,45,std,33,8.505828323590592e-05,10.988413921177719,0.0,0.21989468788551766,,,,
quantile-1d,1,2,45,acc,13,2.4027877016052912e-05,10.988413921177719,1.0448150321284664,,0.0,1.1255096124324508e-16,,
quantile-1d,1,2,46,std,34,8.42630351123308e-05,14.781970876712643,0.0,0.2209421352039196,,,,
quantile-1d,1,2,46,acc,13,3.231870175035567e-05,14.781970876712643,1.2260388952028711,,0.0,2.1848826847802185e-16,,
quantile-1d,1,2,47,std,33,9.08340649339312e-05,12.235765361245925,0.0,0.22023342986257907,,,,
quantile-1d,1,2,47,acc,13,2.5682861763520748e-05,12.235765361245925,0.6844533917972985,,0.0,1.1254982376150286e-16,,
quantile-1d,1,2,48,std,32,8.960731297791291e-05,8.903599080659555,0.0,0.2193366424367755,,,,
quantile-1d,1,2,48,acc,12,1.8723992498026476e-05,8.903599080659555,0.5404161151752603,,0.0,2.1708150400303093e-16,,
quantile-1d,1,2,49,std,32,8.741605661866103e-05,8.636734160952958,0.0,0.2192541566998236,,,,
quantile-1d,1,2,49,acc,12,1.8066825930640462e-05,8.636734160952958,0.6268276611396739,,0.0,2.171577421637093e-16,,
quantile-1d,1,4,0,std,79,9.221648767843149e-05,23.067984293179634,0.0,0.08785515723810045,,,,
quantile-1d,1,4,0,acc,21,7.142075518151714e-05,23.067984293179634,0.7161610008799698,,0.14285714285714285,1.5076930446051137e-16,,
quantile-1d,1,4,1,std,77,9.561117079748271e-05,17.81544188522188,0.0,0.08766910006407191,,,,
quantile-1d,1,4,1,acc,20,5.0975605178749106e-05,17.81544188522188,0.9137009178779143,,0.0,1.5077793904272243e-16,,
quantile-1d,1,4,2,std,75,9.93846556061051e-05,14.239194072672724,0.0,0.08746023193947197,,,,
quantile-1d,1,4,2,acc,20,4.613736291902981e-05,14.239194072672724,0.5233222993007912,,0.0,1.5078049883360113e-16,,
quantile-1d,1,4,3,std,72,9.972762911347743e-05,10.503325192739732,0.0,0.0873421949660339,,,,
quantile-1d,1,4,3,acc,20,9.729704825911512e-05,10.503325192739732,1.0169309080810989,,0.0,1.507643981567308e-16,,
quantile-1d,1,4,4,std,81,9.57306896238741e-05,28.60197833775185,0.0,0.08815124636132199,,,,
quantile-1d,1,4,4,acc,21,8.09457244503875e-05,28.60197833775185,1.0385899457168657,,0.2,1.507656781942145e-16,,
quantile-1d,1,4,5,std,79,9.400459174280229e-05,24.662384477344407,0.0,0.08796820845654149,,,,
quantile-1d,1,4,5,acc,21,7.044319175442126e-05,24.662384477344407,1.0992911769796025,,0.11428571428571428,1.507695936050858e-16,,
quantile-1d,1,4,6,std,78,9.251954550748565e-05,20.525109202106727,0.0,0.08775979572568757,,,,
quantile-1d,1,4,6,acc,20,6.440138435248599e-05,20.525109202106727,0.8309810484700835,,0.05714285714285714,1.5077212421662404e-16,,
quantile-1d,1,4,7,std,78,9.775424839819635e-05,20.475527824010477,0.0,0.08779163518157,,,,
quantile-1d,1,4,7,acc,20,5.8990520596324814e-05,20.475527824010477,0.6653099853334079,,0.0,1.5077430843954568e-16,,
quantile-1d,1,4,8,std,74,9.17091596663866e-05,13.704192702330914,0.0,0.08748221046575876,,,,
quantile-1d,1,4,8,acc,20,3.8294786218529e-05,13.704192702330914,0.8893446980782653,,0.0,1.5078445193476792e-16,,
quantile-1d,1,4,9,std,81,9.535213864086955e-05,28.020816899110105,0.0,0.08814838834002373,,,,
quantile-1d,1,4,9,acc,21,8.144270240473261e-05,28.020816899110105,1.506555584830533,,0.2,1.5076552504069366e-16,,
quantile-1d,1,4,10,std,81,9.93442949317469e-05,30.003793921004867,0.0,0.08823451179347144,,,,
quantile-1d,1,4,10,acc,21,8.508611093915874e-05,30.003793921004867,1.2944089698177448,,0.2,1.5076423233388964e-16,,
quantile-1d,1,4,11,std,72,9.189001873233238e-05,10.759614395440355,0.0,0.0873230510020235,,,,
quantile-1d,1,4,11,acc,20,9.52781564955707e-05,10.759614395440355,0.6983524248205978,,0.0,1.5076499887140855e-16,,
quantile-1d,1,4,12,std,73,9.939852224061241e-05,12.208768800644217,0.0,0.08736628178613376,,,,
quantile-1d,1,4,12,acc,20,9.909864958945747e-05,12.208768800644217,1.096582642456586,,0.0,1.507637196111228e-16,,
quantile-1d,1,4,13,std,80,9.646148312514313e-05,25.717454267470806,0.0,0.08801038431497787,,,,
quantile-1d,1,4,13,acc,21,7.243736078699214e-05,25.717454267470806,0.8225454981256927,,0.11428571428571428,1.5076880950155811e-16,,
quantile-1d,1,4,14,std,80,9.286207394865187e-05,26.929293497917193,0.0,0.08809637049393672,,,,
quantile-1d,1,4,14,acc,21,7.893012434223579e-05,26.929293497917193,1.1745189096052975,,0.2,1.5076643331490235e-16,,
quantile-1d,1,4,15,std,79,9.551940241570023e-05,22.241071574377546,0.0,0.0878709317580909,,,,
quantile-1d,1,4,15,acc,20,6.444187095988596e-05,22.241071574377546,1.0002851814906828,,0.05714285714285714,1.5077200915445452e-16,,
quantile-1d,1,4,16,std,78,9.317696658195374e-05,20.86344631202203,0.0,0.08776147274517132,,,,
quantile-1d,1,4,16,acc,20,6.44854323024191e-05,20.86344631202203,1.5512416905958664,,0.05714285714285714,1.507720706421188e-16,,
quantile-1d,1,4,17,std,81,9.572299716831267e-05,27.99674943147317,0.0,0.08815906049668977,,,,
quantile-1d,1,4,17,acc,21,8.221244767092628e-05,27.99674943147317,1.7808593302563198,,0.2,1.5076529128665631e-16,,
quantile-1d,1,4,18,std,76,9.773495433718082e-05,16.070831957113878,0.0,0.0875513525102597,,,,
quantile-1d,1,4,18,acc,20,4.8030795002151905e-05,16.070831957113878,1.048016210417237,,0.0,1.5077942428961225e-16,,
quantile-1d,1,4,19,std,76,9.544778765313566e-05,15.893258961024163,0.0,0.08758812253455385,,,,
quantile-1d,1,4,19,acc,20,4.5522906451545e-05,15.893258961024163,1.050762532932162,,0.0,1.5078062167507094e-16,,
quantile-1d,1,4,20,std,75,9.798865387544708e-05,14.172892875539066,0.0,0.08747374546827834,,,,
quantile-1d,1,4,20,acc,20,4.446906942634499e-05,14.172892875539066,0.8957988182900629,,0.0,1.5078129895068113e-16,,
quantile-1d,1,4,21,std,80,9.560504771011225e-05,24.932142073525643,0.0,0.08800124952853175,,,,
quantile-1d,1,4,21,acc,21,7.282537755326501e-05,24.932142073525643,0.6657548843443853,,0.14285714285714285,1.5076870076836896e-16,,
quantile-1d,1,4,22,std,77,9.663768154011265e-05,17.00161317500598,0.0,0.08755100595235801,,,,
quantile-1d,1,4,22,acc,20,5.5742238870060135e-05,17.00161317500598,1.9548670864586495,,0.0,1.507759243085131e-16,,
quantile-1d,1,4,23,std,79,9.847215395630826e-05,22.917245088510434,0.0,0.08792121333298891,,,,
quantile-1d,1,4,23,acc,20,6.776719764145511e-05,22.917245088510434,2.1885510178981566,,0.11428571428571428,1.5077069157413075e-16,,
quantile-1d,1,4,24,std,76,9.682664283827691e-05,15.487078388194707,0.0,0.08752422700357161,,,,
quantile-1d,1,4,24,acc,20,4.91635957913239e-05,15.487078388194707,1.8629331590591864,,0.0,1.5077896098450016e-16,,
quantile-1d,1,4,25,std,74,9.229235270336034e-05,12.802612921594296,0.0,0.0874323146467847,,,,
quantile-1d,1,4,25,acc,20,4.3782618579069066e-05,12.802612921594296,1.3538260113296243,,0.0,1.5078181718120617e-16,,
quantile-1d,1,4,26,std,78,9.918829723742917e-05,19.838796004912933,0.0,0.08768882685538425,,,,
quantile-1d,1,4,26,acc,20,6.355912493116733e-05,19.838796004912933,1.7378691587592543,,0.02857142857142857,1.5077249911612995e-16,,
quantile-1d,1,4,27,std,80,9.515490730382936e-05,24.257501066017948,0.0,0.08789471629952823,,,,
quantile-1d,1,4,27,acc,21,7.3770226320935e-05,24.257501066017948,0.7635387095077371,,0.14285714285714285,1.5076838292422164e-16,,
quantile-1d,1,4,28,std,80,9.538278832366132e-05,25.339927086318927,0.0,0.08799060328794306,,,,
quantile-1d,1,4,28,acc,21,7.13249970880625e-05,25.339927086318927,1.4883744341156369,,0.11428571428571428,1.5076923538670698e-16,,
quantile-1d,1,4,29,std,70,9.4435588008146e-05,9.13655992699711,0.0,0.08728419503780105,,,,
quantile-1d,1,4,29,acc,20,8.060500492135247e-05,9.13655992699711,1.3716823727469523,,0.0,1.5077075758390302e-16,,
quantile-1d,1,4,30,std,74,9.291167302416525e-05,13.272269284710037,0.0,0.08740568073215942,,,,
quantile-1d,1,4,30,acc,20,4.181671298830736e-05,13.272269284710037,0.7303133535613774,,0.0,1.5078269996802958e-16,,
quantile-1d,1,4,31,std,81,9.887808640529627e-05,29.514403299628118,0.0,0.08822729026864966,,,,
quantile-1d,1,4,31,acc,21,8.51312951102301e-05,29.514403299628118,0.8890861251131484,,0.2,1.5076422907225324e-16,,
quantile-1d,1,4,32,std,73,9.511903479086925e-05,11.246186545140535,0.0,0.0873214925773279,,,,
quantile-1d,1,4,32,acc,20,9.811883791455145e-05,11.246186545140535,1.5803615224298786,,0.0,1.5076407378321007e-16,,
quantile-1d,1,4,33,std,77,9.690523387240191e-05,17.554588987351835,0.0,0.08762791079161016,,,,
quantile-1d,1,4,33,acc,20,5.39069024685368e-05,17.554588987351835,0.6606445304491678,,0.0,1.5077666528393637e-16,,
quantile-1d,1,4,34,std,68,9.184005268725315e-05,7.537064391217818,0.0,0.08717879739022771,,,,
quantile-1d,1,4,34,acc,19,5.2792242180910165e-05,7.537064391217818,0.5756136591400289,,0.0,1.507840540857937e-16,,
quantile-1d,1,4,35,std,76,9.654157687855047e-05,15.495552558796764,0.0,0.08751540714235649,,,,
quantile-1d,1,4,35,acc,20,4.869445018806928e-05,15.495552558796764,1.8923138790252643,,0.0,1.507792022369849e-16,,
quantile-1d,1,4,36,std,73,9.41713773512376e-05,12.137052300596968,0.0,0.08738130008710589,,,,
quantile-1d,1,4,36,acc,20,3.828968154495627e-05,12.137052300596968,1.5844637217484276,,0.0,1.5078463978320168e-16,,
quantile-1d,1,4,37,std,79,9.880701717879248e-05,23.063935456752077,0.0,0.08792566296810687,,,,
quantile-1d,1,4,37,acc,20,6.794206512639178e-05,23.063935456752077,1.1346904870208565,,0.11428571428571428,1.507706112261219e-16,,
quantile-1d,1,4,38,std,78,9.840202206978788e-05,19.645718179854324,0.0,0.08767990864036404,,,,
quantile-1d,1,4,38,acc,20,6.289162710970686e-05,19.645718179854324,0.9277745868904473,,0.0,1.5077277983919896e-16,,
quantile-1d,1,4,39,std,77,9.435144496849901e-05,18.9806957816056,0.0,0.08768144219042392,,,,
quantile-1d,1,4,39,acc,20,5.8309901617814575e-05,18.9806957816056,0.8832390088691726,,0.0,1.507746870915834e-16,,
quantile-1d,1,4,40,std,79,9.993757459580976e-05,23.50171006122289,0.0,0.08794218040586001,,,,
quantile-1d,1,4,40,acc,20,6.871974837752148e-05,23.50171006122289,0.5115789078582598,,0.11428571428571428,1.507702932273998e-16,,
quantile-1d,1,4,41,std,80,9.325159276762918e-05,27.837178996347813,0.0,0.08829353962901129,,,,
quantile-1d,1,4,41,acc,21,7.762550367917953e-05,27.837178996347813,0.8345341555618038,,0.17142857142857143,1.507668618170037e-16,,
quantile-1d,1,4,42,std,80,9.75600091419615e-05,25.426102413080038,0.0,0.08804044645988159,,,,
quantile-1d,1,4,42,acc,21,7.529263666805619e-05,25.426102413080038,0.6922568613362764,,0.17142857142857143,1.507677828411091e-16,,
quantile-1d,1,4,43,std,80,9.636019223480119e-05,24.295732023204465,0.0,0.08792653706285293,,,,
quantile-1d,1,4,43,acc,21,7.597814293314187e-05,24.295732023204465,1.7443675573172304,,0.2,1.5076758553352465e-16,,
quantile-1d,1,4,44,std,73,9.695207215143498e-05,11.241690095287428,0.0,0.0873509839161164,,,,
quantile-1d,1,4,44,acc,20,3.6312417203365754e-05,11.241690095287428,0.8548662981173659,,0.0,1.507858219978664e-16,,
quantile-1d,1,4,45,std,78,9.197705148533686e-05,20.645717129783765,0.0,0.08774009174139513,,,,
quantile-1d,1,4,45,acc,20,6.299217473060281e-05,20.645717129783765,1.7588417654482633,,0.0,1.5077267470603295e-16,,
quantile-1d,1,4,46,std,81,9.887047229062418e-05,29.525744229673325,0.0,0.08822692726621256,,,,
quantile-1d,1,4,46,acc,21,8.509770419307117e-05,29.525744229673325,0.5809763766327428,,0.2,1.5076423929141243e-16,,
quantile-1d,1,4,47,std,79,9.971418620358108e-05,23.529898321931974,0.0,0.08793691813262311,,,,
quantile-1d,1,4,47,acc,20,6.823788880616632e-05,23.529898321931974,0.7726178603858154,,0.11428571428571428,1.50770473623381e-16,,
quantile-1d,1,4,48,std,76,9.914308750325063e-05,16.193763185633905,0.0,0.08757568105149352,,,,
quantile-1d,1,4,48,acc,20,4.95601110093169e-05,16.193763185633905,0.7854004505898915,,0.0,1.5077871399441496e-16,,
quantile-1d,1,4,49,std,76,9.641638438218081e-05,15.640190717585796,0.0,0.08755319616388338,,,,
quantile-1d,1,4,49,acc,20,4.7883936894255186e-05,15.640190717585796,1.2645365034210982,,0.0,1.5077953229553252e-16,,
quantile-1d,1,8,0,std,223,9.937059747899823e-05,39.502186006214735,0.0,0.02880319800219844,,,,
quantile-1d,1,8,0,acc,36,8.1503418245088e-05,39.502186006214735,1.3891149523082607,,0.16129032258064516,1.8088914127277205e-16,,
quantile-1d,1,8,1,std,215,9.903743137718024e-05,30.807817329698807,0.0,0.02878286806504364,,,,
quantile-1d,1,8,1,acc,35,5.810243153403505e-05,30.807817329698807,1.8044469553436664,,0.11290322580645161,1.8089689086126028e-16,,
quantile-1d,1,8,2,std,206,9.80962645664718e-05,25.183790280716156,0.0,0.028948433757889847,,,,
quantile-1d,1,8,2,acc,35,7.837413634570467e-05,25.183790280716156,0.7729784840449602,,0.18421052631578946,1.810916871401952e-16,,
quantile-1d,1,8,3,std,194,9.985030709636078e-05,20.32125039637916,0.0,0.02921569381383274,,,,
quantile-1d,1,8,3,acc,34,3.69102047348413e-05,20.32125039637916,0.6085178688762783,,0.1891891891891892,1.826259532135317e-16,,
quantile-1d,1,8,4,std,231,9.948148343585927e-05,52.12309494009451,0.0,0.0288191472177714,,,,
quantile-1d,1,8,4,acc,37,5.2503582885332634e-05,52.12309494009451,1.100855993917431,,0.19047619047619047,1.8089708080914794e-16,,
quantile-1d,1,8,5,std,226,9.960589322499658e-05,43.85641436910107,0.0,0.02879741317409237,,,,
quantile-1d,1,8,5,acc,36,8.842791267937855e-05,43.85641436910107,0.756625874233708,,0.1774193548387097,1.8088700231417066e-16,,
quantile-1d,1,8,6,std,219,9.911175006749318e-05,34.98255366104793,0.0,0.02880901433656525,,,,
quantile-1d,1,8,6,acc,36,7.019989282852634e-05,34.98255366104793,0.6070333428567902,,0.14516129032258066,1.8089274282847874e-16,,
quantile-1d,1,8,7,std,220,9.844781541179515e-05,35.58649740592517,0.0,0.02878473892328021,,,,
quantile-1d,1,8,7,acc,36,6.971269964983762e-05,35.58649740592517,1.0522080861346097,,0.14516129032258066,1.8089278677672838e-16,,
quantile-1d,1,8,8,std,206,9.867054477075143e-05,23.993482347972385,0.0,0.028818377871387517,,,,
quantile-1d,1,8,8,acc,35,8.781377190958395e-05,23.993482347972385,0.746991659942224,,0.15789473684210525,1.8089301625652587e-16,,
quantile-1d,1,8,9,std,230,9.965163547587252e-05,50.04353653879733,0.0,0.028814215290987516,,,,
quantile-1d,1,8,9,acc,37,5.09597072944068e-05,50.04353653879733,0.8001331666991662,,0.1746031746031746,1.8089766316477914e-16,,
quantile-1d,1,8,10,std,233,9.794257863005029e-05,54.735668599232255,0.0,0.028829455642488337,,,,
quantile-1d,1,8,10,acc,37,5.637479445530502e-05,54.735668599232255,1.9317282465112426,,0.19047619047619047,1.8089568122547826e-16,,
quantile-1d,1,8,11,std,196,9.946519929515674e-05,20.168267552433644,0.0,0.029059873121131462,,,,
quantile-1d,1,8,11,acc,34,4.560591965319105e-05,20.168267552433644,0.6444890464936299,,0.16216216216216217,1.815507049723769e-16,,
quantile-1d,1,8,12,std,202,9.831857233866259e-05,21.711675243475028,0.0,0.028855447985101815,,,,
quantile-1d,1,8,12,acc,35,8.028692477290988e-05,21.711675243475028,0.7252853568043746,,0.05405405405405406,1.8087866440409793e-16,,
quantile-1d,1,8,13,std,228,9.813366198185847e-05,46.302313077084825,0.0,0.028805753960355483,,,,
quantile-1d,1,8,13,acc,36,9.299900774362158e-05,46.302313077084825,0.49692350489638687,,0.1774193548387097,1.8088570540769665e-16,,
quantile-1d,1,8,14,std,229,9.862918030778545e-05,47.71867560141623,0.0,0.028808766060522455,,,,
quantile-1d,1,8,14,acc,36,9.90680624610718e-05,47.71867560141623,2.0669770289585623,,0.1774193548387097,1.8088411872639742e-16,,
quantile-1d,1,8,15,std,223,9.787607307210067e-05,38.865826692113714,0.0,0.02878434354536991,,,,
quantile-1d,1,8,15,acc,36,7.76522766070542e-05,38.865826692113714,0.9188584926317158,,0.16129032258064516,1.808902304252705e-16,,
quantile-1d,1,8,16,std,220,9.841226659235147e-05,35.67253406633146,0.0,0.028804312440678225,,,,
quantile-1d,1,8,16,acc,36,7.178326415813174e-05,35.67253406633146,0.6846118817536673,,0.14516129032258066,1.8089219515947658e-16,,
quantile-1d,1,8,17,std,230,9.912650012289248e-05,49.62605326387983,0.0,0.028816028478946182,,,,
quantile-1d,1,8,17,acc,37,5.082082152085832e-05,49.62605326387983,0.8094406759738244,,0.1746031746031746,1.8089771774907803e-16,,
quantile-1d,1,8,18,std,211,9.911317824640165e-05,27.7655679393118,0.0,0.028812653847671222,,,,
quantile-1d,1,8,18,acc,35,9.880730905553747e-05,27.7655679393118,0.6055599982980902,,0.11475409836065574,1.808869871372909e-16,,
quantile-1d,1,8,19,std,211,9.896380113216807e-05,27.52112047301456,0.0,0.028797922364404496,,,,
quantile-1d,1,8,19,acc,35,9.717072670545335e-05,27.52112047301456,0.5605358545142528,,0.11475409836065574,1.8088736570921516e-16,,
quantile-1d,1,8,20,std,206,9.896021415700673e-05,24.949539380743033,0.0,0.02889597819247073,,,,
quantile-1d,1,8,20,acc,35,8.226798170563043e-05,24.949539380743033,1.0667339038419583,,0.18421052631578946,1.8089547048707006e-16,,
quantile-1d,1,8,21,std,226,9.727181830632148e-05,43.950577587649505,0.0,0.0287969135470735,,,,
quantile-1d,1,8,21,acc,36,8.996302958008684e-05,43.950577587649505,0.461445858581944,,0.1774193548387097,1.8088659567463078e-16,,
quantile-1d,1,8,22,std,212,9.856922858597628e-05,29.250473829057118,0.0,0.02888049896937213,,,,
quantile-1d,1,8,22,acc,35,5.4595687592584596e-05,29.250473829057118,0.8598109753512775,,0.12903225806451613,1.8089846710462148e-16,,
quantile-1d,1,8,23,std,224,9.745402621685884e-05,39.876605083386735,0.0,0.028791005908904373,,,,
quantile-1d,1,8,23,acc,36,8.090530899762527e-05,39.876605083386735,0.4940367507719453,,0.16129032258064516,1.808892567147972e-16,,
quantile-1d,1,8,24,std,209,9.908772448996572e-05,26.91118235975748,0.0,0.02887991323373979,,,,
quantile-1d,1,8,24,acc,35,9.458833521236443e-05,26.91118235975748,1.0298363315313839,,0.11475409836065574,1.8089075118848547e-16,,
quantile-1d,1,8,25,std,201,9.803947866648954e-05,23.68678449294685,0.0,0.029136123599818167,,,,
quantile-1d,1,8,25,acc,35,7.000942764268103e-05,23.68678449294685,0.7275541560512944,,0.1891891891891892,1.8274328083215038e-16,,
quantile-1d,1,8,26,std,218,9.775436428816064e-05,33.72989104537809,0.0,0.028824391778655437,,,,
quantile-1d,1,8,26,acc,36,6.698558167661517e-05,33.72989104537809,2.3524806188366703,,0.12903225806451613,1.8089386662696607e-16,,
quantile-1d,1,8,27,std,225,9.908387052659506e-05,41.903604619763875,0.0,0.028803079409314692,,,,
quantile-1d,1,8,27,acc,36,8.694675836595778e-05,41.903604619763875,0.49907151140749556,,0.16129032258064516,1.8088750955408762e-16,,
quantile-1d,1,8,28,std,227,9.96028450366282e-05,45.53300416276868,0.0,0.02880384196899059,,,,
quantile-1d,1,8,28,acc,36,9.124822198547378e-05,45.53300416276868,1.2467995265917917,,0.1774193548387097,1.808861906195187e-16,,
quantile-1d,1,8,29,std,190,9.971459232049895e-05,18.034198497489275,0.0,0.029196633029812482,,,,
quantile-1d,1,8,29,acc,34,2.3460454222412608e-05,18.034198497489275,0.7120477437698186,,0.13513513513513514,1.8210173332885965e-16,,
quantile-1d,1,8,30,std,204,9.765036974362928e-05,23.695122900595145,0.0,0.028936202486543144,,,,
quantile-1d,1,8,30,acc,35,9.277384473183048e-05,23.695122900595145,0.598201209235293,,0.21621621621621623,1.8098708770400654e-16,,
quantile-1d,1,8,31,std,232,9.866828547799855e-05,53.041395834999435,0.0,0.028822965786213996,,,,
quantile-1d,1,8,31,acc,37,5.49560351812417e-05,53.041395834999435,0.637172484426817,,0.19047619047619047,1.8089619049019076e-16,,
quantile-1d,1,8,32,std,198,9.894648166230979e-05,20.714749404483563,0.0,0.028996365221608315,,,,
quantile-1d,1,8,32,acc,34,5.5159144603855736e-05,20.714749404483563,0.7151611126616501,,0.16216216216216217,1.8117479746048445e-16,,
quantile-1d,1,8,33,std,214,9.867974455302075e-05,30.130500166984294,0.0,0.028814431084858795,,,,
quantile-1d,1,8,33,acc,35,5.737877587730367e-05,30.130500166984294,0.46397560406780874,,0.12903225806451613,1.8089726925261327e-16,,
quantile-1d,1,8,34,std,185,9.76008449766752e-05,15.215289918316909,0.0,0.029203384210700872,,,,
quantile-1d,1,8,34,acc,34,8.965152678230837e-05,15.215289918316909,0.6054010992183204,,0.0,1.815135205465362e-16,,
quantile-1d,1,8,35,std,209,9.953809198348651e-05,26.901918204611725,0.0,0.028862164639625744,,,,
quantile-1d,1,8,35,acc,35,9.473385020397629e-05,26.901918204611725,0.6751441840334481,,0.11475409836065574,1.8089027781411476e-16,,
quantile-1d,1,8,36,std,200,9.957540956806454e-05,22.16971744909066,0.0,0.029019454510289096,,,,
quantile-1d,1,8,36,acc,35,6.806456334151889e-05,22.16971744909066,0.3349740360605511,,0.1891891891891892,1.8142697231023768e-16,,
quantile-1d,1,8,37,std,224,9.816853336097608e-05,40.20874324796941,0.0,0.028790818694731532,,,,
quantile-1d,1,8,37,acc,36,8.154033298168883e-05,40.20874324796941,0.3890289011143668,,0.16129032258064516,1.8088905953955724e-16,,
quantile-1d,1,8,38,std,217,9.971814890974429e-05,33.41844034988326,0.0,0.02882482548758853,,,,
quantile-1d,1,8,38,acc,36,6.616432062411803e-05,33.41844034988326,0.8523435188090088,,0.12903225806451613,1.8089414902768151e-16,,
quantile-1d,1,8,39,std,217,9.789226328260625e-05,32.493574532046466,0.0,0.028802473937167342,,,,
quantile-1d,1,8,39,acc,36,6.35364909005176e-05,32.493574532046466,0.8578011626426214,,0.14516129032258066,1.808950054424815e-16,,
quantile-1d,1,8,40,std,224,9.730782239225633e-05,41.159210670180514,0.0,0.028790748708689085,,,,
quantile-1d,1,8,40,acc,36,8.34556799298447e-05,41.159210670180514,0.7159157051601517,,0.16129032258064516,1.8088847607497543e-16,,
quantile-1d,1,8,41,std,230,9.724070046557287e-05,51.016569910200936,0.0,0.02882277858864514,,,,
quantile-1d,1,8,41,acc,37,5.01978158129468e-05,51.016569910200936,0.4038566060145764,,0.1746031746031746,1.8089794242544384e-16,,
quantile-1d,1,8,42,std,227,9.871653203230579e-05,44.60564849525353,0.0,0.02880250063854913,,,,
quantile-1d,1,8,42,acc,36,9.228469478461676e-05,44.60564849525353,0.4924873842186291,,0.1774193548387097,1.8088596250771321e-16,,
quantile-1d,1,8,43,std,225,9.783201872126668e-05,41.47199458324332,0.0,0.028817307886427966,,,,
quantile-1d,1,8,43,acc,36,8.660266206383938e-05,41.47199458324332,0.4458936156423195,,0.14516129032258066,1.8088765293730006e-16,,
quantile-1d,1,8,44,std,197,9.869129423778489e-05,21.21764298045507,0.0,0.0291252936344071,,,,
quantile-1d,1,8,44,acc,34,4.8677521340856345e-05,21.21764298045507,0.3767047598623114,,0.1891891891891892,1.8224326299953718e-16,,
quantile-1d,1,8,45,std,220,9.782770026633969e-05,35.39884958677981,0.0,0.02879331152295018,,,,
quantile-1d,1,8,45,acc,36,7.084968704562655e-05,35.39884958677981,0.503983210846607,,0.12903225806451613,1.8089248633484518e-16,,
quantile-1d,1,8,46,std,232,9.874066981696572e-05,53.09928872929803,0.0,0.028822916514032106,,,,
quantile-1d,1,8,46,acc,37,5.49959338198569e-05,53.09928872929803,0.6222793352075363,,0.19047619047619047,1.8089617513666773e-16,,
quantile-1d,1,8,47,std,225,9.761002939878693e-05,41.34489607230039,0.0,0.02878921177230276,,,,
quantile-1d,1,8,47,acc,36,8.349080823899513e-05,41.34489607230039,0.606228290664976,,0.16129032258064516,1.8088845746169434e-16,,
quantile-1d,1,8,48,std,211,9.920933542639787e-05,27.952323560336357,0.0,0.028830828289252885,,,,
quantile-1d,1,8,48,acc,35,9.973476840929862e-05,27.952323560336357,0.7788553076232387,,0.11475409836065574,1.8088675994614908e-16,,
quantile-1d,1,8,49,std,210,9.850595447780108e-05,27.08783607668178,0.0,0.02883604432988205,,,,
quantile-1d,1,8,49,acc,35,9.584666641471173e-05,27.08783607668178,0.6105618250323916,,0.11475409836065574,1.80888673453901e-16,,
quantile-1d,1,16,0,std,656,9.983275596869845e-05,88.31950007055697,0.0,0.008665310331561312,,,,
quantile-1d,1,16,0,acc,65,8.422869844260106e-05,88.31950007055697,0.5184413553750528,,0.2608695652173913,2.0336476710224065e-16,,
quantile-1d,1,16,1,std,632,9.999070279897992e-05,74.10750867909172,0.0,0.008704544638071188,,,,
quantile-1d,1,16,1,acc,64,5.793399586950798e-05,74.10750867909172,0.4283862683255506,,0.21739130434782608,2.1170676464665538e-16,,
quantile-1d,1,16,2,std,585,9.999537896110411e-05,73.52826279753079,0.0,0.009018507034735508,,,,
quantile-1d,1,16,2,acc,63,7.388123548945913e-05,73.52826279753079,0.39694853660011975,,0.30434782608695654,2.0763042141854288e-16,,
quantile-1d,1,16,3,std,540,9.972899561150328e-05,69.15868719357769,0.0,0.009358366968571633,,,,
quantile-1d,1,16,3,acc,62,9.909007289321536e-05,69.15868719357769,0.3764730230113925,,0.2857142857142857,2.0109085404492438e-16,,
quantile-1d,1,16,4,std,698,9.985260010836328e-05,100.17910140766854,0.0,0.00851661666687395,,,,
quantile-1d,1,16,4,acc,66,8.818383339370683e-05,100.17910140766854,0.6213142308514632,,0.2112676056338028,2.0434060511273083e-16,,
quantile-1d,1,16,5,std,679,9.916111970031949e-05,89.13768777972577,0.0,0.008552651619655998,,,,
quantile-1d,1,16,5,acc,65,6.526251426208773e-05,89.13768777972577,0.47952305902162407,,0.21428571428571427,2.0445856326749405e-16,,
quantile-1d,1,16,6,std,640,9.996654596911014e-05,83.10324294008642,0.0,0.008729075134556272,,,,
quantile-1d,1,16,6,acc,64,6.714501255311589e-05,83.10324294008642,0.5017729343434049,,0.2898550724637681,2.0676014585852835e-16,,
quantile-1d,1,16,7,std,651,9.960633981531686e-05,79.56207042919277,0.0,0.008634097484610533,,,,
quantile-1d,1,16,7,acc,65,7.479751711558791e-05,79.56207042919277,0.484224385254443,,0.21739130434782608,2.072100949964474e-16,,
quantile-1d,1,16,8,std,595,9.97246252945061e-05,66.72571047012582,0.0,0.008878154630202575,,,,
quantile-1d,1,16,8,acc,63,5.7525441524486354e-05,66.72571047012582,0.670225883996071,,0.18840579710144928,2.0618011801047888e-16,,
quantile-1d,1,16,9,std,690,9.966504491876194e-05,99.31487963563157,0.0,0.008549325871508761,,,,
quantile-1d,1,16,9,acc,66,9.174872648198829e-05,99.31487963563157,1.1745970998577644,,0.22857142857142856,2.041522653795175e-16,,
quantile-1d,1,16,10,std,702,9.993857850520982e-05,104.94656531882067,0.0,0.00852233576352961,,,,
quantile-1d,1,16,10,acc,66,9.537522943947607e-05,104.94656531882067,0.6034270734298887,,0.22535211267605634,2.0270429801805106e-16,,
quantile-1d,1,16,11,std,551,9.926615977118303e-05,66.825617221423,0.0,0.009232346652110951,,,,
quantile-1d,1,16,11,acc,62,9.57045754876873e-05,66.825617221423,0.9320060971359168,,0.2898550724637681,2.0604602692776347e-16,,
quantile-1d,1,16,12,std,579,9.999292147178096e-05,64.70574069458061,0.0,0.008976321994945571,,,,
quantile-1d,1,16,12,acc,63,6.643933830741133e-05,64.70574069458061,0.7422497601843268,,0.2318840579710145,2.069721083503386e-16,,
quantile-1d,1,16,13,std,686,9.987855570381399e-05,91.56352268259927,0.0,0.008526444638627142,,,,
quantile-1d,1,16,13,acc,66,8.405067252459375e-05,91.56352268259927,0.36128684188086035,,0.21428571428571427,2.050896666220082e-16,,
quantile-1d,1,16,14,std,685,9.998774530650678e-05,96.30876160302041,0.0,0.008562667396815014,,,,
quantile-1d,1,16,14,acc,66,7.731325594662053e-05,96.30876160302041,0.48968777976780276,,0.22857142857142856,2.0425031915893527e-16,,
quantile-1d,1,16,15,std,662,9.968412371685886e-05,83.65214626605012,0.0,0.008601329107645855,,,,
quantile-1d,1,16,15,acc,65,9.202584352685506e-05,83.65214626605012,0.4152617930392213,,0.21739130434782608,2.0528952846240923e-16,,
quantile-1d,1,16,16,std,644,9.954991784333345e-05,83.13333447212226,0.0,0.008698274916812115,,,,
quantile-1d,1,16,16,acc,65,6.996987450280656e-05,83.13333447212226,0.5724060511775886,,0.2753623188405797,2.0611319696746932e-16,,
quantile-1d,1,16,17,std,687,9.986254155780472e-05,99.72066581033702,0.0,0.008566247352483344,,,,
quantile-1d,1,16,17,acc,66,8.363104246589259e-05,99.72066581033702,1.6080881323983995,,0.22857142857142856,2.065917061564397e-16,,
quantile-1d,1,16,18,std,612,9.928365211875345e-05,72.75189796157396,0.0,0.008823756996943254,,,,
quantile-1d,1,16,18,acc,64,5.724079595781362e-05,72.75189796157396,0.3168700152086207,,0.2463768115942029,2.0507426491700056e-16,,
quantile-1d,1,16,19,std,615,9.922482204283156e-05,70.8604676095147,0.0,0.008786038630991736,,,,
quantile-1d,1,16,19,acc,64,5.4444354478100365e-05,70.8604676095147,0.6005858387270955,,0.2028985507246377,2.0729167075871092e-16,,
quantile-1d,1,16,20,std,588,9.94626010526467e-05,71.95777117156099,0.0,0.008983497821084652,,,,
quantile-1d,1,16,20,acc,63,6.937400526085824e-05,71.95777117156099,0.5324857722943492,,0.30434782608695654,2.0669386743298048e-16,,
quantile-1d,1,16,21,std,676,9.982507578909505e-05,90.58102632448433,0.0,0.008572182988521363,,,,
quantile-1d,1,16,21,acc,65,6.029847605582006e-05,90.58102632448433,0.40968347889382556,,0.21428571428571427,2.0720779174747903e-16,,
quantile-1d,1,16,22,std,608,9.927799525799585e-05,78.43268841105906,0.0,0.008899549475771632,,,,
quantile-1d,1,16,22,acc,64,6.427548529153171e-05,78.43268841105906,0.32716564237935963,,0.30434782608695654,2.0385197910753968e-16,,
quantile-1d,1,16,23,std,663,9.98239037413029e-05,85.96502327122896,0.0,0.008611221578421945,,,,
quantile-1d,1,16,23,acc,65,9.457239696253339e-05,85.96502327122896,0.8432577156891243,,0.21739130434782608,2.0815150002040408e-16,,
quantile-1d,1,16,24,std,599,9.967854898462747e-05,74.39735456954006,0.0,0.008922865157180562,,,,
quantile-1d,1,16,24,acc,63,6.468773890233592e-05,74.39735456954006,0.6212658847510685,,0.30434782608695654,2.0380155998711496e-16,,
quantile-1d,1,16,25,std,562,9.991519789442904e-05,74.4731846441059,0.0,0.009213359322645592,,,,
quantile-1d,1,16,25,acc,62,9.582056880752532e-05,74.4731846441059,0.6388857407119805,,0.30434782608695654,2.024835544209702e-16,,
quantile-1d,1,16,26,std,632,9.930682655845402e-05,82.68338339866563,0.0,0.008768813640678136,,,,
quantile-1d,1,16,26,acc,64,6.406484792442768e-05,82.68338339866563,0.799603514197732,,0.30434782608695654,2.135425351328725e-16,,
quantile-1d,1,16,27,std,666,9.919650672918223e-05,90.48362839835697,0.0,0.008629370080254798,,,,
quantile-1d,1,16,27,acc,65,9.930762419285699e-05,90.48362839835697,0.7357181618016635,,0.2318840579710145,2.0762476267368086e-16,,
quantile-1d,1,16,28,std,685,9.996286436786406e-05,90.51878457891773,0.0,0.008530134502860621,,,,
quantile-1d,1,16,28,acc,66,7.923468060067052e-05,90.51878457891773,0.6178486469850535,,0.21428571428571427,2.0876507812365601e-16,,
quantile-1d,1,16,29,std,529,9.923297666825093e-05,64.62345921949853,0.0,0.009411233657385575,,,,
quantile-1d,1,16,29,acc,61,8.462375230200436e-05,64.62345921949853,0.5314169266842897,,0.17272727272727273,2.066321231295137e-16,,
quantile-1d,1,16,30,std,578,9.945077331785512e-05,70.95559518079669,0.0,0.009048601529471298,,,,
quantile-1d,1,16,30,acc,63,7.611376043481499e-05,70.95559518079669,0.6642708311239583,,0.30434782608695654,2.0546573080425794e-16,,
quantile-1d,1,16,31,std,696,9.991431520761651e-05,104.00960071138869,0.0,0.008546553198921513,,,,
quantile-1d,1,16,31,acc,66,7.714473685016543e-05,104.00960071138869,0.579297842094768,,0.2112676056338028,2.044297346462629e-16,,
quantile-1d,1,16,32,std,559,9.918305422162987e-05,66.76985462705787,0.0,0.009153888109044953,,,,
quantile-1d,1,16,32,acc,62,8.778512807605665e-05,66.76985462705787,0.5036484266521305,,0.2898550724637681,2.0746918962632413e-16,,
quantile-1d,1,16,33,std,621,9.965369610531738e-05,76.35884664298389,0.0,0.008789381785290947,,,,
quantile-1d,1,16,33,acc,64,5.881782363426069e-05,76.35884664298389,0.5713288895139486,,0.2608695652173913,2.030787223530858e-16,,
quantile-1d,1,16,34,std,513,9.921710578320031e-05,58.723771236453366,0.0,0.00949189047602083,,,,
quantile-1d,1,16,34,acc,61,8.994754682145611e-05,58.723771236453366,0.9734848284977516,,0.1651376146788991,2.0392466311063212e-16,,
quantile-1d,1,16,35,std,601,9.998582456072214e-05,73.95421716717186,0.0,0.008911634414408544,,,,
quantile-1d,1,16,35,acc,63,6.343151325483021e-05,73.95421716717186,0.57936539935095,,0.30434782608695654,2.0289175232327863e-16,,
quantile-1d,1,16,36,std,565,9.924244302350615e-05,69.67550573472651,0.0,0.009140202818499182,,,,
quantile-1d,1,16,36,acc,62,8.634899810777696e-05,69.67550573472651,0.796922507332268,,0.2898550724637681,2.0590408436728095e-16,,
quantile-1d,1,16,37,std,665,9.934428102864601e-05,86.17517862121,0.0,0.008605282875481941,,,,
quantile-1d,1,16,37,acc,65,9.724828032142696e-05,86.17517862121,0.6727208324207521,,0.2028985507246377,2.0438232861025583e-16,,
quantile-1d,1,16,38,std,631,9.918996480928755e-05,82.24494172560443,0.0,0.008772991608098843,,,,
quantile-1d,1,16,38,acc,64,6.357372095511238e-05,82.24494172560443,0.603451220093832,,0.2898550724637681,2.0188162933810714e-16,,
quantile-1d,1,16,39,std,632,9.957522992865009e-05,79.01481986292605,0.0,0.00874198148983674,,,,
quantile-1d,1,16,39,acc,64,6.179047448640063e-05,79.01481986292605,0.7988121986170859,,0.2463768115942029,2.037001242056106e-16,,
quantile-1d,1,16,40,std,669,9.991715976598314e-05,86.97056738399635,0.0,0.008592442334954313,,,,
quantile-1d,1,16,40,acc,65,4.704235486618913e-05,86.97056738399635,0.46284261681000416,,0.21428571428571427,2.054269309824336e-16,,
quantile-1d,1,16,41,std,698,9.983226629550757e-05,97.43037130630796,0.0,0.008501263024587173,,,,
quantile-1d,1,16,41,acc,66,8.992969563248465e-05,97.43037130630796,0.7086881174135479,,0.22535211267605634,2.0832334423775096e-16,,
quantile-1d,1,16,42,std,676,9.97014282853037e-05,92.43585665527768,0.0,0.008584293239501866,,,,
quantile-1d,1,16,42,acc,65,5.9649204251055465e-05,92.43585665527768,0.801076712878463,,0.21428571428571427,2.0869164192883172e-16,,
quantile-1d,1,16,43,std,660,9.937117549929653e-05,92.07136093615003,0.0,0.008668716888120254,,,,
quantile-1d,1,16,43,acc,65,8.97212760064825e-05,92.07136093615003,0.5598746705827026,,0.2898550724637681,2.048189609556266e-16,,
quantile-1d,1,16,44,std,550,9.976901185160258e-05,69.88018366039445,0.0,0.009274722212044137,,,,
quantile-1d,1,16,44,acc,62,8.793705221377124e-05,69.88018366039445,0.7555325850401426,,0.2857142857142857,2.06759435480541e-16,,
quantile-1d,1,16,45,std,645,9.916552993693983e-05,82.1001562541135,0.0,0.008690422813408075,,,,
quantile-1d,1,16,45,acc,65,6.98886300853907e-05,82.1001562541135,0.4603192482558136,,0.21739130434782608,2.0572576693597514e-16,,
quantile-1d,1,16,46,std,696,9.929131848585016e-05,104.00814151071326,0.0,0.008545243757825793,,,,
quantile-1d,1,16,46,acc,66,7.791713392046873e-05,104.00814151071326,0.8371734647167152,,0.2112676056338028,2.0629608040180183e-16,,
quantile-1d,1,16,47,std,670,9.941412046776676e-05,86.7558233812391,0.0,0.008580195733630532,,,,
quantile-1d,1,16,47,acc,65,4.9237432128812486e-05,86.7558233812391,0.3953294755855906,,0.21428571428571427,2.0511511559233944e-16,,
quantile-1d,1,16,48,std,610,9.958190013836798e-05,73.91375532368326,0.0,0.00884132740268596,,,,
quantile-1d,1,16,48,acc,64,5.899902741157703e-05,73.91375532368326,0.6573370416437012,,0.2753623188405797,2.0720735730378098e-16,,
quantile-1d,1,16,49,std,605,9.954763300745739e-05,73.052628237264,0.0,0.008867392399801725,,,,
quantile-1d,1,16,49,acc,64,6.015620291410784e-05,73.052628237264,0.49944565278147557,,0.2898550724637681,2.056263088086763e-16,,
quantile-1d,1,32,0,std,1882,0.0007658284832041673,313.3951451206027,0.0,0.003055203878308282,,,,
quantile-1d,1,32,0,acc,119,9.883815224398518e-05,313.3951451206027,0.5924293426804373,,0.16981132075471697,2.1468645165649445e-16,,
quantile-1d,1,32,1,std,1795,0.0006299602572141794,287.65420947258787,0.0,0.00311338736670928,,,,
quantile-1d,1,32,1,acc,118,9.91637277758528e-05,287.65420947258787,0.661920644766951,,0.16666666666666666,2.117540470520772e-16,,
quantile-1d,1,32,2,std,1603,0.00040849094399586505,298.12489699314756,0.0,0.0033624619316784997,,,,
quantile-1d,1,32,2,acc,114,9.72653935473744e-05,298.12489699314756,0.5531666765197784,,0.16019417475728157,2.116440030049776e-16,,
quantile-1d,1,32,3,std,1435,0.0002778673675685184,294.783667087815,0.0,0.003573733245402088,,,,
quantile-1d,1,32,3,acc,112,9.750434737743063e-05,294.783667087815,0.7827494638027,,0.15270935960591134,2.116723771625489e-16,,
quantile-1d,1,32,4,std,-1,0.0011287172872993523,321.2016883871308,0.0,0.002876532887517438,,,,
quantile-1d,1,32,4,acc,122,9.574267240974876e-05,321.2016883871308,0.7793644422007717,,0.18055555555555555,2.1153506230207823e-16,,
quantile-1d,1,32,5,std,1979,0.000952671851240261,305.1235846935661,0.0,0.0029352941730494864,,,,
quantile-1d,1,32,5,acc,121,9.057763376230099e-05,305.1235846935661,0.7992679483817653,,0.17674418604651163,2.116675627258018e-16,,
quantile-1d,1,32,6,std,1816,0.000661229778446959,306.9511060585195,0.0,0.0031196163669642905,,,,
quantile-1d,1,32,6,acc,118,9.399710260726835e-05,306.9511060585195,0.7002581299482014,,0.17061611374407584,2.1167958517804723e-16,,
quantile-1d,1,32,7,std,1871,0.0007472966695072358,294.0214054558264,0.0,0.0030381333067409214,,,,
quantile-1d,1,32,7,acc,119,9.675512152540477e-05,294.0214054558264,0.5552197732420306,,0.16981132075471697,2.1157731394865775e-16,,
quantile-1d,1,32,8,std,1655,0.00045920273459998384,279.6406243065547,0.0,0.0032662950545828294,,,,
quantile-1d,1,32,8,acc,115,9.80683817575212e-05,279.6406243065547,0.6200151156101726,,0.15942028985507245,2.1166632847742222e-16,,
quantile-1d,1,32,9,std,-1,0.0010387304686192422,324.1064173407321,0.0,0.0029200529168278396,,,,
quantile-1d,1,32,9,acc,122,9.857987597783335e-05,324.1064173407321,0.6005624985657689,,0.1813953488372093,2.148408232425336e-16,,
quantile-1d,1,32,10,std,-1,0.001149396078353071,331.05590687844375,0.0,0.002881079229903561,,,,
quantile-1d,1,32,10,acc,122,9.734367580094272e-05,331.05590687844375,0.33096570081092935,,0.18055555555555555,2.1165216375676135e-16,,
quantile-1d,1,32,11,std,1478,0.00030667736985900973,288.0515249657112,0.0,0.003504468736104706,,,,
quantile-1d,1,32,11,acc,112,9.442546948257302e-05,288.0515249657112,0.5774614489330674,,0.15196078431372548,2.1176008103994456e-16,,
quantile-1d,1,32,12,std,1590,0.00039661192658524413,278.31608681935376,0.0,0.003344757239723862,,,,
quantile-1d,1,32,12,acc,114,9.498627465553966e-05,278.31608681935376,0.3918530493191969,,0.16019417475728157,2.1388402078965734e-16,,
quantile-1d,1,32,13,std,-1,0.0010249336729808434,306.74000892485464,0.0,0.0029010133678779044,,,,
quantile-1d,1,32,13,acc,121,9.753319366634372e-05,306.74000892485464,0.4430818396662552,,0.1813953488372093,2.11701213910371e-16,,
quantile-1d,1,32,14,std,1996,0.0009893460219494443,319.86057422922363,0.0,0.0029372590386708823,,,,
quantile-1d,1,32,14,acc,121,9.389941725768125e-05,319.86057422922363,0.4873440997740452,,0.1813953488372093,2.149804907209161e-16,,
quantile-1d,1,32,15,std,1913,0.0008223355396008714,299.5035392605558,0.0,0.0029994039923362274,,,,
quantile-1d,1,32,15,acc,120,9.639072007150418e-05,299.5035392605558,0.46384829495218743,,0.17370892018779344,2.1166247002225389e-16,,
quantile-1d,1,32,16,std,1835,0.0006900914379013301,305.5135125881535,0.0,0.0030976555253122064,,,,
quantile-1d,1,32,16,acc,118,9.824580615802603e-05,305.5135125881535,0.43763849395055454,,0.17061611374407584,2.1160797853414468e-16,,
quantile-1d,1,32,17,std,-1,0.0010087861305638768,326.60491202671284,0.0,0.002937104426147384,,,,
quantile-1d,1,32,17,acc,121,9.565563019098278e-05,326.60491202671284,0.42201148591921334,,0.1813953488372093,2.1158588275240742e-16,,
quantile-1d,1,32,18,std,1714,0.0005247672279020676,290.2810534664,0.0,0.0032148799831487776,,,,
quantile-1d,1,32,18,acc,116,9.108894837428494e-05,290.2810534664,0.5765212011514146,,0.16267942583732056,2.1174765939160468e-16,,
quantile-1d,1,32,19,std,1729,0.0005426346658632397,284.8288694190554,0.0,0.0031879763321177343,,,,
quantile-1d,1,32,19,acc,116,9.427244019821757e-05,284.8288694190554,0.5497490631657534,,0.1674641148325359,2.117376046199309e-16,,
quantile-1d,1,32,20,std,1619,0.0004228252183988701,293.82635322089646,0.0,0.0033353404907464036,,,,
quantile-1d,1,32,20,acc,114,9.061427371470643e-05,293.82635322089646,0.693953842085264,,0.15942028985507245,2.1163509649570399e-16,,
quantile-1d,1,32,21,std,1967,0.000926577875032919,310.00502647948963,0.0,0.002956154931980327,,,,
quantile-1d,1,32,21,acc,121,9.800715605123855e-05,310.00502647948963,0.6417306684791537,,0.17757009345794392,2.1167950837468033e-16,,
quantile-1d,1,32,22,std,1691,0.0004981286821656994,304.681324119091,0.0,0.0032659557307152727,,,,
quantile-1d,1,32,22,acc,116,9.542160949749245e-05,304.681324119091,1.004034334769666,,0.16346153846153846,2.1164887304662665e-16,,
quantile-1d,1,32,23,std,1915,0.0008254907540692358,304.7851059475023,0.0,0.0030039576390570345,,,,
quantile-1d,1,32,23,acc,120,9.667936417390166e-05,304.7851059475023,0.7128515584005584,,0.17370892018779344,2.1172484561378453e-16,,
quantile-1d,1,32,24,std,1661,0.00046541997027649273,297.2071745329997,0.0,0.003290295377296254,,,,
quantile-1d,1,32,24,acc,115,9.903328295823854e-05,297.2071745329997,0.9927921115620624,,0.15942028985507245,2.117216981223568e-16,,
quantile-1d,1,32,25,std,1512,0.0003315763284126305,304.0046954086564,0.0,0.00348811170396524,,,,
quantile-1d,1,32,25,acc,113,9.019531909171263e-05,304.0046954086564,0.5770515196206181,,0.15121951219512195,2.1163825196900635e-16,,
quantile-1d,1,32,26,std,1785,0.0006153899934231433,308.3484855834097,0.0,0.0031612208278943184,,,,
quantile-1d,1,32,26,acc,117,9.64192163648292e-05,308.3484855834097,0.7594452093259442,,0.1619047619047619,2.1233322014258703e-16,,
quantile-1d,1,32,27,std,1919,0.0008329215168689785,314.82424566233544,0.0,0.0030162054913278552,,,,
quantile-1d,1,32,27,acc,120,9.738033709716376e-05,314.82424566233544,0.7003272766833339,,0.17370892018779344,2.116008259632755e-16,,
quantile-1d,1,32,28,std,-1,0.001008538990372898,305.18895860714485,0.0,0.0029071475807028423,,,,
quantile-1d,1,32,28,acc,121,9.596973970182887e-05,305.18895860714485,0.6541308186638682,,0.17674418604651163,2.1170817506029412e-16,,
quantile-1d,1,32,29,std,1396,0.00025353624884072445,285.7305153527347,0.0,0.0036092395687166933,,,,
quantile-1d,1,32,29,acc,111,9.13857731870138e-05,285.7305153527347,0.6504830451530897,,0.1477832512315271,2.1168835722845504e-16,,
quantile-1d,1,32,30,std,1580,0.00038724386959820833,293.3633005471931,0.0,0.0033844930545423773,,,,
quantile-1d,1,32,30,acc,114,9.28258178225505e-05,293.3633005471931,0.7093111258309447,,0.16019417475728157,2.1176671411939015e-16,,
quantile-1d,1,32,31,std,-1,0.0010826979027429573,332.4346745406557,0.0,0.0029107757767213413,,,,
quantile-1d,1,32,31,acc,122,9.167122672870676e-05,332.4346745406557,0.7166519773431255,,0.18055555555555555,2.1483949509436845e-16,,
quantile-1d,1,32,32,std,1509,0.0003291723991951656,286.7631579111506,0.0,0.0034615187223206016,,,,
quantile-1d,1,32,32,acc,113,9.981029901329208e-05,286.7631579111506,0.6033427738826483,,0.15196078431372548,2.1174565243454851e-16,,
quantile-1d,1,32,33,std,1748,0.0005669074875491731,296.4154062217597,0.0,0.003183304783376007,,,,
quantile-1d,1,32,33,acc,117,9.824918206646771e-05,296.4154062217597,0.735011111524345,,0.16267942583732056,2.1447739401320631e-16,,
quantile-1d,1,32,34,std,1342,0.00022360270316212905,273.61168282086527,0.0,0.003657884411853761,,,,
quantile-1d,1,32,34,acc,111,9.359292265997965e-05,273.61168282086527,0.6112306704451875,,0.1485148514851485,2.117088946890544e-16,,
quantile-1d,1,32,35,std,1667,0.0004717769134199301,295.8674410348289,0.0,0.003279528448724751,,,,
quantile-1d,1,32,35,acc,115,9.069097348568533e-05,295.8674410348289,0.41666292462565735,,0.15865384615384615,2.1171824369150344e-16,,
quantile-1d,1,32,36,std,1529,0.0003449388186753666,292.6018664861684,0.0,0.0034464648950264954,,,,
quantile-1d,1,32,36,acc,113,9.333190798788138e-05,292.6018664861684,0.5353451846554473,,0.15121951219512195,2.1448926701137883e-16,,
quantile-1d,1,32,37,std,1921,0.0008368108267458041,304.65213894866883,0.0,0.0029974475141619763,,,,
quantile-1d,1,32,37,acc,120,9.804698162430014e-05,304.65213894866883,0.6395564301362421,,0.17370892018779344,2.1171943616441892e-16,,
quantile-1d,1,32,38,std,1780,0.0006095592409085526,307.6547286015529,0.0,0.003162938684037944,,,,
quantile-1d,1,32,38,acc,117,9.550449107909031e-05,307.6547286015529,0.5897719158026635,,0.1619047619047619,2.144467048648105e-16,,
quantile-1d,1,32,39,std,1790,0.0006232470072120577,299.56439318111137,0.0,0.0031383834844245532,,,,
quantile-1d,1,32,39,acc,118,9.785276706253399e-05,299.56439318111137,0.5733124507870967,,0.16666666666666666,2.1386292721568534e-16,,
quantile-1d,1,32,40,std,1936,0.0008658282597249212,304.9080164686889,0.0,0.002981658410927221,,,,
quantile-1d,1,32,40,acc,120,9.150271808167076e-05,304.9080164686889,0.7322731796319449,,0.17757009345794392,2.1170605644326881e-16,,
quantile-1d,1,32,41,std,-1,0.001139554443412294,314.0987945769239,0.0,0.002861064138326226,,,,
quantile-1d,1,32,41,acc,122,9.675800659270095e-05,314.0987945769239,0.48221909695586035,,0.18055555555555555,2.1152780005639397e-16,,
quantile-1d,1,32,42,std,1963,0.0009199078816006789,314.67922793062354,0.0,0.0029650087655694424,,,,
quantile-1d,1,32,42,acc,121,9.720107757793528e-05,314.67922793062354,0.636500163482413,,0.17757009345794392,2.1168290347674612e-16,,
quantile-1d,1,32,43,std,1892,0.0007844185507739354,320.88963677382077,0.0,0.0030558261936988918,,,,
quantile-1d,1,32,43,acc,119,9.141562774050982e-05,320.88963677382077,0.348627026250393,,0.16901408450704225,2.1156707458595946e-16,,
quantile-1d,1,32,44,std,1473,0.0003032704630649974,295.15041323537207,0.0,0.0035222618041792463,,,,
quantile-1d,1,32,44,acc,112,9.35678278626284e-05,295.15041323537207,0.5375563883257617,,0.15196078431372548,2.117083026823116e-16,,
quantile-1d,1,32,45,std,1839,0.0006957584969304875,302.8329428545547,0.0,0.003089234289326945,,,,
quantile-1d,1,32,45,acc,118,9.913371084646627e-05,302.8329428545547,0.6560702156880289,,0.17061611374407584,2.1166254197887687e-16,,
quantile-1d,1,32,46,std,-1,0.0010857021807062495,332.275958230149,0.0,0.0029094433799309455,,,,
quantile-1d,1,32,46,acc,122,9.192774910715684e-05,332.275958230149,0.559166708878828,,0.18055555555555555,2.1155533009635998e-16,,
quantile-1d,1,32,47,std,1943,0.0008788838906292895,303.66752605396914,0.0,0.0029714509835787233,,,,
quantile-1d,1,32,47,acc,120,9.293908082685931e-05,303.66752605396914,0.5301031533128647,,0.17757009345794392,2.1169992464370326e-16,,
quantile-1d,1,32,48,std,1706,0.0005150252016026258,293.5084314333949,0.0,0.003229736182132494,,,,
quantile-1d,1,32,48,acc,116,9.87687092663947e-05,293.5084314333949,0.5153873819363471,,0.16346153846153846,2.1158384355286531e-16,,
quantile-1d,1,32,49,std,1686,0.000492828285862501,292.69060233763184,0.0,0.0032517126468776312,,,,
quantile-1d,1,32,49,acc,116,9.465900941663108e-05,292.69060233763184,0.6842740847384424,,0.15865384615384615,2.1170701571149753e-16,,
control-bimodal,1,2,0,std,144,9.884639123836081e-05,14.912364775884761,0.0,0.043269382120785446,,,,
control-bimodal,1,2,0,acc,60,7.823855884114828e-05,14.912364775884761,0.1582258805891,,0.9726027397260274,2.137199678602009e-16,,
control-bimodal,1,2,1,std,141,9.896539725917641e-05,12.39236261801936,0.0,0.043080832735583864,,,,
control-bimodal,1,2,1,acc,59,8.400243324646617e-05,12.39236261801936,0.26051893080246574,,0.971830985915493,2.1369667389399163e-16,,
control-bimodal,1,2,2,std,141,9.707476848186403e-05,9.455049457723115,0.0,0.04296565797973932,,,,
control-bimodal,1,2,2,acc,59,8.088764920133329e-05,9.455049457723115,0.1541563489228758,,0.9577464788732394,2.136798204088303e-16,,
control-bimodal,1,2,3,std,138,9.726246259478266e-05,7.224762055642493,0.0,0.04278001583608615,,,,
control-bimodal,1,2,3,acc,57,8.758388227825264e-05,7.224762055642493,0.18323324290674728,,0.9565217391304348,2.1358106465902443e-16,,
control-bimodal,1,2,4,std,145,9.822269988246646e-05,19.77699197920117,0.0,0.043408875371768345,,,,
control-bimodal,1,2,4,acc,61,8.584694245539204e-05,19.77699197920117,0.1835938763854357,,0.9726027397260274,2.136338420236336e-16,,
control-bimodal,1,2,5,std,144,9.81427230832832e-05,17.18464267485181,0.0,0.04330910423845211,,,,
control-bimodal,1,2,5,acc,60,9.691495001762362e-05,17.18464267485181,0.3403368167856925,,0.9722222222222222,2.1364509479373358e-16,,
control-bimodal,1,2,6,std,144,9.996952519508717e-05,13.341729684815466,0.0,0.04319991284465679,,,,
control-bimodal,1,2,6,acc,60,9.184087190061696e-05,13.341729684815466,0.2532756340519482,,0.9722222222222222,2.1357959119665033e-16,,
control-bimodal,1,2,7,std,143,9.622750492077614e-05,14.184008740417966,0.0,0.04317184442666876,,,,
control-bimodal,1,2,7,acc,59,7.859513072694391e-05,14.184008740417966,0.1615502709764059,,0.9722222222222222,2.1371965675111274e-16,,
control-bimodal,1,2,8,std,138,9.924680265838148e-05,9.676145048064942,0.0,0.04290072814023801,,,,
control-bimodal,1,2,8,acc,57,9.081198885985131e-05,9.676145048064942,0.2008481991318487,,0.9565217391304348,2.1370978703385365e-16,,
control-bimodal,1,2,9,std,145,9.820608481159177e-05,18.677494904399428,0.0,0.04338722006782891,,,,
control-bimodal,1,2,9,acc,61,8.644692332171466e-05,18.677494904399428,0.20540402046594514,,0.9726027397260274,2.137133322148067e-16,,
control-bimodal,1,2,10,std,145,9.93269540940922e-05,20.215062955233954,0.0,0.043431731493281577,,,,
control-bimodal,1,2,10,acc,61,8.80961684253112e-05,20.215062955233954,0.15661821602976922,,0.9726027397260274,2.1369359985944155e-16,,
control-bimodal,1,2,11,std,137,9.826782089406016e-05,7.468208024745927,0.0,0.0427712426307095,,,,
control-bimodal,1,2,11,acc,57,7.66575646677925e-05,7.468208024745927,0.193295123686469,,0.9565217391304348,2.1368306280676118e-16,,
control-bimodal,1,2,12,std,137,9.798896803325796e-05,8.663668671739083,0.0,0.042823710237759424,,,,
control-bimodal,1,2,12,acc,57,9.726067771032021e-05,8.663668671739083,0.2065137864245186,,0.9558823529411765,2.13619924753858e-16,,
control-bimodal,1,2,13,std,144,9.901313864757455e-05,18.171257248081908,0.0,0.04334167146607261,,,,
control-bimodal,1,2,13,acc,60,9.927365406348088e-05,18.171257248081908,0.18188887078039676,,0.9722222222222222,2.1364305840025336e-16,,
control-bimodal,1,2,14,std,145,9.735280497702448e-05,17.95759355504075,0.0,0.043360504300975315,,,,
control-bimodal,1,2,14,acc,61,8.437944239392259e-05,17.95759355504075,0.18807465198471943,,0.9726027397260274,2.137149569839575e-16,,
control-bimodal,1,2,15,std,143,9.93451195929751e-05,15.326856031133543,0.0,0.04323967515636818,,,,
control-bimodal,1,2,15,acc,60,8.810863830088778e-05,15.326856031133543,0.17637143303881492,,0.9722222222222222,2.1365301567443432e-16,,
control-bimodal,1,2,16,std,143,9.988317765197152e-05,13.690809813268581,0.0,0.04320742013374789,,,,
control-bimodal,1,2,16,acc,60,9.124027265405843e-05,13.690809813268581,0.1614655694862718,,0.9722222222222222,2.137095562699963e-16,,
control-bimodal,1,2,17,std,145,9.83844190967087e-05,18.350558842314452,0.0,0.04338327542979459,,,,
control-bimodal,1,2,17,acc,61,8.71770938450922e-05,18.350558842314452,0.1400845278584683,,0.9726027397260274,2.1369434139077685e-16,,
control-bimodal,1,2,18,std,141,9.710149971930981e-05,10.934156154444603,0.0,0.04301501930925265,,,,
control-bimodal,1,2,18,acc,59,7.901773432461567e-05,10.934156154444603,0.17328123836996237,,0.9577464788732394,2.1370092862611877e-16,,
control-bimodal,1,2,19,std,140,9.857973608329296e-05,11.056367157951088,0.0,0.043001692945878744,,,,
control-bimodal,1,2,19,acc,58,9.254671375757972e-05,11.056367157951088,0.20085956626376145,,0.9571428571428572,2.1366931492887547e-16,,
control-bimodal,1,2,20,std,140,9.909628483084632e-05,9.521013385226588,0.0,0.04295392816668379,,,,
control-bimodal,1,2,20,acc,58,9.633041110035379e-05,9.521013385226588,0.20372560405104145,,0.9571428571428572,2.1370563318026562e-16,,
control-bimodal,1,2,21,std,144,9.936871064142316e-05,16.945012550583503,0.0,0.043322009955639895,,,,
control-bimodal,1,2,21,acc,60,7.831757253917715e-05,16.945012550583503,0.16437305375744948,,0.9726027397260274,2.1370185235938e-16,,
control-bimodal,1,2,22,std,142,9.995874519308501e-05,11.010977894257097,0.0,0.04309129562643754,,,,
control-bimodal,1,2,22,acc,60,8.023732367279379e-05,11.010977894257097,0.23088907858563748,,0.9722222222222222,2.137182977800316e-16,,
control-bimodal,1,2,23,std,144,9.698914239875123e-05,15.485204032639981,0.0,0.04325554965097004,,,,
control-bimodal,1,2,23,acc,60,9.415776674770449e-05,15.485204032639981,0.19167342516712016,,0.9722222222222222,2.1368851598225412e-16,,
control-bimodal,1,2,24,std,141,9.901386560939862e-05,10.275396485707404,0.0,0.04301537347569053,,,,
control-bimodal,1,2,24,acc,59,8.625401116812981e-05,10.275396485707404,0.17132020593380815,,0.971830985915493,2.1371340482774606e-16,,
control-bimodal,1,2,25,std,141,9.684817639898924e-05,8.498704466108457,0.0,0.04293105073805347,,,,
control-bimodal,1,2,25,acc,59,8.15189668250671e-05,8.498704466108457,0.1954198008072322,,0.9577464788732394,2.1367931314755117e-16,,
control-bimodal,1,2,26,std,143,9.974029750847713e-05,12.761548944922666,0.0,0.04318179645078078,,,,
control-bimodal,1,2,26,acc,60,9.163872753603641e-05,12.761548944922666,0.1933837909211572,,0.9722222222222222,2.136905529905785e-16,,
control-bimodal,1,2,27,std,144,9.979256449366147e-05,15.830053071646164,0.0,0.04330397024432359,,,,
control-bimodal,1,2,27,acc,60,8.039638153700679e-05,15.830053071646164,0.13991543197191797,,0.9726027397260274,2.1370004069200978e-16,,
control-bimodal,1,2,28,std,144,9.861072259109704e-05,17.931995270934138,0.0,0.04333161430033546,,,,
control-bimodal,1,2,28,acc,60,9.799968774748535e-05,17.931995270934138,0.16067386678365408,,0.9722222222222222,2.1368548986017046e-16,,
control-bimodal,1,2,29,std,135,9.753072972507049e-05,6.470663990129631,0.0,0.04266700705438274,,,,
control-bimodal,1,2,29,acc,55,9.344183999715483e-05,6.470663990129631,0.14623448863144026,,0.9552238805970149,2.1362265615032577e-16,,
control-bimodal,1,2,30,std,140,9.674572324636088e-05,8.956067636492765,0.0,0.04290845160618967,,,,
control-bimodal,1,2,30,acc,58,8.8791221962925e-05,8.956067636492765,0.14901852138670654,,0.9571428571428572,2.1369250523817754e-16,,
control-bimodal,1,2,31,std,145,9.913532414951298e-05,19.397003039330492,0.0,0.04341271745990008,,,,
control-bimodal,1,2,31,acc,61,8.794783409094009e-05,19.397003039330492,0.1974366632474586,,0.9726027397260274,2.1371213458642132e-16,,
control-bimodal,1,2,32,std,137,9.937850710861618e-05,7.801499855153917,0.0,0.04279592015993524,,,,
control-bimodal,1,2,32,acc,57,7.975252744096828e-05,7.801499855153917,0.15440549151184374,,0.9565217391304348,2.136999575453733e-16,,
control-bimodal,1,2,33,std,142,9.770197561431715e-05,11.720428972076574,0.0,0.04308316507383557,,,,
control-bimodal,1,2,33,acc,59,9.467342498448161e-05,11.720428972076574,0.23733291708841195,,0.971830985915493,2.1364659618266836e-16,,
control-bimodal,1,2,34,std,130,9.930717647876897e-05,5.606110070015617,0.0,0.042541194632749135,,,,
control-bimodal,1,2,34,acc,53,7.747642861821724e-05,5.606110070015617,0.1812175708762832,,0.9538461538461539,2.137012642466755e-16,,
control-bimodal,1,2,35,std,141,9.84529324374872e-05,10.32435556392617,0.0,0.04301035455346243,,,,
control-bimodal,1,2,35,acc,59,8.450367073220555e-05,10.32435556392617,0.17481820622664243,,0.971830985915493,2.1369626551674988e-16,,
control-bimodal,1,2,36,std,139,9.73830653254737e-05,8.257494762681164,0.0,0.04285526960400188,,,,
control-bimodal,1,2,36,acc,58,7.809740327036074e-05,8.257494762681164,0.18317549084225374,,0.9571428571428572,2.1370156005192905e-16,,
control-bimodal,1,2,37,std,144,9.705917834978983e-05,15.633103897938005,0.0,0.043259854922665625,,,,
control-bimodal,1,2,37,acc,60,9.42728104935675e-05,15.633103897938005,0.15838272443681325,,0.9722222222222222,2.1368843194502084e-16,,
control-bimodal,1,2,38,std,143,9.938797388020504e-05,12.660362610040945,0.0,0.04317440730286968,,,,
control-bimodal,1,2,38,acc,60,9.067954267982792e-05,12.660362610040945,0.18080728681546201,,0.9722222222222222,2.137099806133889e-16,,
control-bimodal,1,2,39,std,143,9.63700322771377e-05,12.605067703222877,0.0,0.04313200618107097,,,,
control-bimodal,1,2,39,acc,60,8.054337754792584e-05,12.605067703222877,0.16459112770928466,,0.9722222222222222,2.137180290056675e-16,,
control-bimodal,1,2,40,std,144,9.743129740491518e-05,16.026930284685772,0.0,0.04327409063787296,,,,
control-bimodal,1,2,40,acc,60,9.540093152038409e-05,16.026930284685772,0.1816259504967405,,0.9722222222222222,2.1366753168621193e-16,,
control-bimodal,1,2,41,std,145,9.713383974929712e-05,19.797891956844207,0.0,0.04339349658986889,,,,
control-bimodal,1,2,41,acc,61,8.256361583880434e-05,19.797891956844207,0.1834895641091975,,0.9726027397260274,2.137164180387229e-16,,
control-bimodal,1,2,42,std,145,9.604809498542366e-05,16.953507808959532,0.0,0.04332040648186533,,,,
control-bimodal,1,2,42,acc,60,8.085954211400903e-05,16.953507808959532,0.1395049979563015,,0.9726027397260274,2.1366009271283446e-16,,
control-bimodal,1,2,43,std,145,9.645687470749564e-05,15.362024218125148,0.0,0.04329317040910724,,,,
control-bimodal,1,2,43,acc,61,8.350942275070494e-05,15.362024218125148,0.20449958217463832,,0.9726027397260274,2.137156564655015e-16,,
control-bimodal,1,2,44,std,139,9.599955912520386e-05,7.669483968542382,0.0,0.042817748905488555,,,,
control-bimodal,1,2,44,acc,57,9.699569306520495e-05,7.669483968542382,0.18392869159836445,,0.9565217391304348,2.1359668457183301e-16,,
control-bimodal,1,2,45,std,143,9.893681594386194e-05,13.693530932122203,0.0,0.043194400142183176,,,,
control-bimodal,1,2,45,acc,60,8.821610286435799e-05,13.693530932122203,0.16048348420407965,,0.9722222222222222,2.1371189855842888e-16,,
control-bimodal,1,2,46,std,145,9.914087089768486e-05,19.43204517037599,0.0,0.04341353087075821,,,,
control-bimodal,1,2,46,acc,61,8.795818717399762e-05,19.43204517037599,0.16365498926416744,,0.9726027397260274,2.1371213133015466e-16,,
control-bimodal,1,2,47,std,144,9.708919058559751e-05,16.17570801990473,0.0,0.04327222055131529,,,,
control-bimodal,1,2,47,acc,60,9.380178840934228e-05,16.17570801990473,0.16172959951243146,,0.9722222222222222,2.1370762715932404e-16,,
control-bimodal,1,2,48,std,141,9.867198475799199e-05,10.885259426422566,0.0,0.043030932547203075,,,,
control-bimodal,1,2,48,acc,59,8.457146380291825e-05,10.885259426422566,0.15250763796472402,,0.971830985915493,2.1363390254412947e-16,,
control-bimodal,1,2,49,std,141,9.734488349733006e-05,10.534312909836299,0.0,0.04300468182257903,,,,
control-bimodal,1,2,49,acc,59,8.041340075881642e-05,10.534312909836299,0.24207979403684196,,0.971830985915493,2.1369972789525235e-16,,
control-bimodal,1,4,0,std,-1,0.6674534643091361,31.315106188609725,0.0,5.90820655557943e-07,,,,
control-bimodal,1,4,0,acc,-1,0.6674534643093033,31.315106188609725,1.8459550899191643,,0.0,1.419043974672628e-16,,
control-bimodal,1,4,1,std,-1,0.522123473621384,26.356942782873656,0.0,7.911982214320898e-07,,,,
control-bimodal,1,4,1,acc,-1,0.522123473626118,26.356942782873656,1.6236449148959924,,0.0,1.4231484877534768e-16,,
control-bimodal,1,4,2,std,-1,0.5516252232309855,25.453506399595934,0.0,4.229432672191283e-08,,,,
control-bimodal,1,4,2,acc,-1,0.5516252232310586,25.777277982452244,1.9345259990688237,,0.0,1.4189152263037053e-16,,
control-bimodal,1,4,3,std,-1,0.47457794572653067,23.62416992195207,0.0,6.021186197209397e-08,,,,
control-bimodal,1,4,3,acc,-1,0.47457794572670986,23.967245999140893,1.8509381680808947,,0.0,1.4190659580785342e-16,,
control-bimodal,1,4,4,std,-1,0.6674534643091348,36.97918983198489,0.0,1.321244196745919e-06,,,,
control-bimodal,1,4,4,acc,-1,0.6674534643095518,36.97918983198489,1.6166805492526362,,0.0,1.421246504987232e-16,,
control-bimodal,1,4,5,std,-1,0.6328167969923344,33.28765638322943,0.0,1.1364295277572903e-06,,,,
control-bimodal,1,4,5,acc,-1,0.6328167969966598,33.28765638322943,1.6306320714543354,,0.0,2.117921849881074e-16,,
control-bimodal,1,4,6,std,-1,0.6373757437307055,29.100966565651028,0.0,4.776816219515965e-07,,,,
control-bimodal,1,4,6,acc,-1,0.6373757437308774,29.100966565651028,1.5334371639788282,,0.0,2.117855183695908e-16,,
control-bimodal,1,4,7,std,-1,0.5727201601072105,29.05916445097299,0.0,8.926417031771843e-07,,,,
control-bimodal,1,4,7,acc,-1,0.5727201601072887,29.05916445097299,1.782098416758538,,0.0,1.4227126103580564e-16,,
control-bimodal,1,4,8,std,-1,0.429328895354429,22.6382478425518,0.0,6.942350843273261e-07,,,,
control-bimodal,1,4,8,acc,-1,0.42932889535464147,22.855119740358298,1.946048605335349,,0.0,1.424030991556292e-16,,
control-bimodal,1,4,9,std,-1,0.6731711856496418,35.930477011359045,0.0,1.0843538251816992e-06,,,,
control-bimodal,1,4,9,acc,-1,0.6731711856517932,35.930477011359045,1.89813531730518,,0.0,2.1173900468640866e-16,,
control-bimodal,1,4,10,std,-1,0.6860127728198031,37.982354115808995,0.0,1.255577950816182e-06,,,,
control-bimodal,1,4,10,acc,-1,0.6860127728206071,37.982354115808995,2.0759355540519446,,0.0,2.1172579504765805e-16,,
control-bimodal,1,4,11,std,-1,0.431863819521606,22.500698985858122,0.0,4.079581459170219e-07,,,,
control-bimodal,1,4,11,acc,-1,0.4318638195216038,22.83464438911572,1.8203483378127376,,0.0,1.4210604614282307e-16,,
control-bimodal,1,4,12,std,-1,0.40000116223400584,21.68561518845237,0.0,6.474421318985701e-07,,,,
control-bimodal,1,4,12,acc,-1,0.40000116223398363,22.00579214303831,1.9041312899486014,,0.0,1.4240919311976364e-16,,
control-bimodal,1,4,13,std,-1,0.6373757437308107,34.460254942455805,0.0,1.2802853712664137e-06,,,,
control-bimodal,1,4,13,acc,-1,0.637375743730916,34.460254942455805,1.798232214507164,,0.0,1.4227776438107115e-16,,
control-bimodal,1,4,14,std,-1,0.6860127728198027,35.072882474594074,0.0,9.867435460741336e-07,,,,
control-bimodal,1,4,14,acc,-1,0.6860127728214918,35.072882474594074,2.390798864065969,,0.0,2.1172583473108218e-16,,
control-bimodal,1,4,15,std,-1,0.6031564888207026,30.786666168121474,0.0,9.487862829374397e-07,,,,
control-bimodal,1,4,15,acc,-1,0.6031564888255194,30.786666168121474,1.7517423208040146,,0.0,1.4222678552942135e-16,,
control-bimodal,1,4,16,std,-1,0.6283514560811707,29.373497517019782,0.0,5.579120622793881e-07,,,,
control-bimodal,1,4,16,acc,-1,0.6283514560814163,29.373497517019782,1.7949714331777793,,0.0,2.1179884216152061e-16,,
control-bimodal,1,4,17,std,-1,0.6951078822125645,35.8005330746829,0.0,9.645555775061286e-07,,,,
control-bimodal,1,4,17,acc,-1,0.6951078822125647,35.8005330746829,3.4527641619134815,,0.0,1.4191768504120474e-16,,
control-bimodal,1,4,18,std,-1,0.5158654051371983,24.971637793810046,0.0,5.475915625345275e-07,,,,
control-bimodal,1,4,18,acc,-1,0.5158654051384115,25.159597793292434,2.2439307777515816,,0.0,1.4217438750906934e-16,,
control-bimodal,1,4,19,std,-1,0.4859590240496199,24.407938864742487,0.0,6.976570463183117e-07,,,,
control-bimodal,1,4,19,acc,-1,0.48595902405082847,24.55510095534892,1.8231480039861203,,0.0,1.4231946599370433e-16,,
control-bimodal,1,4,20,std,-1,0.5221234736214215,24.816148787107398,0.0,5.736968438516309e-08,,,,
control-bimodal,1,4,20,acc,-1,0.5221234736214739,25.138337866460624,1.758319490969403,,0.0,1.420075160377593e-16,,
control-bimodal,1,4,21,std,-1,0.6517215989675054,33.342103302890756,0.0,9.91441552716841e-07,,,,
control-bimodal,1,4,21,acc,-1,0.6517215989710605,33.342103302890756,1.6374583101888156,,0.0,1.4211993389848898e-16,,
control-bimodal,1,4,22,std,-1,0.6071906585855551,26.759268795972453,0.0,nan,,,,
control-bimodal,1,4,22,acc,-1,0.607190658586866,26.903379409160745,1.8621944435229154,,0.0,1.418254920480211e-16,,
control-bimodal,1,4,23,std,-1,0.6283514560811743,31.36180419497654,0.0,8.548104253262313e-07,,,,
control-bimodal,1,4,23,acc,-1,0.6283514560817212,31.36180419497654,1.8478735438450613,,0.0,1.4212338240421e-16,,
control-bimodal,1,4,24,std,-1,0.5550536807095019,25.617721324956793,0.0,5.630687299782855e-08,,,,
control-bimodal,1,4,24,acc,-1,0.555053680710593,25.874144679838547,1.6198439186953137,,0.0,1.4195938131710227e-16,,
control-bimodal,1,4,25,std,-1,0.5837862794968027,26.112846770316395,0.0,nan,,,,
control-bimodal,1,4,25,acc,-1,0.5837862794979582,26.412861963705815,1.780137468699538,,0.0,1.4169023601035145e-16,,
control-bimodal,1,4,26,std,-1,0.6373757437307064,28.477907010913505,0.0,7.59709786138064e-08,,,,
control-bimodal,1,4,26,acc,-1,0.6373757437362266,28.477907010913505,1.7836898233697644,,0.0,2.1178554067921489e-16,,
control-bimodal,1,4,27,std,-1,0.6731711856496418,32.43199858106185,0.0,7.097924150360319e-07,,,,
control-bimodal,1,4,27,acc,-1,0.6731711856501326,32.43199858106185,1.9200151652446904,,0.0,1.4194237164931978e-16,,
control-bimodal,1,4,28,std,-1,0.6328167969923106,34.10168490326705,0.0,1.26761667496569e-06,,,,
control-bimodal,1,4,28,acc,-1,0.632816796997117,34.10168490326705,1.7896980694393994,,0.0,1.4229066189233773e-16,,
control-bimodal,1,4,29,std,-1,0.38604102009637353,21.197545882006548,0.0,4.845940201816616e-07,,,,
control-bimodal,1,4,29,acc,-1,0.3860410200969693,21.523906418043072,1.9305840443565563,,0.0,1.4216558494629376e-16,,
control-bimodal,1,4,30,std,-1,0.5066597334526781,24.423641444780866,0.0,5.439870845074435e-08,,,,
control-bimodal,1,4,30,acc,-1,0.5066597334539407,24.763006192705383,1.9777945364623137,,0.0,1.4199783818861346e-16,,
control-bimodal,1,4,31,std,-1,0.6951078822125645,37.19228711804858,0.0,1.0853333731032483e-06,,,,
control-bimodal,1,4,31,acc,-1,0.6951078822125658,37.19228711804858,3.7249114706148108,,0.0,1.4189824151367744e-16,,
control-bimodal,1,4,32,std,-1,0.43186381952160846,22.5014727244718,0.0,4.282193856691926e-07,,,,
control-bimodal,1,4,32,acc,-1,0.43186381953996933,22.84805872473668,2.162400667173923,,0.0,1.4214980223432448e-16,,
control-bimodal,1,4,33,std,-1,0.5655439919842831,26.308743743232764,0.0,4.910047225142016e-07,,,,
control-bimodal,1,4,33,acc,-1,0.5655439919844412,26.414955698817355,1.778033341954677,,0.0,1.4206169578378377e-16,,
control-bimodal,1,4,34,std,-1,0.28100215223692704,17.776973436765008,0.0,7.671900156875418e-07,,,,
control-bimodal,1,4,34,acc,-1,0.2810021522369781,18.09212604508634,2.03879061672705,,0.0,1.4255538383949401e-16,,
control-bimodal,1,4,35,std,-1,0.5482291694967918,25.48462767550614,0.0,6.185333358881213e-08,,,,
control-bimodal,1,4,35,acc,-1,0.5482291694973271,25.734733410649607,1.959915593489637,,0.0,1.4199425906994935e-16,,
control-bimodal,1,4,36,std,-1,0.485959024049623,23.9093424912604,0.0,5.5102746449816184e-08,,,,
control-bimodal,1,4,36,acc,-1,0.48595902406006464,24.246109780934173,2.0125356160653913,,0.0,1.419938662901042e-16,,
control-bimodal,1,4,37,std,-1,0.6283514560812093,31.52208044365104,0.0,8.817273859289365e-07,,,,
control-bimodal,1,4,37,acc,-1,0.6283514560832031,31.52208044365104,1.8629209511914095,,0.0,1.4213640958488114e-16,,
control-bimodal,1,4,38,std,-1,0.6328167969923228,28.303972963237367,0.0,7.562614645863522e-08,,,,
control-bimodal,1,4,38,acc,-1,0.6328167969926437,28.303972963237367,1.9367911741878776,,0.0,2.1179216599774463e-16,,
control-bimodal,1,4,39,std,-1,0.5913847632343645,27.64321945196277,0.0,5.321750449176575e-07,,,,
control-bimodal,1,4,39,acc,-1,0.5913847632351465,27.64321945196277,1.9733488693068033,,0.0,1.4204174381209508e-16,,
control-bimodal,1,4,40,std,-1,0.6283514560811694,31.96346633832319,0.0,9.453574099108991e-07,,,,
control-bimodal,1,4,40,acc,-1,0.6283514560813643,31.96346633832319,1.6660085443526387,,0.0,1.4216053267113224e-16,,
control-bimodal,1,4,41,std,-1,0.6517215989675014,36.609721002641585,0.0,1.4440569612404397e-06,,,,
control-bimodal,1,4,41,acc,-1,0.6517215989754932,36.609721002641585,1.8799531457313856,,0.0,2.1176549895390022e-16,,
control-bimodal,1,4,42,std,-1,0.667453464309139,33.641652213329166,0.0,9.069871055399125e-07,,,,
control-bimodal,1,4,42,acc,-1,0.667453464309935,33.641652213329166,1.8317738322931558,,0.0,2.1174569618400052e-16,,
control-bimodal,1,4,43,std,-1,0.6860127728198031,32.184442640406566,0.0,1.2846244930717606e-07,,,,
control-bimodal,1,4,43,acc,-1,0.6860127728201137,32.184442640406566,2.2542012746838207,,0.0,2.117258398802487e-16,,
control-bimodal,1,4,44,std,-1,0.5006376481885106,24.268028630529166,0.0,4.990927377844051e-08,,,,
control-bimodal,1,4,44,acc,-1,0.5006376481880788,24.589546536300073,2.0939786570767582,,0.0,1.4189048887191472e-16,,
control-bimodal,1,4,45,std,-1,0.6154440030851234,29.183886491453592,0.0,6.126501975821629e-07,,,,
control-bimodal,1,4,45,acc,-1,0.615444003090913,29.183886491453592,1.7963955529999882,,0.0,1.4203930380555956e-16,,
control-bimodal,1,4,46,std,-1,0.6951078822125647,37.224049039657984,0.0,1.092840264783814e-06,,,,
control-bimodal,1,4,46,acc,-1,0.6951078822125647,37.224049039657984,3.1640183842587972,,0.0,1.4190324927376807e-16,,
control-bimodal,1,4,47,std,-1,0.6239718173769309,32.04763708647839,0.0,9.96488094649294e-07,,,,
control-bimodal,1,4,47,acc,-1,0.623971817379382,32.04763708647839,1.7882489296087827,,0.0,1.4219657942163615e-16,,
control-bimodal,1,4,48,std,-1,0.5382261622833813,25.42815506235911,0.0,4.6365491849303866e-07,,,,
control-bimodal,1,4,48,acc,-1,0.5382261622844668,25.596773187477332,1.8794994212264802,,0.0,1.420860976258526e-16,,
control-bimodal,1,4,49,std,-1,0.5284835670896579,25.135506366632296,0.0,4.4723016098717424e-07,,,,
control-bimodal,1,4,49,acc,-1,0.5284835670921686,25.313347739174255,1.820219490739119,,0.0,1.42088223449601e-16,,
control-bimodal,1,8,0,std,-1,0.6862996837006243,119.16525454299845,0.0,1.0354117073662313e-06,,,,
control-bimodal,1,8,0,acc,-1,0.6862996837031372,121.78023187356477,2.3017264938115725,,0.0,2.5888364414283677e-16,,
control-bimodal,1,8,1,std,-1,0.642189418234663,116.79616825947429,0.0,1.5263908749333685e-06,,,,
control-bimodal,1,8,1,acc,-1,0.6421894182354138,120.03073218536883,1.7608363592490917,,0.0,2.5892324367402755e-16,,
control-bimodal,1,8,2,std,-1,0.6862996837006234,119.16525476068406,0.0,2.009249794931415e-06,,,,
control-bimodal,1,8,2,acc,-1,0.68629968371156,123.01632393604864,2.101117324412304,,0.0,2.588834339035023e-16,,
control-bimodal,1,8,3,std,-1,0.6621890024865804,117.96731540562506,0.0,2.5326565370675938e-06,,,,
control-bimodal,1,8,3,acc,-1,0.6621890024891497,122.28985251579984,1.500286644656538,,0.0,2.589033179116814e-16,,
control-bimodal,1,8,4,std,-1,0.6962640260437007,119.47503535640604,0.0,5.055846533119468e-07,,,,
control-bimodal,1,8,4,acc,-1,0.6962640260437007,121.24179997450109,3.616309457651906,,0.0,1.7326629866993937e-16,,
control-bimodal,1,8,5,std,-1,0.6795028721661216,118.86161013496852,0.0,8.286880902507258e-07,,,,
control-bimodal,1,8,5,acc,-1,0.6795028721711258,121.19644026553831,1.8965939088877193,,0.0,2.588884511454271e-16,,
control-bimodal,1,8,6,std,-1,0.6862996837006232,119.16525453378081,0.0,1.2876228105339633e-06,,,,
control-bimodal,1,8,6,acc,-1,0.6862996837061137,122.13759764780187,2.1692413530848156,,0.0,2.5888350516328616e-16,,
control-bimodal,1,8,7,std,-1,0.6676453371920565,118.26341121587961,0.0,1.227107738545068e-06,,,,
control-bimodal,1,8,7,acc,-1,0.6676453371922115,121.19120132703034,1.975436035448969,,0.0,2.5889838723558025e-16,,
control-bimodal,1,8,8,std,-1,0.5953721148384632,113.6426338345897,0.0,2.0647553477917785e-06,,,,
control-bimodal,1,8,8,acc,-1,0.5953721148393725,117.30155931415479,1.7329608533376977,,0.0,2.58978257135894e-16,,
control-bimodal,1,8,9,std,-1,0.6962640260437003,119.47503544804904,0.0,5.55429688575664e-07,,,,
control-bimodal,1,8,9,acc,-1,0.6962640260437007,121.36085848268276,3.3098933688627215,,0.0,1.7336707621299464e-16,,
control-bimodal,1,8,10,std,-1,0.6962640260437007,119.47503529864218,0.0,8.181271650243785e-08,,,,
control-bimodal,1,8,10,acc,-1,0.6962640260437005,121.04461444164816,3.4114763737126417,,0.0,1.7322632970707494e-16,,
control-bimodal,1,8,11,std,-1,0.6241065428712012,115.64019722515494,0.0,2.5053849277822568e-06,,,,
control-bimodal,1,8,11,acc,-1,0.6241065428762644,119.81129780846584,1.6009937702120127,,0.0,2.58943044685546e-16,,
control-bimodal,1,8,12,std,-1,0.5764732351359583,112.23105622038736,0.0,2.2968005769027776e-06,,,,
control-bimodal,1,8,12,acc,-1,0.5764732351791713,116.02866979519123,1.6930872310782772,,0.0,2.590035399839271e-16,,
control-bimodal,1,8,13,std,-1,0.6795028721650114,118.86161028383513,0.0,7.424277329449613e-07,,,,
control-bimodal,1,8,13,acc,-1,0.679502872174429,121.02964129450518,1.8488424864817574,,0.0,2.588884888672586e-16,,
control-bimodal,1,8,14,std,-1,0.6962640260437025,119.47503533420401,0.0,6.432482791515406e-07,,,,
control-bimodal,1,8,14,acc,-1,0.6962640260437272,121.52540096226936,3.2082985995578484,,0.0,1.7343394499187036e-16,,
control-bimodal,1,8,15,std,-1,0.6676453371928486,118.26341051985234,0.0,1.0583877384596328e-06,,,,
control-bimodal,1,8,15,acc,-1,0.6676453371928133,120.93013730378226,1.6763922886649842,,0.0,2.5889834131435703e-16,,
control-bimodal,1,8,16,std,-1,0.6862996837006234,119.16525479468086,0.0,1.2346318755209747e-06,,,,
control-bimodal,1,8,16,acc,-1,0.6862996837034754,122.08875868888927,1.9612557210193893,,0.0,2.588834259712375e-16,,
control-bimodal,1,8,17,std,-1,0.6962640260437007,119.47503551568775,0.0,5.694668336825155e-07,,,,
control-bimodal,1,8,17,acc,-1,0.6962640260437016,121.37925730724221,3.714914032786547,,0.0,1.733972806544753e-16,,
control-bimodal,1,8,18,std,-1,0.6569485335035927,117.67273127518241,0.0,1.7448252811076443e-06,,,,
control-bimodal,1,8,18,acc,-1,0.6569485335026455,121.19930350381824,1.5940788513468878,,0.0,2.5890869321239764e-16,,
control-bimodal,1,8,19,std,-1,0.6241065428708503,115.64019860849469,0.0,1.7699750250986882e-06,,,,
control-bimodal,1,8,19,acc,-1,0.6241065428756103,119.0876617842492,1.6617902351473148,,0.0,2.5894311903673093e-16,,
control-bimodal,1,8,20,std,-1,0.6569485335021488,117.67273132649136,0.0,2.0227137849220565e-06,,,,
control-bimodal,1,8,20,acc,-1,0.6569485335181697,121.4555456052969,1.151717046733684,,0.0,2.589081820020723e-16,,
control-bimodal,1,8,21,std,-1,0.6795028721650922,118.86161134348393,0.0,8.132824386151865e-07,,,,
control-bimodal,1,8,21,acc,-1,0.6795028721679623,121.16613131754755,1.8418892729198193,,0.0,2.588883085663492e-16,,
control-bimodal,1,8,22,std,-1,0.6862996837006234,119.165254698587,0.0,1.7100678721585134e-06,,,,
control-bimodal,1,8,22,acc,-1,0.6862996837529074,122.62505787240626,2.011941461487992,,0.0,2.588835356770309e-16,,
control-bimodal,1,8,23,std,-1,0.6862996837006317,119.165253641716,0.0,9.950328990533116e-07,,,,
control-bimodal,1,8,23,acc,-1,0.6862996837099691,121.78710843193141,1.7146728032769494,,0.0,2.5888341715109585e-16,,
control-bimodal,1,8,24,std,-1,0.6733789736206719,118.56133614307038,0.0,1.8548279726778623e-06,,,,
control-bimodal,1,8,24,acc,-1,0.6733789736298821,122.20540560609983,1.7209222015784844,,0.0,2.588932682876072e-16,,
control-bimodal,1,8,25,std,-1,0.6862996837006392,119.16525352724214,0.0,2.255196787882984e-06,,,,
control-bimodal,1,8,25,acc,-1,0.6862996837007462,123.20141772639992,2.110454052241177,,0.0,2.588836076451187e-16,,
control-bimodal,1,8,26,std,-1,0.686299683700625,119.16525368418954,0.0,1.3856670902929842e-06,,,,
control-bimodal,1,8,26,acc,-1,0.6862996837007618,122.23445884344902,2.0559807458543835,,0.0,2.588835286575637e-16,,
control-bimodal,1,8,27,std,-1,0.6862996837006234,119.1652539133719,0.0,9.071775695845058e-07,,,,
control-bimodal,1,8,27,acc,-1,0.6862996837056643,121.6055025826796,2.023085544015844,,0.0,2.588834848752626e-16,,
control-bimodal,1,8,28,std,-1,0.6795028721649616,118.86161195149884,0.0,7.734128609394192e-07,,,,
control-bimodal,1,8,28,acc,-1,0.6795028721841665,121.08740987762789,1.9848155663536549,,0.0,2.58888638448476e-16,,
control-bimodal,1,8,29,std,-1,0.6114107234823596,114.78064580574025,0.0,2.7544284977731774e-06,,,,
control-bimodal,1,8,29,acc,-1,0.611410723483039,119.15545302849819,1.6239353659569629,,0.0,2.5895806676069097e-16,,
control-bimodal,1,8,30,std,-1,0.6518851243824966,117.37944459409843,0.0,2.1486350036287247e-06,,,,
control-bimodal,1,8,30,acc,-1,0.6518851244013861,121.2727996368946,1.5299378954448812,,0.0,2.589131537999201e-16,,
control-bimodal,1,8,31,std,-1,0.6962640260437005,119.47503540310946,0.0,9.937363640013143e-08,,,,
control-bimodal,1,8,31,acc,-1,0.6962640260437105,121.14608001669083,3.4158616591954782,,0.0,1.7329803345371036e-16,,
control-bimodal,1,8,32,std,-1,0.6241065428709793,115.6401979722892,0.0,2.4229538698586248e-06,,,,
control-bimodal,1,8,32,acc,-1,0.6241065428733434,119.74433205568097,1.5346140979646323,,0.0,2.5894356736040783e-16,,
control-bimodal,1,8,33,std,-1,0.679502872164963,118.86161353428763,0.0,1.5771565386717577e-06,,,,
control-bimodal,1,8,33,acc,-1,0.6795028721821643,122.23848617957255,1.889961944621101,,0.0,2.5888848320853734e-16,,
control-bimodal,1,8,34,std,-1,0.5159490489860228,107.22679419556178,0.0,3.1243904593451726e-06,,,,
control-bimodal,1,8,34,acc,-1,0.5159490489865874,111.46222369546521,1.9850479118035833,,0.0,2.59095553599833e-16,,
control-bimodal,1,8,35,std,-1,0.6676453371922337,118.26340985232066,0.0,1.8498532684922987e-06,,,,
control-bimodal,1,8,35,acc,-1,0.6676453372834663,121.89176461467818,1.8145667338139697,,0.0,2.588986327873849e-16,,
control-bimodal,1,8,36,std,-1,0.6676453371924695,118.26341042022952,0.0,2.2736731346566637e-06,,,,
control-bimodal,1,8,36,acc,-1,0.667645337199887,122.37302225462142,1.582878741125756,,0.0,2.5889837975772343e-16,,
control-bimodal,1,8,37,std,-1,0.6862996837006228,119.16525456037074,0.0,9.789242635499396e-07,,,,
control-bimodal,1,8,37,acc,-1,0.686299683705951,121.76479731051784,2.0799594045206113,,0.0,2.588834225800942e-16,,
control-bimodal,1,8,38,std,-1,0.6862996837006234,119.16525468090835,0.0,1.4032137321566793e-06,,,,
control-bimodal,1,8,38,acc,-1,0.6862996837008211,122.26104928558986,2.0181026747364967,,0.0,2.5888365127651284e-16,,
control-bimodal,1,8,39,std,-1,0.6795028721650862,118.86161080144093,0.0,1.424029619506688e-06,,,,
control-bimodal,1,8,39,acc,-1,0.6795028721661067,122.03485476172116,2.01834457986505,,0.0,2.588883170509033e-16,,
control-bimodal,1,8,40,std,-1,0.679502872164989,118.86161331038991,0.0,9.387218565985859e-07,,,,
control-bimodal,1,8,40,acc,-1,0.6795028721652285,121.37732313098547,1.9141062952350685,,0.0,2.588884664950368e-16,,
control-bimodal,1,8,41,std,-1,0.6862996837006241,119.16525474574715,0.0,5.790543708816694e-07,,,,
control-bimodal,1,8,41,acc,-1,0.6862996837051447,121.01564000612137,2.1969134607215195,,0.0,2.588834817368342e-16,,
control-bimodal,1,8,42,std,-1,0.6862996837006234,119.1652537833702,0.0,7.777481523263224e-07,,,,
control-bimodal,1,8,42,acc,-1,0.6862996837549993,121.42268869774875,2.0959722580341626,,0.0,2.588836726456952e-16,,
control-bimodal,1,8,43,std,-1,0.6962640260437003,119.47503536805964,0.0,9.479978851180437e-07,,,,
control-bimodal,1,8,43,acc,-1,0.6962640260437003,121.946211499581,3.277726189876252,,0.0,1.7435130880129437e-16,,
control-bimodal,1,8,44,std,-1,0.6621890024862462,117.96731556811471,0.0,2.430126046917597e-06,,,,
control-bimodal,1,8,44,acc,-1,0.6621890024872563,122.17986039281504,1.4889821513436514,,0.0,2.589032373182117e-16,,
control-bimodal,1,8,45,std,-1,0.6862996837006345,119.16525205930346,0.0,1.2409387165188893e-06,,,,
control-bimodal,1,8,45,acc,-1,0.6862996837018644,122.11914463786374,2.1934004629096493,,0.0,2.5888345875921715e-16,,
control-bimodal,1,8,46,std,-1,0.6962640260437005,119.4750353568183,0.0,9.857097374802132e-08,,,,
control-bimodal,1,8,46,acc,-1,0.6962640260437007,121.14286809406174,3.5541620695559635,,0.0,1.7329502557768936e-16,,
control-bimodal,1,8,47,std,-1,0.6733789736200104,118.56133544170194,0.0,9.362283350165203e-07,,,,
control-bimodal,1,8,47,acc,-1,0.6733789736199445,121.0538567144299,1.7687704287040538,,0.0,2.5889330943355177e-16,,
control-bimodal,1,8,48,std,-1,0.6569485335028011,117.67273129259044,0.0,1.7534029361658474e-06,,,,
control-bimodal,1,8,48,acc,-1,0.6569485335121803,121.17489897990137,1.6922044712776774,,0.0,2.589084025396864e-16,,
control-bimodal,1,8,49,std,-1,0.6621890024860007,117.96731538476587,0.0,1.8121259196492347e-06,,,,
control-bimodal,1,8,49,acc,-1,0.6621890025060375,121.56556545608827,1.591944574989506,,0.0,2.5890318219691007e-16,,
control-bimodal,1,16,0,std,-1,0.6863905380481476,493.40136304228616,0.0,6.3762262211525356e-06,,,,
control-bimodal,1,16,0,acc,-1,0.6863905381065554,511.6665886798105,1.7394709643046562,,0.0,2.913268693346285e-16,,
control-bimodal,1,16,1,std,-1,0.6863905380481479,493.40136414887127,0.0,6.70958885500006e-06,,,,
control-bimodal,1,16,1,acc,-1,0.6863905381618167,513.2231171416032,1.6866228720280685,,0.0,2.9132709242827053e-16,,
control-bimodal,1,16,2,std,-1,0.6863905380481472,493.4013674274027,0.0,7.2724476107036e-06,,,,
control-bimodal,1,16,2,acc,-1,0.6863905380564097,514.1753003618402,1.6702179038544034,,0.0,2.9132744765392284e-16,,
control-bimodal,1,16,3,std,-1,0.6863905380481483,493.40136837226294,0.0,7.675424809598831e-06,,,,
control-bimodal,1,16,3,acc,-1,0.6863905380848268,515.2789172735722,1.6347577902640018,,0.0,2.9132786309353503e-16,,
control-bimodal,1,16,4,std,-1,0.6863905380481492,493.4013646428242,0.0,5.623572834523609e-06,,,,
control-bimodal,1,16,4,acc,-1,0.6863905380501327,509.9035237509464,1.8085184151891212,,0.0,2.913269030682694e-16,,
control-bimodal,1,16,5,std,-1,0.686390538048147,493.40136465399246,0.0,5.987197566269259e-06,,,,
control-bimodal,1,16,5,acc,-1,0.6863905380564193,511.13202989742604,1.5340628765456792,,0.0,2.913271058071805e-16,,
control-bimodal,1,16,6,std,-1,0.6863905380481501,493.40136206803595,0.0,6.6187780050433425e-06,,,,
control-bimodal,1,16,6,acc,-1,0.6863905380563167,512.39331251316,2.1445834068394234,,0.0,2.9132680800701705e-16,,
control-bimodal,1,16,7,std,-1,0.686390538048149,493.4013635400668,0.0,6.434020838363903e-06,,,,
control-bimodal,1,16,7,acc,-1,0.6863905380723134,512.4160035809372,1.9739759363674374,,0.0,2.913268960880301e-16,,
control-bimodal,1,16,8,std,-1,0.6863905380481548,493.40135900484006,0.0,7.147608137254453e-06,,,,
control-bimodal,1,16,8,acc,-1,0.6863905380517512,514.486041330309,1.89819589360131,,0.0,2.9144264322486104e-16,,
control-bimodal,1,16,9,std,-1,0.6971271713443088,494.5394055276448,0.0,5.751150294369114e-06,,,,
control-bimodal,1,16,9,acc,-1,0.697127171344313,511.3457593678752,3.3607152216267666,,0.0,2.0266180918995874e-16,,
control-bimodal,1,16,10,std,-1,0.6971271713443095,494.53940568345274,0.0,5.530247169607464e-06,,,,
control-bimodal,1,16,10,acc,-1,0.697127171344309,510.7003190410441,3.1368145055364383,,0.0,2.023941156121345e-16,,
control-bimodal,1,16,11,std,-1,0.6863905380481468,493.4013698961307,0.0,7.585043910944662e-06,,,,
control-bimodal,1,16,11,acc,-1,0.6863905380541173,515.2653571692827,2.5614971387272427,,0.0,2.9132690471264436e-16,,
control-bimodal,1,16,12,std,-1,0.686390538048147,493.40136494294467,0.0,7.3222166664228855e-06,,,,
control-bimodal,1,16,12,acc,-1,0.6863905380831306,514.944313638782,1.8279500022275077,,0.0,2.913270262798269e-16,,
control-bimodal,1,16,13,std,-1,0.6863905380481534,493.4013612071206,0.0,5.84113497890577e-06,,,,
control-bimodal,1,16,13,acc,-1,0.6863905380496393,510.79138411734,1.8665775480853546,,0.0,2.9132688313542077e-16,,
control-bimodal,1,16,14,std,-1,0.6863905380481472,493.4013661589691,0.0,5.899209196900837e-06,,,,
control-bimodal,1,16,14,acc,-1,0.6863905380488722,510.48273355183875,1.5585614895018627,,0.0,2.91327185929078e-16,,
control-bimodal,1,16,15,std,-1,0.6863905380481512,493.40136171838196,0.0,6.264528374323813e-06,,,,
control-bimodal,1,16,15,acc,-1,0.6863905380516868,511.87957336127096,1.7569337505390559,,0.0,2.913440854687813e-16,,
control-bimodal,1,16,16,std,-1,0.6863905380481476,493.4013635430937,0.0,6.552540581190892e-06,,,,
control-bimodal,1,16,16,acc,-1,0.6863905380543782,512.2943168604716,1.9541524458737587,,0.0,2.913296478010621e-16,,
control-bimodal,1,16,17,std,-1,0.6971271713443106,494.5394054218524,0.0,5.8089211971212605e-06,,,,
control-bimodal,1,16,17,acc,-1,0.6971271713443552,511.3833131271067,3.507679247936368,,0.0,2.0295575652176105e-16,,
control-bimodal,1,16,18,std,-1,0.6863905380481472,493.4013638665774,0.0,6.965002365231196e-06,,,,
control-bimodal,1,16,18,acc,-1,0.6863905380539645,513.7074649481498,1.7532517704977144,,0.0,2.9132710455892624e-16,,
control-bimodal,1,16,19,std,-1,0.686390538048147,493.4013670949869,0.0,6.925344407879223e-06,,,,
control-bimodal,1,16,19,acc,-1,0.6863905380515307,513.799240679189,1.7327718881950958,,0.0,2.9132694432835263e-16,,
control-bimodal,1,16,20,std,-1,0.6863905380481847,493.40135664413725,0.0,7.23453584801245e-06,,,,
control-bimodal,1,16,20,acc,-1,0.6863905380492226,514.2215777748714,1.7800686754712056,,0.0,2.9132684067658896e-16,,
control-bimodal,1,16,21,std,-1,0.6863905380481474,493.4013628972325,0.0,6.035206229519815e-06,,,,
control-bimodal,1,16,21,acc,-1,0.6863905380504616,511.06877799531503,1.465644316346545,,0.0,2.9132723607104917e-16,,
control-bimodal,1,16,22,std,-1,0.6863905380481476,493.4013636057682,0.0,7.02428931545569e-06,,,,
control-bimodal,1,16,22,acc,-1,0.6863905381564281,513.3819320691458,1.761832469170423,,0.0,2.913275232160437e-16,,
control-bimodal,1,16,23,std,-1,0.6863905380481718,493.40135933195177,0.0,6.2522873295717645e-06,,,,
control-bimodal,1,16,23,acc,-1,0.6863905380609918,511.68100555530503,1.6854443145094733,,0.0,2.913280765303347e-16,,
control-bimodal,1,16,24,std,-1,0.6863905380481878,493.4013567656652,0.0,7.115375126669127e-06,,,,
control-bimodal,1,16,24,acc,-1,0.6863905380568867,513.8309156668108,1.6478992627689042,,0.0,2.9132687417779e-16,,
control-bimodal,1,16,25,std,-1,0.6863905380481468,493.4013629217961,0.0,7.498658968488672e-06,,,,
control-bimodal,1,16,25,acc,-1,0.6863905380488682,514.5475412595556,1.8610204226870757,,0.0,2.9132754907460965e-16,,
control-bimodal,1,16,26,std,-1,0.6863905380481485,493.40136353321566,0.0,6.727238276373422e-06,,,,
control-bimodal,1,16,26,acc,-1,0.6863905382950457,512.5896519677426,2.015921634902606,,0.0,2.913270885967702e-16,,
control-bimodal,1,16,27,std,-1,0.686390538048147,493.40136579646276,0.0,6.22859010549488e-06,,,,
control-bimodal,1,16,27,acc,-1,0.6863905380577144,511.31110477868276,1.7032668400806779,,0.0,2.9145825974058085e-16,,
control-bimodal,1,16,28,std,-1,0.6863905380481465,493.4013631556763,0.0,5.875464741370897e-06,,,,
control-bimodal,1,16,28,acc,-1,0.6863905382499955,510.909645213773,2.169764188826659,,0.0,2.913268690447137e-16,,
control-bimodal,1,16,29,std,-1,0.6863905380481472,493.40136313084275,0.0,7.763538792507781e-06,,,,
control-bimodal,1,16,29,acc,-1,0.6863905380496427,515.7939148711848,2.0435922878475417,,0.0,2.9132683372046596e-16,,
control-bimodal,1,16,30,std,-1,0.6863905380481685,493.401356797374,0.0,7.3363038733660185e-06,,,,
control-bimodal,1,16,30,acc,-1,0.6863905381389623,514.4811996863849,1.8439014624920023,,0.0,2.913293454971848e-16,,
control-bimodal,1,16,31,std,-1,0.6971271713443092,494.53940550465563,0.0,5.6585541701365425e-06,,,,
control-bimodal,1,16,31,acc,-1,0.6971271713443112,510.9075856786991,2.9281640360276464,,0.0,2.0282655071173848e-16,,
control-bimodal,1,16,32,std,-1,0.6863905380481476,493.4013663017293,0.0,7.5150696283397235e-06,,,,
control-bimodal,1,16,32,acc,-1,0.6863905380642561,515.1330714903542,1.663122580338212,,0.0,2.913268754198527e-16,,
control-bimodal,1,16,33,std,-1,0.6863905380481572,493.4013618307998,0.0,6.853658879399668e-06,,,,
control-bimodal,1,16,33,acc,-1,0.6863905380485091,513.2536253729409,2.1208691971018294,,0.0,2.913268738582478e-16,,
control-bimodal,1,16,34,std,-1,0.6863905380481468,493.40136406966514,0.0,7.880014796373154e-06,,,,
control-bimodal,1,16,34,acc,-1,0.6863905380893338,516.4973422189533,1.6219639828506245,,0.0,2.913271610890921e-16,,
control-bimodal,1,16,35,std,-1,0.6863905380481499,493.40136391632814,0.0,7.099159884645461e-06,,,,
control-bimodal,1,16,35,acc,-1,0.6863905380521855,513.8358167837144,1.6572059637152499,,0.0,2.9132769928383353e-16,,
control-bimodal,1,16,36,std,-1,0.6863905380481767,493.4013573307862,0.0,7.462643954243863e-06,,,,
control-bimodal,1,16,36,acc,-1,0.6863905380512552,514.8145545026649,1.8172052954982387,,0.0,2.913293878237013e-16,,
control-bimodal,1,16,37,std,-1,0.6863905380481468,493.40137000307175,0.0,6.228210031194947e-06,,,,
control-bimodal,1,16,37,acc,-1,0.6863905381221582,511.6355624861528,1.5718395658183937,,0.0,2.9132689738678964e-16,,
control-bimodal,1,16,38,std,-1,0.6863905380481765,493.40135913911513,0.0,6.7417118669228405e-06,,,,
control-bimodal,1,16,38,acc,-1,0.6863905380486268,512.6437229490194,1.6590013868871791,,0.0,2.9132736075833216e-16,,
control-bimodal,1,16,39,std,-1,0.6863905380481474,493.40136467701797,0.0,6.713875543259438e-06,,,,
control-bimodal,1,16,39,acc,-1,0.6863905380519948,512.8390846962834,1.8051516786845359,,0.0,2.913272834916779e-16,,
control-bimodal,1,16,40,std,-1,0.686390538048149,493.40136467356956,0.0,6.166510880484602e-06,,,,
control-bimodal,1,16,40,acc,-1,0.6863905381082616,511.5005085512217,1.8964550156919093,,0.0,2.913452939550102e-16,,
control-bimodal,1,16,41,std,-1,0.6863905380481468,493.40136330451077,0.0,5.610550612504685e-06,,,,
control-bimodal,1,16,41,acc,-1,0.6863905383185014,510.10774234942943,2.208238694807204,,0.0,2.91326819140722e-16,,
control-bimodal,1,16,42,std,-1,0.6863905380481885,493.40135709901796,0.0,6.045011100695916e-06,,,,
control-bimodal,1,16,42,acc,-1,0.6863905380494435,510.938802967947,2.1673273978753134,,0.0,2.913268202843072e-16,,
control-bimodal,1,16,43,std,-1,0.697127171344309,494.5394055113039,0.0,6.282972099424066e-06,,,,
control-bimodal,1,16,43,acc,-1,0.6971271713443126,512.537996366122,3.0386454537727996,,0.0,2.0398745905170328e-16,,
control-bimodal,1,16,44,std,-1,0.686390538048147,493.4013667452822,0.0,7.591836518137473e-06,,,,
control-bimodal,1,16,44,acc,-1,0.6863905380544963,515.0555915999813,1.6838652618732166,,0.0,2.9132701807377777e-16,,
control-bimodal,1,16,45,std,-1,0.6863905380481474,493.4013684585361,0.0,6.541470285362524e-06,,,,
control-bimodal,1,16,45,acc,-1,0.6863905382575264,512.3562706111362,1.8273160094244474,,0.0,2.9132829361142046e-16,,
control-bimodal,1,16,46,std,-1,0.697127171344309,494.5394056126666,0.0,5.652763770199212e-06,,,,
control-bimodal,1,16,46,acc,-1,0.6971271713443257,510.901024784658,3.118975630980711,,0.0,2.0280247095066815e-16,,
control-bimodal,1,16,47,std,-1,0.6863905380481465,493.4013663597526,0.0,6.140460308721671e-06,,,,
control-bimodal,1,16,47,acc,-1,0.6863905380949071,511.488045713222,1.6009580009146944,,0.0,2.9132721000857206e-16,,
control-bimodal,1,16,48,std,-1,0.6863905380481483,493.4013640991394,0.0,6.9872385134458485e-06,,,,
control-bimodal,1,16,48,acc,-1,0.68639053812017,513.6525194753557,1.5122977802114237,,0.0,2.9132724094909083e-16,,
control-bimodal,1,16,49,std,-1,0.6863905380481474,493.40136260974026,0.0,7.045655026015488e-06,,,,
control-bimodal,1,16,49,acc,-1,0.6863905383220343,513.8140355098545,1.6498522175235977,,0.0,2.913271918842245e-16,,
control-bimodal,1,32,0,std,-1,0.6978955807907439,2012.6681459459032,0.0,1.404812299867719e-05,,,,
control-bimodal,1,32,0,acc,-1,0.6978955807907439,2101.7168364705562,3.32713024945804,,0.0,2.1105592065662543e-16,,
control-bimodal,1,32,1,std,-1,0.6864281853234537,2008.3375418953951,0.0,1.4330648983284842e-05,,,,
control-bimodal,1,32,1,acc,-1,0.6864281855802703,2100.297013189704,1.577211275060908,,0.0,3.108027135671351e-16,,
control-bimodal,1,32,2,std,-1,0.6864281853238074,2008.3375415820458,0.0,1.4706742079755041e-05,,,,
control-bimodal,1,32,2,acc,-1,0.6864281853238423,2102.212172837024,1.6370635542034244,,0.0,3.1080187749857073e-16,,
control-bimodal,1,32,3,std,-1,0.6864281853233816,2008.3375667900177,0.0,1.4969576523845611e-05,,,,
control-bimodal,1,32,3,acc,-1,0.6864281853302803,2104.431210248202,1.9219971101537812,,0.0,3.108018951956834e-16,,
control-bimodal,1,32,4,std,-1,0.6864281853233711,2008.3375593996263,0.0,1.3650720810516304e-05,,,,
control-bimodal,1,32,4,acc,-1,0.6864281878265335,2093.5980807386645,1.4713546682450385,,0.0,3.108029819289426e-16,,
control-bimodal,1,32,5,std,-1,0.6864281853233829,2008.3375618170473,0.0,1.3872552322726838e-05,,,,
control-bimodal,1,32,5,acc,-1,0.6864281853584437,2096.0793913836164,1.9347485220791405,,0.0005,3.108022713229572e-16,,
control-bimodal,1,32,6,std,-1,0.6864281853233838,2008.3375475207508,0.0,1.4285437484198273e-05,,,,
control-bimodal,1,32,6,acc,-1,0.6864281854923397,2098.623506371552,1.4665547777209522,,0.0,3.1080254314322503e-16,,
control-bimodal,1,32,7,std,-1,0.6864281853234271,2008.3375481222424,0.0,1.4155079164449075e-05,,,,
control-bimodal,1,32,7,acc,-1,0.6864281853418355,2098.670071618386,1.5072648697425741,,0.0,3.1080259788132345e-16,,
control-bimodal,1,32,8,std,-1,0.686428185323404,2008.337546965805,0.0,1.4612980512699664e-05,,,,
control-bimodal,1,32,8,acc,-1,0.6864281853291438,2102.840927052634,1.3229459282898068,,0.0,3.1080323198746815e-16,,
control-bimodal,1,32,9,std,-1,0.686428185323406,2008.3375476171054,0.0,1.3765300293426687e-05,,,,
control-bimodal,1,32,9,acc,-1,0.6864281857155488,2094.0942296614444,1.27454612105879,,0.0,3.1080268700899296e-16,,
control-bimodal,1,32,10,std,-1,0.6978955807907441,2012.6681458157348,0.0,1.3544594125632687e-05,,,,
control-bimodal,1,32,10,acc,-1,0.6978955807907448,2097.3433448233973,2.806158101084338,,0.0,2.1086821351580432e-16,,
control-bimodal,1,32,11,std,-1,0.6864281853235072,2008.3375464422852,0.0,1.4907058659588163e-05,,,,
control-bimodal,1,32,11,acc,-1,0.6864281858264158,2104.4060350619557,1.8847424725063384,,0.0,3.1080177948986615e-16,,
control-bimodal,1,32,12,std,-1,0.6864281853233802,2008.3375653534783,0.0,1.4727463200758919e-05,,,,
control-bimodal,1,32,12,acc,-1,0.686428185324006,2103.76329927051,1.4720576813710926,,0.0,3.108024035481063e-16,,
control-bimodal,1,32,13,std,-1,0.6864281853233842,2008.3375476139242,0.0,1.377840313507081e-05,,,,
control-bimodal,1,32,13,acc,-1,0.6864281853908301,2095.3916017072806,1.4233728351514576,,0.0,3.108021099355106e-16,,
control-bimodal,1,32,14,std,-1,0.6864281853234047,2008.3375476683768,0.0,1.3827998200905104e-05,,,,
control-bimodal,1,32,14,acc,-1,0.6864281857206733,2094.76900174619,1.5907401958734508,,0.0,3.108022036350268e-16,,
control-bimodal,1,32,15,std,-1,0.686428185323511,2008.3375416468393,0.0,1.4048915545772967e-05,,,,
control-bimodal,1,32,15,acc,-1,0.6864281873833735,2097.5882335322567,1.4241147172132964,,0.0,3.10801936276837e-16,,
control-bimodal,1,32,16,std,-1,0.6864281853235168,2008.3375421724027,0.0,1.4241534863109238e-05,,,,
control-bimodal,1,32,16,acc,-1,0.6864281856882928,2098.4243421164288,1.621116123844004,,0.0,3.108022418192272e-16,,
control-bimodal,1,32,17,std,-1,0.6978955807907439,2012.668145895037,0.0,1.3720789714601503e-05,,,,
control-bimodal,1,32,17,acc,-1,0.6978955807907441,2098.723042013265,3.073465355042757,,0.0,2.1093149826929884e-16,,
control-bimodal,1,32,18,std,-1,0.6864281853234042,2008.33754732471,0.0,1.4500773899531227e-05,,,,
control-bimodal,1,32,18,acc,-1,0.6864281854715935,2101.272105050306,1.3744370021447678,,0.0,3.108025977580228e-16,,
control-bimodal,1,32,19,std,-1,0.6864281853233825,2008.3375630029352,0.0,1.4470462757440318e-05,,,,
control-bimodal,1,32,19,acc,-1,0.686428185327115,2101.4575693674865,1.4234027611356046,,0.0,3.108021872685771e-16,,
control-bimodal,1,32,20,std,-1,0.6864281853238225,2008.337541976184,0.0,1.467976338951786e-05,,,,
control-bimodal,1,32,20,acc,-1,0.6864281883564749,2102.3062310908344,1.3696433209729546,,0.0005,3.1080222312720327e-16,,
control-bimodal,1,32,21,std,-1,0.6864281853233731,2008.3375663908728,0.0,1.3908448063601277e-05,,,,
control-bimodal,1,32,21,acc,-1,0.6864281878578999,2095.952052837443,1.5177951543210175,,0.0,3.108031012339027e-16,,
control-bimodal,1,32,22,std,-1,0.6864281853234588,2008.3375416300014,0.0,1.4547827953998279e-05,,,,
control-bimodal,1,32,22,acc,-1,0.6864281856216552,2100.6145977823116,1.718315231589755,,0.0,3.1080194685762774e-16,,
control-bimodal,1,32,23,std,-1,0.6864281853233709,2008.337563219282,0.0,1.4045544752358182e-05,,,,
control-bimodal,1,32,23,acc,-1,0.6864281865413024,2097.1876496996792,1.5103547951081937,,0.0,3.1080296618684966e-16,,
control-bimodal,1,32,24,std,-1,0.6864281853233722,2008.3375591056656,0.0,1.4603571111522561e-05,,,,
control-bimodal,1,32,24,acc,-1,0.6864281855106096,2101.519577331467,1.9451898529562688,,0.0,3.1080183341431834e-16,,
control-bimodal,1,32,25,std,-1,0.6978955807907434,2012.6681463007749,0.0,1.4771437643704731e-05,,,,
control-bimodal,1,32,25,acc,-1,0.6978955807907448,2107.523652760279,2.786287095737926,,0.0,2.11326013341481e-16,,
control-bimodal,1,32,26,std,-1,0.686428185323513,2008.337542474226,0.0,1.4356579179696364e-05,,,,
control-bimodal,1,32,26,acc,-1,0.6864281853632219,2099.0186482747163,1.6847863571066022,,0.0,3.1080228303276823e-16,,
control-bimodal,1,32,27,std,-1,0.686428185323529,2008.3375421364403,0.0,1.4037406371934405e-05,,,,
control-bimodal,1,32,27,acc,-1,0.6864281855410244,2096.441293938371,1.4603830943481626,,0.0015,3.1080255731014453e-16,,
control-bimodal,1,32,28,std,-1,0.6864281853234229,2008.3375427031356,0.0,1.3799262483056787e-05,,,,
control-bimodal,1,32,28,acc,-1,0.686428185559735,2095.6301927545737,1.5277627942303305,,0.0,3.108027493632167e-16,,
control-bimodal,1,32,29,std,-1,0.6864281853233707,2008.3375643266966,0.0,1.502365654176201e-05,,,,
control-bimodal,1,32,29,acc,-1,0.6864281853691641,2105.4683052314867,1.6518354245950455,,0.0,3.10802204304366e-16,,
control-bimodal,1,32,30,std,-1,0.6864281853233858,2008.3375474159088,0.0,1.4746246652845184e-05,,,,
control-bimodal,1,32,30,acc,-1,0.6864281853877332,2102.828137763859,1.3133905143784554,,0.0,3.1080326458550275e-16,,
control-bimodal,1,32,31,std,-1,0.6978955807907439,2012.668146125623,0.0,1.3627850742269753e-05,,,,
control-bimodal,1,32,31,acc,-1,0.6978955807907534,2097.7622139679197,2.630685150904108,,0.0,2.1089476848244867e-16,,
control-bimodal,1,32,32,std,-1,0.6864281853233816,2008.3375474023903,0.0,1.4860274551448704e-05,,,,
control-bimodal,1,32,32,acc,-1,0.6864281859180035,2104.1403654752726,1.3548044854596841,,0.0,3.10802260475973e-16,,
control-bimodal,1,32,33,std,-1,0.6864281853234147,2008.3375420221112,0.0,1.4432000621312997e-05,,,,
control-bimodal,1,32,33,acc,-1,0.6864281857888324,2100.3578159028534,1.4509540981080473,,0.0,3.109527736194175e-16,,
control-bimodal,1,32,34,std,-1,0.6864281853233856,2008.3375567885237,0.0,1.509413096729997e-05,,,,
control-bimodal,1,32,34,acc,-1,0.6864281908169256,2106.885171431773,1.8035482337149276,,0.0,3.108018654943704e-16,,
control-bimodal,1,32,35,std,-1,0.6864281853233827,2008.337547651323,0.0,1.4592234198164138e-05,,,,
control-bimodal,1,32,35,acc,-1,0.6864281860102142,2101.5292936219435,1.6465814476980019,,0.0,3.1080206645366166e-16,,
control-bimodal,1,32,36,std,-1,0.6864281853234062,2008.337546946928,0.0,1.4828793475531414e-05,,,,
control-bimodal,1,32,36,acc,-1,0.6864281877682954,2103.498747640247,1.332501635792067,,0.0,3.1080304444935915e-16,,
control-bimodal,1,32,37,std,-1,0.686428185323372,2008.3375657489812,0.0,1.4029725301814623e-05,,,,
control-bimodal,1,32,37,acc,-1,0.6864281854972321,2097.096004520346,1.4063210864188824,,0.0,3.108019616850607e-16,,
control-bimodal,1,32,38,std,-1,0.6864281853235015,2008.3375468522613,0.0,1.4365616636494594e-05,,,,
control-bimodal,1,32,38,acc,-1,0.6864281892259776,2099.1278514617093,1.5412626978451092,,0.0,3.1080303249672755e-16,,
control-bimodal,1,32,39,std,-1,0.6864281853235092,2008.3375419161237,0.0,1.4342761209431518e-05,,,,
control-bimodal,1,32,39,acc,-1,0.686428185816786,2099.522517582533,1.401217211237137,,0.0,3.108017287590771e-16,,
control-bimodal,1,32,40,std,-1,0.6864281853233714,2008.337574384791,0.0,1.3989663801879758e-05,,,,
control-bimodal,1,32,40,acc,-1,0.686428185332183,2096.8234589589497,1.6200601624536466,,0.0,3.1080279142611653e-16,,
control-bimodal,1,32,41,std,-1,0.686428185323442,2008.33754275977,0.0,1.363517951084689e-05,,,,
control-bimodal,1,32,41,acc,-1,0.6864281854769527,2094.0103835204013,1.3924246453227405,,0.0,3.1080381608911714e-16,,
control-bimodal,1,32,42,std,-1,0.6864281853239351,2008.3375421388082,0.0,1.3918525839275756e-05,,,,
control-bimodal,1,32,42,acc,-1,0.6864281853765408,2095.6899199893223,1.4078228962862676,,0.0,3.108024124129567e-16,,
control-bimodal,1,32,43,std,-1,0.6978955807907439,2012.668146157515,0.0,1.402265701535433e-05,,,,
control-bimodal,1,32,43,acc,-1,0.6978955807907521,2101.053187044371,2.7136842573396796,,0.0,2.110402639845167e-16,,
control-bimodal,1,32,44,std,-1,0.6864281853233725,2008.3375589057525,0.0,1.4914787376560634e-05,,,,
control-bimodal,1,32,44,acc,-1,0.6864281856326986,2103.982271600098,1.5555873176065638,,0.0,3.1101491189798223e-16,,
control-bimodal,1,32,45,std,-1,0.6864281853233849,2008.3375475872483,0.0,1.4232555427913462e-05,,,,
control-bimodal,1,32,45,acc,-1,0.6864281857165049,2098.5492456028583,1.6294220927656844,,0.0,3.1080188881667043e-16,,
control-bimodal,1,32,46,std,-1,0.6978955807907437,2012.6681460658995,0.0,1.3624044419548958e-05,,,,
control-bimodal,1,32,46,acc,-1,0.6978955807907437,2097.748965976585,2.728316694050299,,0.0,2.1089365716730698e-16,,
control-bimodal,1,32,47,std,-1,0.6864281853234964,2008.3375471570266,0.0,1.3971518909733391e-05,,,,
control-bimodal,1,32,47,acc,-1,0.6864281854113632,2096.7980160136462,1.9460851033514919,,0.0,3.1080488704600803e-16,,
control-bimodal,1,32,48,std,-1,0.6864281853233773,2008.3375704156795,0.0,1.4517544836427085e-05,,,,
control-bimodal,1,32,48,acc,-1,0.6864281854209291,2101.161070624582,1.7814359262626045,,0.0,3.1080213404302056e-16,,
control-bimodal,1,32,49,std,-1,0.6864281853234202,2008.3375420974005,0.0,1.4555304936348555e-05,,,,
control-bimodal,1,32,49,acc,-1,0.6864281853833885,2101.4862623144113,1.44440351686609,,0.0,3.108020741394023e-16,,
gauss-d2,2,2,0,std,13,7.264962332573323e-05,0.8571920082002762,0.0,0.46468631005098204,,,,
gauss-d2,2,2,0,acc,7,4.266607133023915e-05,0.8571920082002762,95.72666525599836,,,,,
gauss-d2,2,2,1,std,8,8.697293190116635e-05,0.08205689784098338,0.0,0.4551221381571059,,,,
gauss-d2,2,2,1,acc,6,1.1195923813042842e-05,0.08205689784098338,95.4696692146802,,,,,
gauss-d2,2,2,2,std,13,7.066255614595293e-05,0.8381751117983206,0.0,0.46465895710011584,,,,
gauss-d2,2,2,2,acc,7,4.263461154390476e-05,0.8381751117983205,95.46447778223126,,,,,
gauss-d2,2,2,3,std,13,7.484265035752504e-05,0.9202586654771278,0.0,0.4706588235881836,,,,
gauss-d2,2,2,3,acc,7,4.325112106175189e-05,0.9202586654771278,95.4407154602318,,,,,
gauss-d2,2,2,4,std,12,8.382605565361473e-05,0.6928774668876397,0.0,0.4755397011030075,,,,
gauss-d2,2,2,4,acc,7,4.138470575610915e-05,0.6928774668876395,95.43807005026501,,,,,
gauss-d2,2,2,5,std,10,9.016869777369373e-05,0.26522492659251146,0.0,0.47177351553198216,,,,
gauss-d2,2,2,5,acc,7,2.4566363873425377e-05,0.26522492659251135,95.45685136342316,,,,,
gauss-d2,2,2,6,std,13,6.741344775243574e-05,0.7749110732644611,0.0,0.46375937101471976,,,,
gauss-d2,2,2,6,acc,7,4.1995314935786495e-05,0.7749110732644611,95.44643063843775,,,,,
gauss-d2,2,2,7,std,9,8.568507981316708e-05,0.13437357287560414,0.0,0.45756793712800486,,,,
gauss-d2,2,2,7,acc,6,1.619307236510947e-05,0.13437357287560403,95.58013745934323,,,,,
gauss-d2,2,2,8,std,7,9.088375680078425e-05,0.06324163203462599,0.0,0.47158327317488685,,,,
gauss-d2,2,2,8,acc,6,8.786083368580045e-05,0.06324163203462586,95.4582273984198,,,,,
gauss-d2,2,2,9,std,13,7.147958263422557e-05,0.90177527231288,0.0,0.47201927009596134,,,,
gauss-d2,2,2,9,acc,7,4.38732021290657e-05,0.90177527231288,95.41222109133648,,,,,
gauss-d2,2,2,10,std,13,7.6702074838462e-05,1.0331370781608376,0.0,0.47529123259732137,,,,
gauss-d2,2,2,10,acc,7,4.546206530152419e-05,1.0331370781608376,95.44885632280926,,,,,
gauss-d2,2,2,11,std,12,8.552519211687824e-05,0.6272455564266901,0.0,0.4641761526888198,,,,
gauss-d2,2,2,11,acc,7,3.9743930285200614e-05,0.6272455564266894,95.44159285352983,,,,,
gauss-d2,2,2,12,std,8,9.00848143612593e-05,0.10193198495840365,0.0,0.4718379922047986,,,,
gauss-d2,2,2,12,acc,6,1.1802257142546615e-05,0.10193198495840353,95.46173922977357,,,,,
gauss-d2,2,2,13,std,10,7.104265835880205e-05,0.23765148565204902,0.0,0.48022435895650795,,,,
gauss-d2,2,2,13,acc,7,2.1194020445208447e-05,0.23765148565204863,95.48122313410184,,,,,
gauss-d2,2,2,14,std,12,6.607987548717472e-05,0.8053440803908476,0.0,0.4651008807761149,,,,
gauss-d2,2,2,14,acc,7,4.281424885446629e-05,0.8053440803908472,95.65669763125798,,,,,
gauss-d2,2,2,15,std,10,8.695719343060317e-05,0.22852179649714222,0.0,0.4600976947505601,,,,
gauss-d2,2,2,15,acc,7,2.3368028882841875e-05,0.22852179649714216,95.46448635297821,,,,,
gauss-d2,2,2,16,std,12,9.47817386925371e-05,0.6779673472197135,0.0,0.4640785899382311,,,,
gauss-d2,2,2,16,acc,7,4.0785807523200824e-05,0.6779673472197135,95.48343675693974,,,,,
gauss-d2,2,2,17,std,13,7.953675139575599e-05,1.0136308396806724,0.0,0.47254490208247957,,,,
gauss-d2,2,2,17,acc,7,4.404376542451881e-05,1.0136308396806721,95.51702770836877,,,,,
gauss-d2,2,2,18,std,11,8.121292658506213e-05,0.3358935581002002,0.0,0.460287725580486,,,,
gauss-d2,2,2,18,acc,7,3.0169115942945053e-05,0.3358935581002,95.43229511593873,,,,,
gauss-d2,2,2,19,std,9,6.905013818940126e-05,0.10640536247165668,0.0,0.45635215217434083,,,,
gauss-d2,2,2,19,acc,6,1.3528933852941655e-05,0.10640536247165656,95.4428569925786,,,,,
gauss-d2,2,2,20,std,12,9.076154519487868e-05,0.6560285763085769,0.0,0.46412227698310715,,,,
gauss-d2,2,2,20,acc,7,4.0400492340818565e-05,0.656028576308577,95.5059918607917,,,,,
gauss-d2,2,2,21,std,12,6.979155352494807e-05,0.5005666408593159,0.0,0.46293036778016106,,,,
gauss-d2,2,2,21,acc,7,3.641668040925265e-05,0.5005666408593159,95.53795533865313,,,,,
gauss-d2,2,2,22,std,13,7.72241903474776e-05,0.9284099753480105,0.0,0.4653822785168081,,,,
gauss-d2,2,2,22,acc,7,4.29494315283246e-05,0.9284099753480105,95.4849336447726,,,,,
gauss-d2,2,2,23,std,11,6.420614649932113e-05,0.43691699718245797,0.0,0.461219345147032,,,,
gauss-d2,2,2,23,acc,7,3.4441794535335654e-05,0.4369169971824579,95.53618230347101,,,,,
gauss-d2,2,2,24,std,12,9.805564580790852e-05,0.7157583843179817,0.0,0.46472996469701,,,,
gauss-d2,2,2,24,acc,7,4.1351161459150646e-05,0.7157583843179818,95.43916315930525,,,,,
gauss-d2,2,2,25,std,13,8.801923835077737e-05,1.1220752661030953,0.0,0.4724857436640582,,,,
gauss-d2,2,2,25,acc,7,4.306536057702972e-05,1.1220752661030953,95.48378531937277,,,,,
gauss-d2,2,2,26,std,13,7.499929041131323e-05,0.8879878771482597,0.0,0.46490659649167343,,,,
gauss-d2,2,2,26,acc,7,4.274385105068977e-05,0.8879878771482597,95.44995417039848,,,,,
gauss-d2,2,2,27,std,13,6.95714268294019e-05,0.8194396036062062,0.0,0.4644614325325553,,,,
gauss-d2,2,2,27,acc,7,4.2515648138564325e-05,0.8194396036062063,95.48934480528752,,,,,
gauss-d2,2,2,28,std,9,9.307645370882083e-05,0.20110987607151132,0.0,0.4850254950048275,,,,
gauss-d2,2,2,28,acc,6,1.8447086541017186e-05,0.20110987607151165,95.4344509488882,,,,,
gauss-d2,2,2,29,std,12,8.453440553680089e-05,0.6278979722182004,0.0,0.4694927137544188,,,,
gauss-d2,2,2,29,acc,7,3.9684575838793215e-05,0.6278979722182011,95.41808130666651,,,,,
gauss-d2,2,2,30,std,12,9.499430926406361e-05,0.6974977470750641,0.0,0.46471340560367264,,,,
gauss-d2,2,2,30,acc,7,4.108868395980654e-05,0.6974977470750635,95.44927034220282,,,,,
gauss-d2,2,2,31,std,13,8.468867290119307e-05,1.1253599014538187,0.0,0.474611755777514,,,,
gauss-d2,2,2,31,acc,7,4.464589612970132e-05,1.1253599014538187,95.41669418313317,,,,,
gauss-d2,2,2,32,std,12,7.492167305743979e-05,0.5357672583077466,0.0,0.4629792634402239,,,,
gauss-d2,2,2,32,acc,7,3.7467814446621376e-05,0.5357672583077467,95.45307657743291,,,,,
gauss-d2,2,2,33,std,12,7.548301783023827e-05,0.5156932386208204,0.0,0.4619448976008759,,,,
gauss-d2,2,2,33,acc,7,3.7228054774810626e-05,0.5156932386208201,95.51587021459757,,,,,
gauss-d2,2,2,34,std,9,6.438071459803075e-05,0.19990198639915716,0.0,0.47401083861627985,,,,
gauss-d2,2,2,34,acc,6,1.9022604048612502e-05,0.19990198639915713,95.62933309592337,,,,,
gauss-d2,2,2,35,std,12,9.11175994870522e-05,0.6539360278110107,0.0,0.4639726875216895,,,,
gauss-d2,2,2,35,acc,7,4.0377003132831854e-05,0.6539360278110107,95.54126923529002,,,,,
gauss-d2,2,2,36,std,12,9.892757901955927e-05,0.7384268921109387,0.0,0.46530095202892996,,,,
gauss-d2,2,2,36,acc,7,4.167677939780328e-05,0.7384268921109395,95.45989066408843,,,,,
gauss-d2,2,2,37,std,11,9.548473888230481e-05,0.4138542948115087,0.0,0.4622544958223063,,,,
gauss-d2,2,2,37,acc,7,3.3487595949868026e-05,0.4138542948115085,94.9056190484616,,,,,
gauss-d2,2,2,38,std,13,7.399434994270536e-05,0.8728236996895062,0.0,0.4647606381200915,,,,
gauss-d2,2,2,38,acc,7,4.268202384787204e-05,0.8728236996895058,95.429975921592,,,,,
gauss-d2,2,2,39,std,12,7.979566686374423e-05,0.5493354811889161,0.0,0.46236956347820507,,,,
gauss-d2,2,2,39,acc,7,3.816191280009538e-05,0.5493354811889161,95.48525573747,,,,,
gauss-d2,2,2,40,std,11,8.740350349061262e-05,0.3800658044332289,0.0,0.46202698142813986,,,,
gauss-d2,2,2,40,acc,7,3.188452073093996e-05,0.3800658044332292,95.37862837079635,,,,,
gauss-d2,2,2,41,std,11,6.80396797525714e-05,0.38928968961171945,0.0,0.4826292630731334,,,,
gauss-d2,2,2,41,acc,7,2.936172865300739e-05,0.3892896896117196,95.4686723023727,,,,,
gauss-d2,2,2,42,std,12,9.371965330599275e-05,0.6982197932974453,0.0,0.4651144173135586,,,,
gauss-d2,2,2,42,acc,7,4.122184167872176e-05,0.6982197932974451,95.54125990198293,,,,,
gauss-d2,2,2,43,std,13,8.590601945636001e-05,1.0672967949947376,0.0,0.46663287281806193,,,,
gauss-d2,2,2,43,acc,7,4.2908959507583064e-05,1.0672967949947376,95.54505623077375,,,,,
gauss-d2,2,2,44,std,13,7.343680956717135e-05,0.894690982231505,0.0,0.46541312385476274,,,,
gauss-d2,2,2,44,acc,7,4.309791841698794e-05,0.894690982231505,95.49833401164864,,,,,
gauss-d2,2,2,45,std,12,8.136946225963415e-05,0.5631586724531344,0.0,0.46258501762696524,,,,
gauss-d2,2,2,45,acc,7,3.850265414955743e-05,0.5631586724531344,95.55553837618002,,,,,
gauss-d2,2,2,46,std,13,8.419107188176697e-05,1.118662991513075,0.0,0.47460932771367065,,,,
gauss-d2,2,2,46,acc,7,4.469609161683293e-05,1.1186629915130752,95.41608993331118,,,,,
gauss-d2,2,2,47,std,11,7.177080956777409e-05,0.3101128752189668,0.0,0.4611613089392111,,,,
gauss-d2,2,2,47,acc,7,2.8175132043004535e-05,0.3101128752189668,95.44330708599561,,,,,
gauss-d2,2,2,48,std,12,7.134396844849785e-05,0.4855179697242149,0.0,0.46161049526155606,,,,
gauss-d2,2,2,48,acc,7,3.626247296610813e-05,0.48551796972421457,95.43375945132611,,,,,
gauss-d2,2,2,49,std,12,7.173587693252336e-05,0.49041706533287927,0.0,0.4617415684096162,,,,
gauss-d2,2,2,49,acc,7,3.639072879299749e-05,0.49041706533287927,95.487720487773,,,,,
gauss-d2,2,4,0,std,47,9.755418926033974e-05,8.143467204446031,0.0,0.13063185847335698,,,,
gauss-d2,2,4,0,acc,15,1.1531934436683191e-05,8.143467204446031,95.46611140390114,,,,,
gauss-d2,2,4,1,std,44,8.891815185975427e-05,4.628047468017717,0.0,0.12853272139209568,,,,
gauss-d2,2,4,1,acc,15,3.2904534017771344e-05,4.628047468017718,95.37256843679799,,,,,
gauss-d2,2,4,2,std,46,9.69251463454543e-05,8.05248538078302,0.0,0.1305875960452232,,,,
gauss-d2,2,4,2,acc,15,1.2002466724829848e-05,8.052485380783022,95.44460859848492,,,,,
gauss-d2,2,4,3,std,47,9.823962422633725e-05,8.285754691753715,0.0,0.13068368164148506,,,,
gauss-d2,2,4,3,acc,15,1.1024577724592602e-05,8.285754691753715,95.39221235461542,,,,,
gauss-d2,2,4,4,std,46,9.114028441727096e-05,7.274850676563327,0.0,0.130185614167406,,,,
gauss-d2,2,4,4,acc,15,1.6490912100364295e-05,7.274850676563327,95.44712632674265,,,,,
gauss-d2,2,4,5,std,45,8.865154844752213e-05,5.601626877577933,0.0,0.12945585609021285,,,,
gauss-d2,2,4,5,acc,15,2.654322365593302e-05,5.601626877577933,95.44813039471987,,,,,
gauss-d2,2,4,6,std,46,9.58794702921803e-05,7.871093734510698,0.0,0.1305111396648946,,,,
gauss-d2,2,4,6,acc,15,1.2793670959689075e-05,7.871093734510698,95.47358669491176,,,,,
gauss-d2,2,4,7,std,44,9.342965795378945e-05,4.992200777811063,0.0,0.12877500256919072,,,,
gauss-d2,2,4,7,acc,15,3.0458569180268342e-05,4.992200777811063,95.4835256332195,,,,,
gauss-d2,2,4,8,std,43,9.666768524141216e-05,4.381491130382578,0.0,0.12851139381262858,,,,
gauss-d2,2,4,8,acc,15,3.4604305363539504e-05,4.381491130382578,95.47731039152569,,,,,
gauss-d2,2,4,9,std,47,9.718472720763802e-05,8.145698507942937,0.0,0.1306119061710638,,,,
gauss-d2,2,4,9,acc,15,1.1808176564571567e-05,8.145698507942937,95.34877909543513,,,,,
gauss-d2,2,4,10,std,47,9.881380235227978e-05,8.465662354079987,0.0,0.13073462394376395,,,,
gauss-d2,2,4,10,acc,15,1.0604567302490319e-05,8.465662354079987,95.53882188775445,,,,,
gauss-d2,2,4,11,std,46,9.152845726121198e-05,7.250142674311775,0.0,0.13020296106870485,,,,
gauss-d2,2,4,11,acc,15,1.618240753238608e-05,7.250142674311775,95.38433602306374,,,,,
gauss-d2,2,4,12,std,44,8.924530546530231e-05,4.670319317329987,0.0,0.12855115452641422,,,,
gauss-d2,2,4,12,acc,15,3.2733063915604634e-05,4.670319317329984,95.4183120430916,,,,,
gauss-d2,2,4,13,std,44,9.671277003355308e-05,5.326852193536723,0.0,0.12944298010906125,,,,
gauss-d2,2,4,13,acc,15,2.8582192629951637e-05,5.326852193536723,95.50645627180582,,,,,
gauss-d2,2,4,14,std,46,9.544386842899773e-05,7.852851711160244,0.0,0.13048525473329362,,,,
gauss-d2,2,4,14,acc,15,1.3126762006559434e-05,7.852851711160244,95.47959320030827,,,,,
gauss-d2,2,4,15,std,45,9.960162455987208e-05,5.524835707030744,0.0,0.12910452368369213,,,,
gauss-d2,2,4,15,acc,15,2.687508778732371e-05,5.524835707030744,95.459693006591,,,,,
gauss-d2,2,4,16,std,46,9.358662375718099e-05,7.521276183637221,0.0,0.13034705091918608,,,,
gauss-d2,2,4,16,acc,15,1.4563015922720762e-05,7.521276183637221,95.45385570871683,,,,,
gauss-d2,2,4,17,std,47,9.967726725570829e-05,8.54814515703229,0.0,0.13078980962631395,,,,
gauss-d2,2,4,17,acc,15,9.979502291168345e-06,8.54814515703229,95.45557295927496,,,,,
gauss-d2,2,4,18,std,45,9.382902593347946e-05,6.105085294901488,0.0,0.12926399515854023,,,,
gauss-d2,2,4,18,acc,15,2.2956329864096753e-05,6.105085294901485,95.43355638421122,,,,,
gauss-d2,2,4,19,std,44,9.105045187856806e-05,4.798961302578257,0.0,0.1286474652125861,,,,
gauss-d2,2,4,19,acc,15,3.176946956459918e-05,4.798961302578257,95.41188397875541,,,,,
gauss-d2,2,4,20,std,46,9.270404994080918e-05,7.404097851813726,0.0,0.13028528765961092,,,,
gauss-d2,2,4,20,acc,15,1.5254459695190303e-05,7.404097851813726,95.44321544299684,,,,,
gauss-d2,2,4,21,std,46,9.918400441626812e-05,6.73734605420719,0.0,0.1301315065245734,,,,
gauss-d2,2,4,21,acc,15,1.9165182707514977e-05,6.73734605420719,95.37406957982049,,,,,
gauss-d2,2,4,22,std,47,9.897390789535138e-05,8.379737057952617,0.0,0.1307341120052987,,,,
gauss-d2,2,4,22,acc,15,1.0487160180440929e-05,8.379737057952616,95.41787859296069,,,,,
gauss-d2,2,4,23,std,46,9.758711302655307e-05,6.531874653781116,0.0,0.13002613204672864,,,,
gauss-d2,2,4,23,acc,15,2.029859674814817e-05,6.531874653781115,95.44969295740023,,,,,
gauss-d2,2,4,24,std,46,9.429331836984314e-05,7.636146327901089,0.0,0.13039842778108268,,,,
gauss-d2,2,4,24,acc,15,1.4013264544889642e-05,7.636146327901086,95.47412622494808,,,,,
gauss-d2,2,4,25,std,47,9.044418590001616e-05,8.961004174685636,0.0,0.13075532166392664,,,,
gauss-d2,2,4,25,acc,15,8.230220310985473e-06,8.961004174685636,95.39391399331247,,,,,
gauss-d2,2,4,26,std,47,9.828823836544737e-05,8.259135220422257,0.0,0.13068418545889446,,,,
gauss-d2,2,4,26,acc,15,1.09886213779212e-05,8.259135220422257,95.44456020852734,,,,,
gauss-d2,2,4,27,std,46,9.657639724351685e-05,7.9941475170766045,0.0,0.1305624520343918,,,,
gauss-d2,2,4,27,acc,15,1.2265143430686617e-05,7.9941475170766045,95.45113303394227,,,,,
gauss-d2,2,4,28,std,44,9.441866135018531e-05,5.128214840707281,0.0,0.12930838204570197,,,,
gauss-d2,2,4,28,acc,15,2.990138152002862e-05,5.128214840707281,95.4447047358562,,,,,
gauss-d2,2,4,29,std,46,9.130252452365165e-05,7.226951632682824,0.0,0.13018770729433252,,,,
gauss-d2,2,4,29,acc,15,1.6361553197195607e-05,7.226951632682826,95.41006526249365,,,,,
gauss-d2,2,4,30,std,46,9.363282915023259e-05,7.545823614420917,0.0,0.13035204384128796,,,,
gauss-d2,2,4,30,acc,15,1.4527053322093778e-05,7.545823614420917,95.4524456749075,,,,,
gauss-d2,2,4,31,std,47,8.958647431012157e-05,8.844835985584188,0.0,0.13069290077639426,,,,
gauss-d2,2,4,31,acc,15,8.896129221767205e-06,8.844835985584188,95.39805194304091,,,,,
gauss-d2,2,4,32,std,46,8.904737682892058e-05,6.900379908165349,0.0,0.13002597788553963,,,,
gauss-d2,2,4,32,acc,15,1.8159372931283392e-05,6.900379908165349,95.47160663221861,,,,,
gauss-d2,2,4,33,std,46,8.918240780453855e-05,6.894168234914116,0.0,0.1300330614466624,,,,
gauss-d2,2,4,33,acc,15,1.805119182085737e-05,6.894168234914116,95.42153646595705,,,,,
gauss-d2,2,4,34,std,44,9.541841374860645e-05,5.197400854048752,0.0,0.12936291949210205,,,,
gauss-d2,2,4,34,acc,15,2.9330570344236878e-05,5.197400854048752,95.38137744640835,,,,,
gauss-d2,2,4,35,std,46,9.278289717548974e-05,7.410468713678148,0.0,0.13029041711329703,,,,
gauss-d2,2,4,35,acc,15,1.519247034945777e-05,7.410468713678148,95.4415570777896,,,,,
gauss-d2,2,4,36,std,46,9.447977774186544e-05,7.679276910202788,0.0,0.13041313623328207,,,,
gauss-d2,2,4,36,acc,15,1.3868895008586276e-05,7.679276910202788,95.44329076884952,,,,,
gauss-d2,2,4,37,std,45,9.663541550828866e-05,6.425289967891743,0.0,0.12996511256284998,,,,
gauss-d2,2,4,37,acc,15,2.097373039584002e-05,6.425289967891741,95.42947172550669,,,,,
gauss-d2,2,4,38,std,47,9.797556101153598e-05,8.207698816230554,0.0,0.13066170052610132,,,,
gauss-d2,2,4,38,acc,15,1.1219257582186626e-05,8.207698816230552,95.42646626548998,,,,,
gauss-d2,2,4,39,std,46,9.020560121517952e-05,7.033564963647393,0.0,0.13010573516641383,,,,
gauss-d2,2,4,39,acc,15,1.7233847331646592e-05,7.033564963647395,95.44455522268306,,,,,
gauss-d2,2,4,40,std,45,9.507079725020254e-05,6.255724576498011,0.0,0.12986515852421732,,,,
gauss-d2,2,4,40,acc,15,2.208117366408381e-05,6.255724576498013,95.45597792197754,,,,,
gauss-d2,2,4,41,std,45,9.103969943391813e-05,5.923207460521376,0.0,0.1296213293029894,,,,
gauss-d2,2,4,41,acc,15,2.490478133293045e-05,5.923207460521376,95.47850053899722,,,,,
gauss-d2,2,4,42,std,46,9.335507508602577e-05,7.516433704448719,0.0,0.130333746380669,,,,
gauss-d2,2,4,42,acc,15,1.474411485421428e-05,7.516433704448719,95.3113750085096,,,,,
gauss-d2,2,4,43,std,47,8.990174232495311e-05,8.830437263959388,0.0,0.13071048577373318,,,,
gauss-d2,2,4,43,acc,15,8.64916214859262e-06,8.830437263959384,95.42808352038455,,,,,
gauss-d2,2,4,44,std,47,9.780127135994472e-05,8.2094251315088,0.0,0.13065181719284213,,,,
gauss-d2,2,4,44,acc,15,1.1348479905769767e-05,8.2094251315088,95.49012503890889,,,,,
gauss-d2,2,4,45,std,46,9.057297198683881e-05,7.085673291750789,0.0,0.13013199283341634,,,,
gauss-d2,2,4,45,acc,15,1.6941150156493555e-05,7.085673291750789,95.4963303249257,,,,,
gauss-d2,2,4,46,std,47,8.945700961342576e-05,8.820288368762434,0.0,0.1306827359743993,,,,
gauss-d2,2,4,46,acc,15,8.997916797635725e-06,8.820288368762434,95.47669304606492,,,,,
gauss-d2,2,4,47,std,45,9.185211904130103e-05,5.912025841069261,0.0,0.12965868573185113,,,,
gauss-d2,2,4,47,acc,15,2.4339966474830303e-05,5.912025841069261,95.45346440992384,,,,,
gauss-d2,2,4,48,std,46,9.961788242847033e-05,6.761208412717677,0.0,0.13015597732686682,,,,
gauss-d2,2,4,48,acc,15,1.885714562450843e-05,6.761208412717677,95.50647447571592,,,,,
gauss-d2,2,4,49,std,46,9.972676443563942e-05,6.775898338612727,0.0,0.13016319110593838,,,,
gauss-d2,2,4,49,acc,15,1.8779923819839198e-05,6.775898338612727,95.43002960385671,,,,,
gauss-d2,2,8,0,std,180,9.77772380168461e-05,46.699342670693596,0.0,0.033952190519121475,,,,
gauss-d2,2,8,0,acc,30,2.9301322687248644e-06,46.699342670693596,95.38336429728243,,,,,
gauss-d2,2,8,1,std,178,9.925570110937143e-05,37.37665381687586,0.0,0.033644852437697,,,,
gauss-d2,2,8,1,acc,30,1.1341056963874636e-05,37.37665381687587,95.40501320921062,,,,,
gauss-d2,2,8,2,std,180,9.762140412175775e-05,46.459758216805774,0.0,0.03394800002572126,,,,
gauss-d2,2,8,2,acc,30,3.0536321782410545e-06,46.459758216805774,95.41545322420438,,,,,
gauss-d2,2,8,3,std,181,9.79465240207155e-05,47.00498523225663,0.0,0.03395675061319955,,,,
gauss-d2,2,8,3,acc,30,2.7988915250225926e-06,47.00498523225663,95.44499989146806,,,,,
gauss-d2,2,8,4,std,180,9.921550367070209e-05,44.36767272266006,0.0,0.03392578207106271,,,,
gauss-d2,2,8,4,acc,30,4.3283725757439025e-06,44.36767272266006,95.39979080010556,,,,,
gauss-d2,2,8,5,std,179,9.881356413747253e-05,40.057727893916294,0.0,0.03379557613481458,,,,
gauss-d2,2,8,5,acc,30,8.021397296925608e-06,40.05772789391629,95.37893850006468,,,,,
gauss-d2,2,8,6,std,180,9.73613448478957e-05,46.034006366320035,0.0,0.03394101729355557,,,,
gauss-d2,2,8,6,acc,30,3.265433689964805e-06,46.03400636632005,95.49044660389077,,,,,
gauss-d2,2,8,7,std,178,9.726829612838502e-05,38.41773410579911,0.0,0.03370489291292217,,,,
gauss-d2,2,8,7,acc,30,9.93220713144137e-06,38.41773410579911,95.43138359065405,,,,,
gauss-d2,2,8,8,std,178,9.84258091043036e-05,36.63297214173878,0.0,0.033627347858648314,,,,
gauss-d2,2,8,8,acc,30,1.2455023310846079e-05,36.63297214173877,95.42438873165797,,,,,
gauss-d2,2,8,9,std,180,9.768576580205211e-05,46.61414428982981,0.0,0.03394973318810705,,,,
gauss-d2,2,8,9,acc,30,3.0023134195753045e-06,46.61414428982981,95.39717025011886,,,,,
gauss-d2,2,8,10,std,181,9.808791802915114e-05,47.32292098233252,0.0,0.03402826455551006,,,,
gauss-d2,2,8,10,acc,30,2.6916162944122423e-06,47.32292098233252,95.40945949243975,,,,,
gauss-d2,2,8,11,std,180,9.931751776596706e-05,44.428514221085216,0.0,0.033928421752922454,,,,
gauss-d2,2,8,11,acc,30,4.234905945368938e-06,44.428514221085216,95.44428018125821,,,,,
gauss-d2,2,8,12,std,178,9.933598697486022e-05,37.46768841731936,0.0,0.03369803305654317,,,,
gauss-d2,2,8,12,acc,30,1.1235423316100331e-05,37.46768841731935,95.46250389278515,,,,,
gauss-d2,2,8,13,std,179,9.802825913639117e-05,39.25187168605738,0.0,0.033777043673611715,,,,
gauss-d2,2,8,13,acc,30,8.971319642052536e-06,39.25187168605738,95.47802080137843,,,,,
gauss-d2,2,8,14,std,180,9.725263596838292e-05,45.91491654007119,0.0,0.03393810571122547,,,,
gauss-d2,2,8,14,acc,30,3.356070963035986e-06,45.914916540071204,95.36610940820167,,,,,
gauss-d2,2,8,15,std,179,9.86880730484991e-05,39.8949916758003,0.0,0.033737024302967954,,,,
gauss-d2,2,8,15,acc,30,8.170177722629334e-06,39.894991675800306,95.42912622052066,,,,,
gauss-d2,2,8,16,std,180,9.985528664691219e-05,45.15925685315165,0.0,0.033942395721885794,,,,
gauss-d2,2,8,16,acc,30,3.758491333548131e-06,45.15925685315165,95.50581546973615,,,,,
gauss-d2,2,8,17,std,181,9.829984197979973e-05,47.615093829883335,0.0,0.03403428598044295,,,,
gauss-d2,2,8,17,acc,30,2.534842756683571e-06,47.61509382988332,95.43604816285826,,,,,
gauss-d2,2,8,18,std,179,9.70460345885403e-05,41.484683487881824,0.0,0.033810576257574325,,,,
gauss-d2,2,8,18,acc,30,6.540194644929793e-06,41.48468348788181,95.45810839731578,,,,,
gauss-d2,2,8,19,std,178,9.977679621589464e-05,37.86626645402973,0.0,0.033707701275470875,,,,
gauss-d2,2,8,19,acc,30,1.0662348328114185e-05,37.86626645402973,95.4586645208685,,,,,
gauss-d2,2,8,20,std,180,9.962532438325018e-05,44.84371963468775,0.0,0.03393641319260886,,,,
gauss-d2,2,8,20,acc,30,3.95884603393917e-06,44.84371963468775,95.45785027741819,,,,,
gauss-d2,2,8,21,std,180,9.83276981926847e-05,43.10586286611022,0.0,0.03384199409713485,,,,
gauss-d2,2,8,21,acc,30,5.1825358021558905e-06,43.10586286611022,95.45014641499462,,,,,
gauss-d2,2,8,22,std,181,9.81272776016482e-05,47.27568200342453,0.0,0.033961624182385915,,,,
gauss-d2,2,8,22,acc,30,2.6621349179561043e-06,47.275682003424514,95.42946365987748,,,,,
gauss-d2,2,8,23,std,180,9.794865518676296e-05,42.60140367154778,0.0,0.03383267718435367,,,,
gauss-d2,2,8,23,acc,30,5.5690325206691405e-06,42.601403671547764,95.44397930618615,,,,,
gauss-d2,2,8,24,std,180,9.696443688721364e-05,45.434399359603226,0.0,0.03393038989613938,,,,
gauss-d2,2,8,24,acc,30,3.6023084806466013e-06,45.434399359603226,95.43335757128588,,,,,
gauss-d2,2,8,25,std,181,9.890959197356858e-05,48.651506583805386,0.0,0.034051715381245753,,,,
gauss-d2,2,8,25,acc,30,2.1108549620242407e-06,48.651506583805386,95.42292534992177,,,,,
gauss-d2,2,8,26,std,181,9.795851008909812e-05,46.99000970294787,0.0,0.033957072157761566,,,,
gauss-d2,2,8,26,acc,30,2.7897148835255137e-06,46.99000970294787,94.98272593422303,,,,,
gauss-d2,2,8,27,std,180,9.753481113823105e-05,46.31955880579677,0.0,0.03394567349932492,,,,
gauss-d2,2,8,27,acc,30,3.123366825665208e-06,46.31955880579677,95.49147405873951,,,,,
gauss-d2,2,8,28,std,178,9.749838549433579e-05,38.70355018892343,0.0,0.033710086734744925,,,,
gauss-d2,2,8,28,acc,30,9.63707615960781e-06,38.70355018892343,95.4634493887671,,,,,
gauss-d2,2,8,29,std,180,9.92581642846671e-05,44.35548773252828,0.0,0.03392688316675782,,,,
gauss-d2,2,8,29,acc,30,4.289167407806748e-06,44.35548773252828,95.43520653716377,,,,,
gauss-d2,2,8,30,std,180,9.986729951737099e-05,45.19424345894919,0.0,0.03394270936515866,,,,
gauss-d2,2,8,30,acc,30,3.748164548372262e-06,45.19424345894919,95.43938975252915,,,,,
gauss-d2,2,8,31,std,181,9.8674364918519e-05,48.29106654469972,0.0,0.034044988256777764,,,,
gauss-d2,2,8,31,acc,30,2.2696336755275475e-06,48.29106654469972,95.41378217467344,,,,,
gauss-d2,2,8,32,std,180,9.866219465821946e-05,43.537687907723125,0.0,0.03385023361270351,,,,
gauss-d2,2,8,32,acc,30,4.852214787882128e-06,43.537687907723125,95.40707674761985,,,,,
gauss-d2,2,8,33,std,180,9.869806177971799e-05,43.56058415026966,0.0,0.03385111783236986,,,,
gauss-d2,2,8,33,acc,30,4.8174007840297894e-06,43.56058415026966,95.46270183485413,,,,,
gauss-d2,2,8,34,std,178,9.77299542639417e-05,38.92473589302309,0.0,0.03371531884000554,,,,
gauss-d2,2,8,34,acc,30,9.343715945186598e-06,38.92473589302309,95.41178162968862,,,,,
gauss-d2,2,8,35,std,180,9.964590772543885e-05,44.867732142054635,0.0,0.033936948065333025,,,,
gauss-d2,2,8,35,acc,30,3.940706653043525e-06,44.867732142054635,95.42880786193466,,,,,
gauss-d2,2,8,36,std,180,9.701124831461294e-05,45.52003782129327,0.0,0.0339316422338823,,,,
gauss-d2,2,8,36,acc,30,3.5617276840848475e-06,45.52003782129327,95.43213413795308,,,,,
gauss-d2,2,8,37,std,179,9.772149550946012e-05,42.31835049558958,0.0,0.03382710401125335,,,,
gauss-d2,2,8,37,acc,30,5.806772004976505e-06,42.31835049558958,95.40733109741738,,,,,
gauss-d2,2,8,38,std,180,9.78813705677338e-05,46.863816933709224,0.0,0.03395499380581909,,,,
gauss-d2,2,8,38,acc,30,2.849041473427875e-06,46.863816933709224,95.45764089760907,,,,,
gauss-d2,2,8,39,std,180,9.896908569847172e-05,43.92178565016625,0.0,0.033857808017439615,,,,
gauss-d2,2,8,39,acc,30,4.5581615810029935e-06,43.921785650166264,95.41654165038261,,,,,
gauss-d2,2,8,40,std,179,9.734595623586001e-05,41.86129277327398,0.0,0.03381790704617511,,,,
gauss-d2,2,8,40,acc,30,6.209689814212031e-06,41.86129277327398,95.00944438148385,,,,,
gauss-d2,2,8,41,std,179,9.942141239401014e-05,40.80175923643141,0.0,0.03386900664689085,,,,
gauss-d2,2,8,41,acc,30,7.317410022690401e-06,40.80175923643141,95.50804212121975,,,,,
gauss-d2,2,8,42,std,180,9.979504725692902e-05,45.10218320018974,0.0,0.0339408289787594,,,,
gauss-d2,2,8,42,acc,30,3.8104849583825574e-06,45.10218320018973,95.34178348054488,,,,,
gauss-d2,2,8,43,std,181,9.876095032868536e-05,48.36601938450103,0.0,0.03404745198936318,,,,
gauss-d2,2,8,43,acc,30,2.2104866912921797e-06,48.36601938450103,95.42947620201089,,,,,
gauss-d2,2,8,44,std,180,9.783832352623298e-05,46.82401131414133,0.0,0.03395383588224932,,,,
gauss-d2,2,8,44,acc,30,2.8824236155103737e-06,46.82401131414133,95.36569546042585,,,,,
gauss-d2,2,8,45,std,180,9.906607014022704e-05,44.054079953701155,0.0,0.033860204849733705,,,,
gauss-d2,2,8,45,acc,30,4.467046147663616e-06,44.054079953701155,95.4045088657606,,,,,
gauss-d2,2,8,46,std,181,9.863876711227806e-05,48.22997015431533,0.0,0.03404397010798776,,,,
gauss-d2,2,8,46,acc,30,2.294187381939857e-06,48.22997015431533,95.41124651891622,,,,,
gauss-d2,2,8,47,std,179,9.962666088600067e-05,40.93562260577855,0.0,0.03381484690721168,,,,
gauss-d2,2,8,47,acc,30,7.086047312333479e-06,40.93562260577855,95.46556566348154,,,,,
gauss-d2,2,8,48,std,180,9.843023165542232e-05,43.21161295027475,0.0,0.03384451758121888,,,,
gauss-d2,2,8,48,acc,30,5.080202708942243e-06,43.21161295027475,95.47851126434,,,,,
gauss-d2,2,8,49,std,180,9.845593235485207e-05,43.246897793869366,0.0,0.03384515048772749,,,,
gauss-d2,2,8,49,acc,30,5.054701352651696e-06,43.246897793869366,95.54654889195973,,,,,
gauss-d2,2,16,0,std,715,9.923968336939329e-05,219.8841957124055,0.0,0.008612397858624046,,,,
gauss-d2,2,16,0,acc,59,3.769662944661141e-05,219.8841957124055,95.3648128662021,,,,,
gauss-d2,2,16,1,std,712,9.965691289846347e-05,198.92175522097162,0.0,0.008570759708378447,,,,
gauss-d2,2,16,1,acc,59,4.4170894761969004e-05,198.92175522097162,95.43501764645407,,,,,
gauss-d2,2,16,2,std,715,9.998198285357182e-05,219.34789448789653,0.0,0.008613248135704873,,,,
gauss-d2,2,16,2,acc,59,3.7813805418561094e-05,219.34789448789653,95.42610688369658,,,,,
gauss-d2,2,16,3,std,715,9.928249472396233e-05,220.51594456926964,0.0,0.008618278763983103,,,,
gauss-d2,2,16,3,acc,59,3.757048839700145e-05,220.51594456926964,95.36526382193041,,,,,
gauss-d2,2,16,4,std,714,9.960949740540036e-05,214.6286662856508,0.0,0.00861011101616288,,,,
gauss-d2,2,16,4,acc,59,3.895387127481834e-05,214.6286662856508,95.44717947707545,,,,,
gauss-d2,2,16,5,std,713,9.952512948770836e-05,205.03470987938826,0.0,0.00858883017548409,,,,
gauss-d2,2,16,5,acc,59,4.1840112538904864e-05,205.0347098793882,95.40711704083363,,,,,
gauss-d2,2,16,6,std,715,9.99155810238999e-05,218.43409869182344,0.0,0.008612687350975338,,,,
gauss-d2,2,16,6,acc,59,3.80115651372288e-05,218.4340986918235,95.41440509792218,,,,,
gauss-d2,2,16,7,std,713,9.992368227902323e-05,201.32432628331702,0.0,0.008577392226169208,,,,
gauss-d2,2,16,7,acc,59,4.320144188672999e-05,201.32432628331702,95.41774832432873,,,,,
gauss-d2,2,16,8,std,712,9.945421392949447e-05,197.1774306643673,0.0,0.008569277372890746,,,,
gauss-d2,2,16,8,acc,59,4.492179789672944e-05,197.1774306643673,95.39642830516341,,,,,
gauss-d2,2,16,9,std,715,9.999840416933387e-05,219.62443240292254,0.0,0.008618900127900795,,,,
gauss-d2,2,16,9,acc,59,3.7765288162681585e-05,219.62443240292254,95.44126996714205,,,,,
gauss-d2,2,16,10,std,715,9.931822633033223e-05,221.10937199909506,0.0,0.00862425127016528,,,,
gauss-d2,2,16,10,acc,59,3.7466064198183983e-05,221.10937199909506,95.42507701099753,,,,,
gauss-d2,2,16,11,std,714,9.963488990926209e-05,214.86063365584687,0.0,0.008604998632433615,,,,
gauss-d2,2,16,11,acc,59,3.887387472210381e-05,214.86063365584687,95.44539025051495,,,,,
gauss-d2,2,16,12,std,712,9.96764856520567e-05,199.11090662020226,0.0,0.008575551596242664,,,,
gauss-d2,2,16,12,acc,59,4.409902754979201e-05,199.11090662020226,95.3914256105105,,,,,
gauss-d2,2,16,13,std,713,9.933093899040443e-05,203.16227981686913,0.0,0.008587319542950974,,,,
gauss-d2,2,16,13,acc,59,4.252460635862081e-05,203.16227981686913,95.45817098061191,,,,,
gauss-d2,2,16,14,std,715,9.98878003172568e-05,218.11354623824735,0.0,0.008612452934081307,,,,
gauss-d2,2,16,14,acc,59,3.809503773063907e-05,218.11354623824735,95.40371443007741,,,,,
gauss-d2,2,16,15,std,713,9.949414117100229e-05,204.69942151175147,0.0,0.008583702878791268,,,,
gauss-d2,2,16,15,acc,59,4.1948454742974164e-05,204.69942151175147,95.4052249289417,,,,,
gauss-d2,2,16,16,std,715,9.976855818655435e-05,216.51040066373352,0.0,0.00860610061094335,,,,
gauss-d2,2,16,16,acc,59,3.84580892070531e-05,216.51040066373352,95.40502509877417,,,,,
gauss-d2,2,16,17,std,715,9.937173694029959e-05,221.81997297107137,0.0,0.008619055641036757,,,,
gauss-d2,2,16,17,acc,59,3.731117399503447e-05,221.8199729710713,95.40740316860959,,,,,
gauss-d2,2,16,18,std,714,9.984748348627892e-05,208.31451024807023,0.0,0.008591346735286318,,,,
gauss-d2,2,16,18,acc,59,4.0734086959288464e-05,208.31451024807018,95.39117661477648,,,,,
gauss-d2,2,16,19,std,713,9.97838344087721e-05,200.05251442976692,0.0,0.00857635025389114,,,,
gauss-d2,2,16,19,acc,59,4.370692203159096e-05,200.05251442976692,95.3845904076989,,,,,
gauss-d2,2,16,20,std,715,9.971143744217335e-05,215.7982991982293,0.0,0.008605629400085408,,,,
gauss-d2,2,16,20,acc,59,3.863465721400377e-05,215.7982991982293,95.38500864295686,,,,,
gauss-d2,2,16,21,std,714,9.938803177723075e-05,211.91722364151462,0.0,0.008597797015298758,,,,
gauss-d2,2,16,21,acc,59,3.9664578311041435e-05,211.91722364151468,95.39302125724221,,,,,
gauss-d2,2,16,22,std,715,9.93281686380125e-05,221.13933856416955,0.0,0.008618676194893794,,,,
gauss-d2,2,16,22,acc,59,3.7437149007299095e-05,221.13933856416955,95.38641813102304,,,,,
gauss-d2,2,16,23,std,714,9.929321630433412e-05,210.81395150868448,0.0,0.008597034186049624,,,,
gauss-d2,2,16,23,acc,59,3.997567834757975e-05,210.81395150868448,95.37204693395428,,,,,
gauss-d2,2,16,24,std,715,9.981408326744691e-05,217.10588659774604,0.0,0.008611831469747918,,,,
gauss-d2,2,16,24,acc,59,3.831858288956026e-05,217.10588659774604,95.43189279600674,,,,,
gauss-d2,2,16,25,std,715,9.952539709160227e-05,224.10000174260395,0.0,0.008626099267976535,,,,
gauss-d2,2,16,25,acc,59,3.687680304944891e-05,224.10000174260395,95.41242986257905,,,,,
gauss-d2,2,16,26,std,715,9.92855246378637e-05,220.52421121858612,0.0,0.008612788093851851,,,,
gauss-d2,2,16,26,acc,59,3.7561603101744084e-05,220.52421121858612,95.34853548634206,,,,,
gauss-d2,2,16,27,std,715,9.995988166188428e-05,219.0442162085225,0.0,0.008613061409027022,,,,
gauss-d2,2,16,27,acc,59,3.78793494037466e-05,219.0442162085225,95.36021265815702,,,,,
gauss-d2,2,16,28,std,713,9.998128066476646e-05,201.91126971667614,0.0,0.008582589231068957,,,,
gauss-d2,2,16,28,acc,59,4.2995050821906244e-05,201.91126971667614,95.4248404610243,,,,,
gauss-d2,2,16,29,std,714,9.962011751878976e-05,214.6879230276112,0.0,0.008604876997023324,,,,
gauss-d2,2,16,29,acc,59,3.8920375195563434e-05,214.6879230276112,95.40423034974951,,,,,
gauss-d2,2,16,30,std,715,9.977154048644403e-05,216.56625460803474,0.0,0.008611473191400362,,,,
gauss-d2,2,16,30,acc,59,3.844891693571134e-05,216.56625460803468,95.36664291898755,,,,,
gauss-d2,2,16,31,std,715,9.946617196002726e-05,223.25250207474315,0.0,0.008625570120078058,,,,
gauss-d2,2,16,31,acc,59,3.7042341562925664e-05,223.25250207474315,95.36318210240786,,,,,
gauss-d2,2,16,32,std,714,9.947157397038886e-05,212.8871765354918,0.0,0.00860365553968121,,,,
gauss-d2,2,16,32,acc,59,3.939380026094213e-05,212.8871765354918,95.42313052832421,,,,,
gauss-d2,2,16,33,std,714,9.948052471538821e-05,212.96833590900349,0.0,0.008598542224893133,,,,
gauss-d2,2,16,33,acc,59,3.9364978513576655e-05,212.96833590900349,95.41643814455328,,,,,
gauss-d2,2,16,34,std,713,9.925700517804219e-05,202.43793861188772,0.0,0.008581889713702478,,,,
gauss-d2,2,16,34,acc,59,4.278861603449532e-05,202.43793861188772,95.37613032391369,,,,,
gauss-d2,2,16,35,std,715,9.971655254467811e-05,215.85758563462346,0.0,0.008605671578219284,,,,
gauss-d2,2,16,35,acc,59,3.8618777385962706e-05,215.85758563462346,95.36027860673246,,,,,
gauss-d2,2,16,36,std,715,9.982606357996499e-05,217.2764758716831,0.0,0.008611932412515547,,,,
gauss-d2,2,16,36,acc,59,3.828205324095217e-05,217.2764758716831,95.40605458107973,,,,,
gauss-d2,2,16,37,std,714,9.923631848692341e-05,210.17735311185032,0.0,0.008596576947432693,,,,
gauss-d2,2,16,37,acc,59,4.0164243285285665e-05,210.17735311185032,95.38313415900103,,,,,
gauss-d2,2,16,38,std,715,9.92660218449258e-05,220.24879299974376,0.0,0.008612622031185782,,,,
gauss-d2,2,16,38,acc,59,3.761889347582252e-05,220.24879299974376,95.42314099512456,,,,,
gauss-d2,2,16,39,std,714,9.95481140938434e-05,213.7734318861045,0.0,0.008599087458690096,,,,
gauss-d2,2,16,39,acc,59,3.9148546791016245e-05,213.7734318861045,95.39405233165921,,,,,
gauss-d2,2,16,40,std,714,9.99234111543814e-05,209.1441385394579,0.0,0.008591941135026628,,,,
gauss-d2,2,16,40,acc,59,4.047939389101307e-05,209.14413853945797,95.36645038595344,,,,,
gauss-d2,2,16,41,std,713,9.96749976278459e-05,206.62660606666162,0.0,0.00859500457826192,,,,
gauss-d2,2,16,41,acc,59,4.132105084484524e-05,206.62660606666162,95.3491815166896,,,,,
gauss-d2,2,16,42,std,715,9.975360083716231e-05,216.3489153585745,0.0,0.008611322192602121,,,,
gauss-d2,2,16,42,acc,59,3.8504161502745174e-05,216.3489153585745,95.43970337543003,,,,,
gauss-d2,2,16,43,std,715,9.948798014120831e-05,223.5056323666283,0.0,0.008620069651012993,,,,
gauss-d2,2,16,43,acc,59,3.698110544403995e-05,223.5056323666283,95.4084004002447,,,,,
gauss-d2,2,16,44,std,715,9.92551354167745e-05,220.12607680135986,0.0,0.008618040869819448,,,,
gauss-d2,2,16,44,acc,59,3.76509732758273e-05,220.12607680135986,95.35812991704977,,,,,
gauss-d2,2,16,45,std,714,9.957228108012535e-05,214.06616832406152,0.0,0.00860448331702653,,,,
gauss-d2,2,16,45,acc,59,3.907168527158937e-05,214.06616832406152,95.42528795971656,,,,,
gauss-d2,2,16,46,std,715,9.945720333872504e-05,223.11851740650076,0.0,0.008625490049379172,,,,
gauss-d2,2,16,46,acc,59,3.706761860261705e-05,223.11851740650076,95.43397397690828,,,,,
gauss-d2,2,16,47,std,714,9.972551610053226e-05,207.05146525840607,0.0,0.008590393234211471,,,,
gauss-d2,2,16,47,acc,59,4.11479585292196e-05,207.05146525840607,95.40627243607278,,,,,
gauss-d2,2,16,48,std,714,9.941365301029646e-05,212.18693614023582,0.0,0.008598003338122962,,,,
gauss-d2,2,16,48,acc,59,3.9581197546754467e-05,212.18693614023582,95.37529196032558,,,,,
gauss-d2,2,16,49,std,714,9.942007334576633e-05,212.26345497430572,0.0,0.008598055052520745,,,,
gauss-d2,2,16,49,acc,59,3.956034985258452e-05,212.26345497430572,95.3627900690455,,,,,
gauss-d2,2,32,0,std,2852,9.99880895840282e-05,950.312902582792,0.0,0.0021668563240242527,,,,
gauss-d2,2,32,0,acc,118,8.345022718256323e-05,950.312902582792,95.16680799341042,,,,,
gauss-d2,2,32,1,std,2849,9.989922009122874e-05,906.1017488626424,0.0,0.002160766656413475,,,,
gauss-d2,2,32,1,acc,118,8.500081390272647e-05,906.1017488626424,95.37975564329055,,,,,
gauss-d2,2,32,2,std,2852,9.997816152866601e-05,949.1842607603373,0.0,0.0021668312142408227,,,,
gauss-d2,2,32,2,acc,118,8.347533153107642e-05,949.1842607603373,95.40351872946407,,,,,
gauss-d2,2,32,3,std,2852,9.999886443620883e-05,951.5956456148928,0.0,0.002167304347885855,,,,
gauss-d2,2,32,3,acc,118,8.342339476647906e-05,951.5956456148928,95.32856725239891,,,,,
gauss-d2,2,32,4,std,2851,9.98850452145119e-05,939.2197461066824,0.0,0.0021661818157678596,,,,
gauss-d2,2,32,4,acc,118,8.372749870212345e-05,939.2197461066824,95.35136893471012,,,,,
gauss-d2,2,32,5,std,2850,9.986491763759771e-05,919.0720059290494,0.0,0.002162947984341186,,,,
gauss-d2,2,32,5,acc,118,8.441318584019586e-05,919.0720059290494,95.34013842048988,,,,,
gauss-d2,2,32,6,std,2852,9.99615733382718e-05,947.2961417486121,0.0,0.0021663733648243457,,,,
gauss-d2,2,32,6,acc,118,8.351807458501642e-05,947.2961417486121,95.32470412089704,,,,,
gauss-d2,2,32,7,std,2850,9.996556625664274e-05,911.2249998567833,0.0,0.0021612882940340522,,,,
gauss-d2,2,32,7,acc,118,8.47534512475618e-05,911.2249998567833,94.26229757281583,,,,,
gauss-d2,2,32,8,std,2849,9.984875989108195e-05,902.3576133598032,0.0,0.0021602854193998886,,,,
gauss-d2,2,32,8,acc,118,8.519494743565101e-05,902.3576133598032,94.29230537457371,,,,,
gauss-d2,2,32,9,std,2852,9.998226305274124e-05,949.7046542403964,0.0,0.002167261985519159,,,,
gauss-d2,2,32,9,acc,118,8.346491646286577e-05,949.7046542403964,94.25171402942203,,,,,
gauss-d2,2,32,10,std,2852,9.981150317625934e-05,952.7390132644697,0.0,0.0021681029410140686,,,,
gauss-d2,2,32,10,acc,118,8.340133859226391e-05,952.7390132644697,94.2452570515314,,,,,
gauss-d2,2,32,11,std,2851,9.989139788300037e-05,939.7934170766979,0.0,0.0021653801859904324,,,,
gauss-d2,2,32,11,acc,118,8.370938254317374e-05,939.7934170766979,94.287380360764,,,,,
gauss-d2,2,32,12,std,2849,9.990409034786596e-05,906.4869793854662,0.0,0.0021607776970020095,,,,
gauss-d2,2,32,12,acc,118,8.498234578518254e-05,906.4869793854662,94.30203576288187,,,,,
gauss-d2,2,32,13,std,2850,9.981642021912943e-05,915.0686691598114,0.0,0.0021624511099466695,,,,
gauss-d2,2,32,13,acc,118,8.458316405954638e-05,915.0686691598114,94.26897161478212,,,,,
gauss-d2,2,32,14,std,2852,9.995463181665214e-05,946.5733803613343,0.0,0.002166771738611751,,,,
gauss-d2,2,32,14,acc,118,8.35362516883563e-05,946.5733803613343,94.24229865835822,,,,,
gauss-d2,2,32,15,std,2850,9.985718120311508e-05,918.3919901842215,0.0,0.0021625463560170843,,,,
gauss-d2,2,32,15,acc,118,8.443993136213884e-05,918.3919901842215,94.27244368304949,,,,,
gauss-d2,2,32,16,std,2851,9.99248271501621e-05,943.2781973848151,0.0,0.0021658700450447282,,,,
gauss-d2,2,32,16,acc,118,8.3616192981412e-05,943.2781973848149,94.27662974277706,,,,,
gauss-d2,2,32,17,std,2852,9.982493906412343e-05,954.2848623666478,0.0,0.002167708205875726,,,,
gauss-d2,2,32,17,acc,118,8.336889562055895e-05,954.2848623666475,94.36840420371963,,,,,
gauss-d2,2,32,18,std,2851,9.994533586626421e-05,926.0530977260233,0.0,0.0021635253476222998,,,,
gauss-d2,2,32,18,acc,118,8.41438922442525e-05,926.0530977260233,94.30943116714133,,,,,
gauss-d2,2,32,19,std,2850,9.993079482062406e-05,908.5137598446858,0.0,0.0021608382568034405,,,,
gauss-d2,2,32,19,acc,118,8.488194528398149e-05,908.5137598446858,94.28682479285135,,,,,
gauss-d2,2,32,20,std,2851,9.991054416720255e-05,941.7742961208273,0.0,0.002165834589546499,,,,
gauss-d2,2,32,20,acc,118,8.365556309876052e-05,941.7742961208273,94.25266156445466,,,,,
gauss-d2,2,32,21,std,2851,9.98296093369308e-05,933.6134638520145,0.0,0.0021648261256080746,,,,
gauss-d2,2,32,21,acc,118,8.389085891496485e-05,933.6134638520145,94.32524551246188,,,,,
gauss-d2,2,32,22,std,2852,9.981399982770915e-05,952.9230963376609,0.0,0.002167254901678849,,,,
gauss-d2,2,32,22,acc,118,8.339525700500061e-05,952.9230963376609,94.25690013427798,,,,,
gauss-d2,2,32,23,std,2851,9.980585946443334e-05,931.3142798588814,0.0,0.002163974995290528,,,,
gauss-d2,2,32,23,acc,118,8.396362889047382e-05,931.3142798588814,94.2461715190112,,,,,
gauss-d2,2,32,24,std,2852,9.993620805464655e-05,944.5132761052641,0.0,0.002165898308436329,,,,
gauss-d2,2,32,24,acc,118,8.358530953064824e-05,944.5132761052641,94.3470471267381,,,,,
gauss-d2,2,32,25,std,2852,9.986350242873962e-05,959.0471824029707,0.0,0.002168238483082905,,,,
gauss-d2,2,32,25,acc,118,8.327979485286963e-05,959.0471824029707,94.30530725367434,,,,,
gauss-d2,2,32,26,std,2852,9.999962693045712e-05,951.6503091019675,0.0,0.0021668855150654208,,,,
gauss-d2,2,32,26,acc,118,8.342151243621865e-05,951.6503091019675,94.29270113467751,,,,,
gauss-d2,2,32,27,std,2852,9.997264086801169e-05,948.5542204560102,0.0,0.0021664011079456555,,,,
gauss-d2,2,32,27,acc,118,8.348944685043075e-05,948.5542204560102,94.27305405319174,,,,,
gauss-d2,2,32,28,std,2850,9.997988157123966e-05,912.4136427752516,0.0,0.00216245126929113,,,,
gauss-d2,2,32,28,acc,118,8.470130377825728e-05,912.4136427752516,94.26390899131914,,,,,
gauss-d2,2,32,29,std,2851,9.98877022288739e-05,939.4216581286366,0.0,0.0021657779220798134,,,,
gauss-d2,2,32,29,acc,118,8.37199060585575e-05,939.4216581286366,94.27387298701862,,,,,
gauss-d2,2,32,30,std,2851,9.992557277175261e-05,943.3757153008347,0.0,0.0021658718964015877,,,,
gauss-d2,2,32,30,acc,118,8.36141563163497e-05,943.3757153008347,94.24802523929506,,,,,
gauss-d2,2,32,31,std,2852,9.984864232618837e-05,957.2275263176842,0.0,0.0021681997198389905,,,,
gauss-d2,2,32,31,acc,118,8.331340713027546e-05,957.2275263176842,94.26040904322795,,,,,
gauss-d2,2,32,32,std,2851,9.985052736082717e-05,935.6580750220759,0.0,0.002164877127369918,,,,
gauss-d2,2,32,32,acc,118,8.38281268330382e-05,935.6580750220759,94.25674550277337,,,,,
gauss-d2,2,32,33,std,2851,9.98527680771983e-05,935.8555844680835,0.0,0.0021644834527442263,,,,
gauss-d2,2,32,33,acc,118,8.382148422776854e-05,935.8555844680835,94.31085114541541,,,,,
gauss-d2,2,32,34,std,2850,9.999427144400698e-05,913.5506976597507,0.0,0.0021624848019627346,,,,
gauss-d2,2,32,34,acc,118,8.464933685607516e-05,913.5506976597507,94.27287022356293,,,,,
gauss-d2,2,32,35,std,2851,9.991182334054272e-05,941.9040133866336,0.0,0.0021654304655060164,,,,
gauss-d2,2,32,35,acc,118,8.365200973192884e-05,941.9040133866336,94.30258803646349,,,,,
gauss-d2,2,32,36,std,2852,9.993920265258943e-05,944.8534737796845,0.0,0.002166317319844556,,,,
gauss-d2,2,32,36,acc,118,8.357725621284395e-05,944.8534737796845,94.26105626688647,,,,,
gauss-d2,2,32,37,std,2851,9.998791610132084e-05,929.9715714895871,0.0,0.002164018228539408,,,,
gauss-d2,2,32,37,acc,118,8.40080808561048e-05,929.9715714895871,94.29800949336634,,,,,
gauss-d2,2,32,38,std,2852,9.999471875964117e-05,951.0770003283521,0.0,0.002166873095274658,,,,
gauss-d2,2,32,38,acc,118,8.343366728160405e-05,951.0770003283521,94.30009999843436,,,,,
gauss-d2,2,32,39,std,2851,9.986968548685027e-05,937.5471063511787,0.0,0.0021649238668137527,,,,
gauss-d2,2,32,39,acc,118,8.377182355907495e-05,937.5471063511787,94.2950348833867,,,,,
gauss-d2,2,32,40,std,2851,9.996426180492596e-05,927.7875908582708,0.0,0.002163961585111338,,,,
gauss-d2,2,32,40,acc,118,8.408292494326702e-05,927.7875908582708,94.30231955062114,,,,,
gauss-d2,2,32,41,std,2850,9.990231904474615e-05,922.3576989463794,0.0,0.0021642068338840084,,,,
gauss-d2,2,32,41,acc,118,8.428592861434506e-05,922.3576989463794,94.2636775151793,,,,,
gauss-d2,2,32,42,std,2851,9.992108743000182e-05,942.9082413735224,0.0,0.0021658607601105404,,,,
gauss-d2,2,32,42,acc,118,8.36264360051988e-05,942.9082413735224,94.26890107087618,,,,,
gauss-d2,2,32,43,std,2852,9.985411468157318e-05,957.8362974886795,0.0,0.0021677835641353426,,,,
gauss-d2,2,32,43,acc,118,8.330092184397932e-05,957.8362974886795,94.26887936614222,,,,,
gauss-d2,2,32,44,std,2852,9.999197883380981e-05,950.7887726889743,0.0,0.002167286774511682,,,,
gauss-d2,2,32,44,acc,118,8.344049186149657e-05,950.7887726889743,94.30970622480086,,,,,
gauss-d2,2,32,45,std,2851,9.987573319795648e-05,938.1602254109165,0.0,0.002164938626910274,,,,
gauss-d2,2,32,45,acc,118,8.37542835279443e-05,938.1602254109165,94.29263614282344,,,,,
gauss-d2,2,32,46,std,2852,9.984639165254959e-05,956.9480558197984,0.0,0.0021681938508614994,,,,
gauss-d2,2,32,46,acc,118,8.331857798607976e-05,956.9480558197984,94.2507837879234,,,,,
gauss-d2,2,32,47,std,2850,9.991492124664797e-05,923.3638554155757,0.0,0.0021630657821952977,,,,
gauss-d2,2,32,47,acc,118,8.424382903012874e-05,923.3638554155757,94.30530118282655,,,,,
gauss-d2,2,32,48,std,2851,9.983602540932987e-05,934.2106201773593,0.0,0.0021644429290390067,,,,
gauss-d2,2,32,48,acc,118,8.387148008342192e-05,934.2106201773593,94.3435306271998,,,,,
gauss-d2,2,32,49,std,2851,9.983763307918475e-05,934.3694852384632,0.0,0.0021644468193454318,,,,
gauss-d2,2,32,49,acc,118,8.386664327882098e-05,934.3694852384632,94.26768882890534,,,,,
gauss-d10,10,2,0,std,8,6.39065931851948e-05,0.3536809771395849,0.0,0.5551234523984944,,,,
gauss-d10,10,2,0,acc,6,1.740397875894751e-05,0.35368097713958485,94.77811886884622,,,,,
gauss-d10,10,2,1,std,13,8.670936535323375e-05,1.3976281751651412,0.0,0.4839067063854305,,,,
gauss-d10,10,2,1,acc,7,4.9495719922132745e-05,1.3976281751651412,94.86355461647686,,,,,
gauss-d10,10,2,2,std,11,9.655227404481152e-05,0.6079003270093425,0.0,0.48730698678848405,,,,
gauss-d10,10,2,2,acc,7,3.682193867217141e-05,0.6079003270093429,94.84848948198608,,,,,
gauss-d10,10,2,3,std,13,8.223075511830219e-05,1.1779199737709158,0.0,0.477820635847361,,,,
gauss-d10,10,2,3,acc,7,4.585884219330333e-05,1.1779199737709158,94.84231485891264,,,,,
gauss-d10,10,2,4,std,12,7.912230203609961e-05,0.9644168998313067,0.0,0.4958537206157556,,,,
gauss-d10,10,2,4,acc,7,4.671030513933569e-05,0.9644168998313069,94.82126992463466,,,,,
gauss-d10,10,2,5,std,7,7.762692138165665e-05,0.2665365443312406,0.0,0.6307159484819054,,,,
gauss-d10,10,2,5,acc,5,1.0534705718585449e-05,0.26653654433124047,94.81980123013993,,,,,
gauss-d10,10,2,6,std,13,8.171466407159487e-05,1.1912607541129696,0.0,0.47907059066506225,,,,
gauss-d10,10,2,6,acc,7,4.71052753310523e-05,1.1912607541129698,94.76886595712232,,,,,
gauss-d10,10,2,7,std,12,8.98451857736883e-05,0.9782763573714282,0.0,0.48974431584517963,,,,
gauss-d10,10,2,7,acc,7,4.670835705074478e-05,0.9782763573714284,94.78108114060083,,,,,
gauss-d10,10,2,8,std,12,8.834142129542536e-05,0.9324442266708812,0.0,0.48833015695228693,,,,
gauss-d10,10,2,8,acc,7,4.615340071408201e-05,0.9324442266708812,94.85650395100829,,,,,
gauss-d10,10,2,9,std,12,9.39334324245829e-05,1.0904272261086263,0.0,0.4933908927982887,,,,
gauss-d10,10,2,9,acc,7,4.915936268715907e-05,1.0904272261086254,94.73979561208454,,,,,
gauss-d10,10,2,10,std,8,8.165343956043236e-05,0.3916153479628729,0.0,0.5997072236394364,,,,
gauss-d10,10,2,10,acc,6,1.6800063002883562e-05,0.39161534796287323,94.81236906396661,,,,,
gauss-d10,10,2,11,std,12,6.729465168259969e-05,0.83092634040666,0.0,0.49566752615404824,,,,
gauss-d10,10,2,11,acc,7,4.230058946385243e-05,0.8309263404066602,94.78963289969795,,,,,
gauss-d10,10,2,12,std,10,6.992005677485753e-05,0.4952416845522756,0.0,0.5295343226453543,,,,
gauss-d10,10,2,12,acc,7,2.585412889304637e-05,0.49524168455227535,94.818765464476,,,,,
gauss-d10,10,2,13,std,8,9.386065594766961e-05,0.5230351672407999,0.0,0.6889459894514828,,,,
gauss-d10,10,2,13,acc,6,1.7375164675219237e-05,0.5230351672408,94.81384335848591,,,,,
gauss-d10,10,2,14,std,12,7.488719976100429e-05,0.6922146604120927,0.0,0.481070957597193,,,,
gauss-d10,10,2,14,acc,7,4.070972890236821e-05,0.6922146604120928,94.77458966541604,,,,,
gauss-d10,10,2,15,std,8,6.655564711914629e-05,0.22126953477760816,0.0,0.563533372720165,,,,
gauss-d10,10,2,15,acc,6,1.1616961056400631e-05,0.22126953477760797,94.73049019371794,,,,,
gauss-d10,10,2,16,std,10,9.242476065581886e-05,0.4912460369059588,0.0,0.5098006328204757,,,,
gauss-d10,10,2,16,acc,7,2.884545068540383e-05,0.49124603690595847,94.7816775822075,,,,,
gauss-d10,10,2,17,std,13,8.730531501074202e-05,1.2244431997793517,0.0,0.47701838449132516,,,,
gauss-d10,10,2,17,acc,7,4.5264819362227595e-05,1.2244431997793515,94.80961338354003,,,,,
gauss-d10,10,2,18,std,13,8.174650474105487e-05,1.2011551721799671,0.0,0.47933845363460403,,,,
gauss-d10,10,2,18,acc,7,4.70844369447377e-05,1.2011551721799671,94.82528643980936,,,,,
gauss-d10,10,2,19,std,9,7.448422873497192e-05,0.337505938025442,0.0,0.5400644873255198,,,,
gauss-d10,10,2,19,acc,6,1.8655415861747033e-05,0.3375059380254424,94.83138454875484,,,,,
gauss-d10,10,2,20,std,12,9.242567460496232e-05,0.9318737098208996,0.0,0.48569155398354885,,,,
gauss-d10,10,2,20,acc,7,4.571451800288482e-05,0.9318737098208992,94.80205590034883,,,,,
gauss-d10,10,2,21,std,11,9.185856241416935e-05,0.7657767841818908,0.0,0.5048677534983335,,,,
gauss-d10,10,2,21,acc,7,4.03757357159289e-05,0.7657767841818905,94.79244631984473,,,,,
gauss-d10,10,2,22,std,12,7.744213208574602e-05,0.8951265871840018,0.0,0.49273840790302914,,,,
gauss-d10,10,2,22,acc,7,4.4873700767849065e-05,0.8951265871840021,94.79847759423728,,,,,
gauss-d10,10,2,23,std,12,8.946993561702612e-05,0.8355024334936296,0.0,0.48140848170051903,,,,
gauss-d10,10,2,23,acc,7,4.356054176317848e-05,0.8355024334936296,94.72191029767748,,,,,
gauss-d10,10,2,24,std,10,8.510669169049598e-05,0.35292334659108815,0.0,0.4938729103358552,,,,
gauss-d10,10,2,24,acc,7,2.5425794355075297e-05,0.3529233465910883,94.81618302871813,,,,,
gauss-d10,10,2,25,std,13,7.555581765377909e-05,1.2739096546128346,0.0,0.4854689883882774,,,,
gauss-d10,10,2,25,acc,7,4.972844486750901e-05,1.2739096546128348,94.73766801611555,,,,,
gauss-d10,10,2,26,std,13,7.865541876810553e-05,1.089713464614843,0.0,0.4762775502299865,,,,
gauss-d10,10,2,26,acc,7,4.538431154026106e-05,1.0897134646148425,94.77430032863283,,,,,
gauss-d10,10,2,27,std,8,9.292579497104194e-05,0.3684206000713127,0.0,0.5805909878601326,,,,
gauss-d10,10,2,27,acc,6,1.6994987732291134e-05,0.36842060007131255,94.69312014481012,,,,,
gauss-d10,10,2,28,std,10,9.950746119282092e-05,0.6877885215764898,0.0,0.5286872033517244,,,,
gauss-d10,10,2,28,acc,7,3.4193215666209313e-05,0.6877885215764898,94.77348760866944,,,,,
gauss-d10,10,2,29,std,13,7.475139053211972e-05,1.0632087541596527,0.0,0.477177408246144,,,,
gauss-d10,10,2,29,acc,7,4.540717302105659e-05,1.0632087541596527,94.80460692965728,,,,,
gauss-d10,10,2,30,std,12,7.198303171570628e-05,0.6874506781600709,0.0,0.4822816709322034,,,,
gauss-d10,10,2,30,acc,7,3.9951768531655644e-05,0.687450678160071,94.78650653918304,,,,,
gauss-d10,10,2,31,std,13,7.040337969573408e-05,1.2011928800212077,0.0,0.4860892578896545,,,,
gauss-d10,10,2,31,acc,7,4.9714931778945456e-05,1.2011928800212082,94.816137997632,,,,,
gauss-d10,10,2,32,std,12,9.095447696843485e-05,1.015858109464602,0.0,0.4915201147125597,,,,
gauss-d10,10,2,32,acc,7,4.80590791030279e-05,1.0158581094646024,94.81302427125992,,,,,
gauss-d10,10,2,33,std,12,8.314650725582773e-05,0.7399572067009448,0.0,0.47912435590783686,,,,
gauss-d10,10,2,33,acc,7,4.200083846977631e-05,0.7399572067009457,94.73096413422026,,,,,
gauss-d10,10,2,34,std,8,7.579544202378884e-05,0.39800396869902704,0.0,0.6083276037015698,,,,
gauss-d10,10,2,34,acc,6,1.638940743337715e-05,0.39800396869902666,94.81858147378487,,,,,
gauss-d10,10,2,35,std,9,8.146094955239618e-05,0.5603763353075566,0.0,0.5744489346154598,,,,
gauss-d10,10,2,35,acc,6,2.429367000836497e-05,0.5603763353075568,94.81380600742816,,,,,
gauss-d10,10,2,36,std,13,8.062975278799573e-05,1.1851510222059396,0.0,0.4793109170308984,,,,
gauss-d10,10,2,36,acc,7,4.7038148171152925e-05,1.1851510222059396,94.60584850981087,,,,,
gauss-d10,10,2,37,std,13,8.252473379511752e-05,1.2902188939047698,0.0,0.4821686120840657,,,,
gauss-d10,10,2,37,acc,7,4.8351638535921185e-05,1.29021889390477,94.7788395803491,,,,,
gauss-d10,10,2,38,std,12,8.756830619208136e-05,0.8510783115175828,0.0,0.48379815680278304,,,,
gauss-d10,10,2,38,acc,7,4.427147379658017e-05,0.8510783115175827,94.84725973138583,,,,,
gauss-d10,10,2,39,std,11,9.434832670529593e-05,0.6264472859570609,0.0,0.4909890578252666,,,,
gauss-d10,10,2,39,acc,7,3.7426392654359125e-05,0.6264472859570605,94.69537637179258,,,,,
gauss-d10,10,2,40,std,11,7.778195033234416e-05,0.6145478745450779,0.0,0.5013519751580424,,,,
gauss-d10,10,2,40,acc,7,3.533439959009392e-05,0.6145478745450778,94.72777639090658,,,,,
gauss-d10,10,2,41,std,12,6.730672795173545e-05,0.7498513915980042,0.0,0.4907550880598282,,,,
gauss-d10,10,2,41,acc,7,4.1196657738548295e-05,0.7498513915980044,94.80499239831252,,,,,
gauss-d10,10,2,42,std,12,9.220032760833013e-05,1.0208326977995517,0.0,0.49080603529404404,,,,
gauss-d10,10,2,42,acc,7,4.7732532007960346e-05,1.0208326977995514,94.8683107979408,,,,,
gauss-d10,10,2,43,std,12,9.211447288814523e-05,0.859982413567562,0.0,0.4813602396812363,,,,
gauss-d10,10,2,43,acc,7,4.391253470260208e-05,0.8599824135675626,94.83085698878766,,,,,
gauss-d10,10,2,44,std,12,6.81309949333678e-05,0.7672128808078846,0.0,0.49107177329745416,,,,
gauss-d10,10,2,44,acc,7,4.1384457774120364e-05,0.7672128808078842,94.56736923694241,,,,,
gauss-d10,10,2,45,std,11,9.305384483725813e-05,0.5332403344342572,0.0,0.4826118954720018,,,,
gauss-d10,10,2,45,acc,7,3.559943035489032e-05,0.5332403344342579,94.79609349145491,,,,,
gauss-d10,10,2,46,std,11,7.311979587155752e-05,0.6089084552458248,0.0,0.5040746533325748,,,,
gauss-d10,10,2,46,acc,7,3.4251362196515735e-05,0.6089084552458253,94.78802871623988,,,,,
gauss-d10,10,2,47,std,13,7.844930412611192e-05,1.242698444677853,0.0,0.48287127841371913,,,,
gauss-d10,10,2,47,acc,7,4.8914666886216097e-05,1.242698444677853,94.80027397824465,,,,,
gauss-d10,10,2,48,std,13,7.652269813564703e-05,1.0323649304920122,0.0,0.4752267341484564,,,,
gauss-d10,10,2,48,acc,7,4.5234839367037736e-05,1.0323649304920122,94.64624628293902,,,,,
gauss-d10,10,2,49,std,13,8.23413271323892e-05,1.2526651948208636,0.0,0.4810372402081073,,,,
gauss-d10,10,2,49,acc,7,4.8008677255862846e-05,1.2526651948208636,94.71670779093006,,,,,
gauss-d10,10,4,0,std,44,9.026245286553915e-05,4.991908847622586,0.0,0.12969336028371475,,,,
gauss-d10,10,4,0,acc,15,3.219512200150716e-05,4.991908847622586,94.8006231794986,,,,,
gauss-d10,10,4,1,std,47,9.010866455896882e-05,9.189579513608509,0.0,0.13153854492286252,,,,
gauss-d10,10,4,1,acc,15,8.490788634260362e-06,9.189579513608509,94.808235672411,,,,,
gauss-d10,10,4,2,std,45,9.683767486117975e-05,6.637025977968773,0.0,0.1306554684961506,,,,
gauss-d10,10,4,2,acc,15,2.0831374266945165e-05,6.637025977968773,94.62435106340159,,,,,
gauss-d10,10,4,3,std,47,8.89435490025927e-05,8.80919894271543,0.0,0.13138845790064194,,,,
gauss-d10,10,4,3,acc,15,9.405241380226735e-06,8.80919894271543,94.83488738260293,,,,,
gauss-d10,10,4,4,std,46,9.004743020715397e-05,7.432214662288681,0.0,0.13087206627500017,,,,
gauss-d10,10,4,4,acc,15,1.736291691565445e-05,7.432214662288681,94.79772458237608,,,,,
gauss-d10,10,4,5,std,43,9.539546584209392e-05,4.508983411386759,0.0,0.12948723382112684,,,,
gauss-d10,10,4,5,acc,15,3.515104303980328e-05,4.5089834113867555,94.69266850577564,,,,,
gauss-d10,10,4,6,std,47,8.880744727014431e-05,8.804011767544027,0.0,0.1313874269826402,,,,
gauss-d10,10,4,6,acc,15,9.514371418143944e-06,8.804011767544027,94.73283585474081,,,,,
gauss-d10,10,4,7,std,46,9.250048323207818e-05,7.704535107843715,0.0,0.13103293127522192,,,,
gauss-d10,10,4,7,acc,15,1.5416768105232094e-05,7.704535107843715,94.73878616433927,,,,,
gauss-d10,10,4,8,std,46,9.216448321865307e-05,7.622828792762444,0.0,0.13099820893067243,,,,
gauss-d10,10,4,8,acc,15,1.568148839190347e-05,7.622828792762447,94.75768871616481,,,,,
gauss-d10,10,4,9,std,46,9.340175135165094e-05,7.91369358039491,0.0,0.13113045531570622,,,,
gauss-d10,10,4,9,acc,15,1.4710270499500701e-05,7.913693580394906,94.81552449223545,,,,,
gauss-d10,10,4,10,std,44,9.980722432346989e-05,4.898359314729278,0.0,0.12979849177060568,,,,
gauss-d10,10,4,10,acc,15,3.320547211023783e-05,4.8983593147292765,94.73832640456676,,,,,
gauss-d10,10,4,11,std,46,9.847723945390768e-05,7.00467150298368,0.0,0.13084137833752266,,,,
gauss-d10,10,4,11,acc,15,1.9669069759331535e-05,7.004671502983679,94.85528543469765,,,,,
gauss-d10,10,4,12,std,44,9.649839262694353e-05,5.569209175061424,0.0,0.13011515031806617,,,,
gauss-d10,10,4,12,acc,15,2.8708565632868062e-05,5.569209175061422,94.74343614242036,,,,,
gauss-d10,10,4,13,std,43,9.6929181687435e-05,4.856905367619488,0.0,0.1297299723185426,,,,
gauss-d10,10,4,13,acc,15,3.4493618470768485e-05,4.856905367619488,94.81225310308771,,,,,
gauss-d10,10,4,14,std,46,8.903906017091942e-05,7.055974222412389,0.0,0.1307080079669072,,,,
gauss-d10,10,4,14,acc,15,1.816711830137225e-05,7.055974222412391,94.7225315065503,,,,,
gauss-d10,10,4,15,std,44,9.785821658851897e-05,4.6107500696204875,0.0,0.12959216006558885,,,,
gauss-d10,10,4,15,acc,15,3.408288747406275e-05,4.6107500696204875,94.87918956741069,,,,,
gauss-d10,10,4,16,std,45,8.899084516339299e-05,5.855503418197148,0.0,0.13013301460173224,,,,
gauss-d10,10,4,16,acc,15,2.6313593697947138e-05,5.855503418197146,94.73634459049751,,,,,
gauss-d10,10,4,17,std,47,9.02616045716613e-05,9.03776785428997,0.0,0.13149913140210887,,,,
gauss-d10,10,4,17,acc,15,8.371280057433287e-06,9.03776785428997,94.51923727910379,,,,,
gauss-d10,10,4,18,std,47,8.881585536020878e-05,8.815049383878929,0.0,0.13138950933923293,,,,
gauss-d10,10,4,18,acc,15,9.50764057383079e-06,8.815049383878929,94.7523705031288,,,,,
gauss-d10,10,4,19,std,44,9.185324850637978e-05,5.08561586326499,0.0,0.1297764534292414,,,,
gauss-d10,10,4,19,acc,15,3.133357255950165e-05,5.085615863264992,94.55421308672652,,,,,
gauss-d10,10,4,20,std,46,9.307140224804403e-05,7.719449116390015,0.0,0.1310545715341391,,,,
gauss-d10,10,4,20,acc,15,1.4967792519482188e-05,7.719449116390015,94.77043669684402,,,,,
gauss-d10,10,4,21,std,45,9.594072140600186e-05,6.716696606487786,0.0,0.13067196849247542,,,,
gauss-d10,10,4,21,acc,15,2.1468473899559912e-05,6.716696606487789,94.74200561459477,,,,,
gauss-d10,10,4,22,std,46,8.965026037955487e-05,7.32179978527772,0.0,0.13081942355433832,,,,
gauss-d10,10,4,22,acc,15,1.767953903140711e-05,7.321799785277721,94.76552834497971,,,,,
gauss-d10,10,4,23,std,46,9.241687714319109e-05,7.552820155329915,0.0,0.13097739063064873,,,,
gauss-d10,10,4,23,acc,15,1.5481575731860765e-05,7.55282015532992,94.73411531792337,,,,,
gauss-d10,10,4,24,std,45,9.927848736251965e-05,5.6258947146579805,0.0,0.12960323389289222,,,,
gauss-d10,10,4,24,acc,15,2.706906634462709e-05,5.6258947146579805,94.72407313150208,,,,,
gauss-d10,10,4,25,std,47,9.846058527906813e-05,8.66512741583482,0.0,0.1315105066752914,,,,
gauss-d10,10,4,25,acc,15,1.0864348888933998e-05,8.66512741583482,94.58028397707429,,,,,
gauss-d10,10,4,26,std,47,9.941030911346342e-05,8.592540098157178,0.0,0.1315193754611845,,,,
gauss-d10,10,4,26,acc,15,1.0171982218220682e-05,8.592540098157174,94.76832610430829,,,,,
gauss-d10,10,4,27,std,44,8.953786836891735e-05,4.956863842598154,0.0,0.12965967795779998,,,,
gauss-d10,10,4,27,acc,15,3.258047515734244e-05,4.956863842598154,94.78102008764061,,,,,
gauss-d10,10,4,28,std,45,9.003317297593197e-05,6.138040836082533,0.0,0.1302871299530035,,,,
gauss-d10,10,4,28,acc,15,2.5601361250754558e-05,6.138040836082532,94.75905425331437,,,,,
gauss-d10,10,4,29,std,47,9.821127824490537e-05,8.425411621654524,0.0,0.13142903251370455,,,,
gauss-d10,10,4,29,acc,15,1.1046189818403252e-05,8.425411621654524,94.80919822746849,,,,,
gauss-d10,10,4,30,std,46,9.979528462807086e-05,6.979098796572058,0.0,0.13086617157526811,,,,
gauss-d10,10,4,30,acc,15,1.87325070873767e-05,6.97909879657206,94.77747758948642,,,,,
gauss-d10,10,4,31,std,46,9.68425173746186e-05,8.406101331921962,0.0,0.13138560326638996,,,,
gauss-d10,10,4,31,acc,15,1.2066974792282632e-05,8.406101331921962,94.77550601159476,,,,,
gauss-d10,10,4,32,std,46,9.27467695332751e-05,7.768511794718596,0.0,0.1310657891155682,,,,
gauss-d10,10,4,32,acc,15,1.5223435647647725e-05,7.768511794718599,94.79562813003008,,,,,
gauss-d10,10,4,33,std,46,9.098408130361196e-05,7.305517878447997,0.0,0.13085303048375707,,,,
gauss-d10,10,4,33,acc,15,1.6615230363984947e-05,7.3055178784480015,94.71128690233024,,,,,
gauss-d10,10,4,34,std,44,9.907196862154154e-05,4.860412890878774,0.0,0.12976499057340718,,,,
gauss-d10,10,4,34,acc,15,3.3540335475433675e-05,4.8604128908787745,94.77068181137945,,,,,
gauss-d10,10,4,35,std,44,9.284600457107328e-05,5.377482219381867,0.0,0.12995126159994255,,,,
gauss-d10,10,4,35,acc,15,3.078716954461598e-05,5.377482219381867,94.82435568263797,,,,,
gauss-d10,10,4,36,std,47,8.852006335566438e-05,8.758939714347328,0.0,0.1313631209408923,,,,
gauss-d10,10,4,36,acc,15,9.745080658674278e-06,8.758939714347326,94.8777301682397,,,,,
gauss-d10,10,4,37,std,47,8.902090017904284e-05,8.932049871241771,0.0,0.1314276029410399,,,,
gauss-d10,10,4,37,acc,15,9.344439225837239e-06,8.932049871241771,94.7059485366473,,,,,
gauss-d10,10,4,38,std,46,9.199077216738225e-05,7.522976623876044,0.0,0.13095754611664298,,,,
gauss-d10,10,4,38,acc,15,1.5818056972793094e-05,7.522976623876044,94.73397249430353,,,,,
gauss-d10,10,4,39,std,45,9.641894404590484e-05,6.618985593238832,0.0,0.1306417492131799,,,,
gauss-d10,10,4,39,acc,15,2.112857007814175e-05,6.618985593238829,94.80497179945505,,,,,
gauss-d10,10,4,40,std,45,9.31228913132829e-05,6.323684313570217,0.0,0.13044180080285864,,,,
gauss-d10,10,4,40,acc,15,2.3454098450381324e-05,6.323684313570217,94.79229542965675,,,,,
gauss-d10,10,4,41,std,46,9.848068939920761e-05,6.923903207617571,0.0,0.1308154886430251,,,,
gauss-d10,10,4,41,acc,15,1.9666241867774806e-05,6.92390320761757,94.78966328552693,,,,,
gauss-d10,10,4,42,std,46,9.30218201439393e-05,7.8030647421366215,0.0,0.13108245673461777,,,,
gauss-d10,10,4,42,acc,15,1.5007350967957735e-05,7.8030647421366215,94.83951979943433,,,,,
gauss-d10,10,4,43,std,46,9.300292829603207e-05,7.640179442602837,0.0,0.13102352469452355,,,,
gauss-d10,10,4,43,acc,15,1.5020898385727171e-05,7.640179442602839,94.75198655444576,,,,,
gauss-d10,10,4,44,std,46,9.871521764798392e-05,6.962134783366402,0.0,0.13083373070644802,,,,
gauss-d10,10,4,44,acc,15,1.9499741116791618e-05,6.962134783366402,94.71437547040131,,,,,
gauss-d10,10,4,45,std,45,9.617103524781068e-05,6.504181735994714,0.0,0.12995249343865223,,,,
gauss-d10,10,4,45,acc,15,2.1303691252505058e-05,6.504181735994715,94.74632393402841,,,,,
gauss-d10,10,4,46,std,45,9.214119070326786e-05,6.235118066760032,0.0,0.13037842518177017,,,,
gauss-d10,10,4,46,acc,15,2.414049388241702e-05,6.235118066760033,94.75725713271207,,,,,
gauss-d10,10,4,47,std,47,9.934767948408668e-05,8.738111366827475,0.0,0.13156316191229997,,,,
gauss-d10,10,4,47,acc,15,1.0218352519731e-05,8.738111366827473,94.75055760785357,,,,,
gauss-d10,10,4,48,std,47,9.875868524844046e-05,8.458428913748612,0.0,0.13073015099526933,,,,
gauss-d10,10,4,48,acc,15,1.0644701908455192e-05,8.458428913748612,94.79525429175175,,,,,
gauss-d10,10,4,49,std,47,8.89726563691462e-05,8.887913027542638,0.0,0.1314158175994352,,,,
gauss-d10,10,4,49,acc,15,9.382745677825315e-06,8.88791302754264,94.81899232582343,,,,,
gauss-d10,10,8,0,std,178,9.958482236838671e-05,37.94119227313878,0.0,0.033873107862962326,,,,
gauss-d10,10,8,0,acc,30,1.0910478108309838e-05,37.94119227313878,94.70698687106461,,,,,
gauss-d10,10,8,1,std,181,9.88177016709741e-05,48.78407935898876,0.0,0.03412266777254605,,,,
gauss-d10,10,8,1,acc,30,2.1721627155765386e-06,48.78407935898876,94.74630051294102,,,,,
gauss-d10,10,8,2,std,179,9.77698521725974e-05,42.5674866690705,0.0,0.03395202894346387,,,,
gauss-d10,10,8,2,acc,30,5.755782787064321e-06,42.5674866690705,94.76575458152475,,,,,
gauss-d10,10,8,3,std,181,9.84973468347184e-05,48.074732848929514,0.0,0.03403994032635057,,,,
gauss-d10,10,8,3,acc,30,2.3930917007583257e-06,48.074732848929514,94.78276428610349,,,,,
gauss-d10,10,8,4,std,180,9.892727648386224e-05,44.286001912934815,0.0,0.03405252903326821,,,,
gauss-d10,10,8,4,acc,30,4.597710184493491e-06,44.286001912934815,94.75618685687078,,,,,
gauss-d10,10,8,5,std,178,9.814411092507434e-05,36.5944772858034,0.0,0.03377978492193419,,,,
gauss-d10,10,8,5,acc,30,1.2842056672251739e-05,36.594477285803386,94.68433261536238,,,,,
gauss-d10,10,8,6,std,181,9.845979701718355e-05,48.03154894127719,0.0,0.03403887687519202,,,,
gauss-d10,10,8,6,acc,30,2.4197169470643386e-06,48.03154894127719,94.73700822868813,,,,,
gauss-d10,10,8,7,std,180,9.957214707535973e-05,45.09868055999193,0.0,0.03407102261053874,,,,
gauss-d10,10,8,7,acc,30,4.005896261074241e-06,45.09868055999193,94.75487467107743,,,,,
gauss-d10,10,8,8,std,180,9.948426225321952e-05,44.942133024119784,0.0,0.03406847008215478,,,,
gauss-d10,10,8,8,acc,30,4.084244527314596e-06,44.942133024119784,94.74628606570934,,,,,
gauss-d10,10,8,9,std,180,9.980719578155106e-05,45.50996095554469,0.0,0.03407787981536367,,,,
gauss-d10,10,8,9,acc,30,3.799971303128846e-06,45.50996095554469,94.80066737879235,,,,,
gauss-d10,10,8,10,std,178,9.911444090987369e-05,37.56146278856232,0.0,0.033861474906428414,,,,
gauss-d10,10,8,10,acc,30,1.1527843448828857e-05,37.56146278856232,94.78312911901271,,,,,
gauss-d10,10,8,11,std,180,9.816026325804028e-05,43.2404019498922,0.0,0.034030571923577044,,,,
gauss-d10,10,8,11,acc,30,5.351679456922883e-06,43.2404019498922,94.77396568537843,,,,,
gauss-d10,10,8,12,std,179,9.797896844036987e-05,39.46141534985163,0.0,0.03389394690914648,,,,
gauss-d10,10,8,12,acc,30,9.032421096524028e-06,39.46141534985163,94.73854324009686,,,,,
gauss-d10,10,8,13,std,178,9.84835185494793e-05,37.14255899090827,0.0,0.03390726862938282,,,,
gauss-d10,10,8,13,acc,30,1.237628232738339e-05,37.14255899090827,94.72825491840675,,,,,
gauss-d10,10,8,14,std,180,9.865998480933919e-05,43.69149066754105,0.0,0.03397607081084265,,,,
gauss-d10,10,8,14,acc,30,4.8543636071554935e-06,43.69149066754107,94.75137947807372,,,,,
gauss-d10,10,8,15,std,178,9.868802387098634e-05,37.0179697576521,0.0,0.033792617074726965,,,,
gauss-d10,10,8,15,acc,30,1.2098765323351778e-05,37.0179697576521,94.75429426612236,,,,,
gauss-d10,10,8,16,std,179,9.890033993683288e-05,40.3712832527833,0.0,0.033917670862470016,,,,
gauss-d10,10,8,16,acc,30,7.919199322513042e-06,40.3712832527833,94.7646100652438,,,,,
gauss-d10,10,8,17,std,181,9.885960796057053e-05,48.67595593455374,0.0,0.034050301988727244,,,,
gauss-d10,10,8,17,acc,30,2.144089104017417e-06,48.67595593455374,94.66709326769383,,,,,
gauss-d10,10,8,18,std,181,9.846211754564044e-05,48.044931376943964,0.0,0.034111791809451265,,,,
gauss-d10,10,8,18,acc,30,2.4180671181886284e-06,48.044931376943964,94.76049795632788,,,,,
gauss-d10,10,8,19,std,178,9.99716639710456e-05,38.273470170591665,0.0,0.0338230633285938,,,,
gauss-d10,10,8,19,acc,30,1.0412790835785424e-05,38.273470170591665,94.75452688693207,,,,,
gauss-d10,10,8,20,std,180,9.972115761602493e-05,45.24139547723304,0.0,0.03407528041689212,,,,
gauss-d10,10,8,20,acc,30,3.87473588268623e-06,45.24139547723304,94.74468007439694,,,,,
gauss-d10,10,8,21,std,179,9.755507697497938e-05,42.4817163293979,0.0,0.03401341789749646,,,,
gauss-d10,10,8,21,acc,30,5.983812733653388e-06,42.48171632939791,94.77190943118494,,,,,
gauss-d10,10,8,22,std,180,9.882215260336238e-05,44.08936069715571,0.0,0.03404946733183068,,,,
gauss-d10,10,8,22,acc,30,4.697864799636365e-06,44.08936069715571,94.73466851201931,,,,,
gauss-d10,10,8,23,std,180,9.955029197940973e-05,44.92831751449725,0.0,0.03400030313098396,,,,
gauss-d10,10,8,23,acc,30,4.025311261634994e-06,44.92831751449725,94.78528106393387,,,,,
gauss-d10,10,8,24,std,179,9.861467093908761e-05,39.94597458359506,0.0,0.033849069770372046,,,,
gauss-d10,10,8,24,acc,30,8.257739990173208e-06,39.945974583595074,94.76906878486487,,,,,
gauss-d10,10,8,25,std,181,9.800098132112418e-05,47.43734500215689,0.0,0.03409796339621479,,,,
gauss-d10,10,8,25,acc,30,2.7573219560811693e-06,47.43734500215689,94.77455470838571,,,,,
gauss-d10,10,8,26,std,181,9.823441196280674e-05,47.59438095465251,0.0,0.03403243544707892,,,,
gauss-d10,10,8,26,acc,30,2.5827304075745155e-06,47.59438095465251,94.7817755517629,,,,,
gauss-d10,10,8,27,std,178,9.940768022751942e-05,37.797880070480346,0.0,0.03386872156874872,,,,
gauss-d10,10,8,27,acc,30,1.1141420166979746e-05,37.79788007048033,94.78120022509763,,,,,
gauss-d10,10,8,28,std,179,9.916605197851647e-05,40.83785067418033,0.0,0.03399012886169931,,,,
gauss-d10,10,8,28,acc,30,7.6097633753793016e-06,40.83785067418033,94.72686943809721,,,,,
gauss-d10,10,8,29,std,181,9.79395339227758e-05,47.13785639242318,0.0,0.03402405105736663,,,,
gauss-d10,10,8,29,acc,30,2.804250281636576e-06,47.13785639242318,94.75769984089722,,,,,
gauss-d10,10,8,30,std,180,9.84720997936183e-05,43.46306814129417,0.0,0.033970982140518934,,,,
gauss-d10,10,8,30,acc,30,5.038690010420567e-06,43.46306814129417,94.8181312244755,,,,,
gauss-d10,10,8,31,std,180,9.760090039302553e-05,46.79394528474525,0.0,0.03408595191698057,,,,
gauss-d10,10,8,31,acc,30,3.0700727076316158e-06,46.793945284745256,94.73054695379119,,,,,
gauss-d10,10,8,32,std,180,9.963647743269771e-05,45.21768995311031,0.0,0.03407291438361887,,,,
gauss-d10,10,8,32,acc,30,3.949012227324168e-06,45.21768995311031,94.71668633204906,,,,,
gauss-d10,10,8,33,std,180,9.917439924362129e-05,44.36401138247138,0.0,0.03399004374393976,,,,
gauss-d10,10,8,33,acc,30,4.3663090507759275e-06,44.36401138247138,94.73485804086975,,,,,
gauss-d10,10,8,34,std,178,9.895398799865916e-05,37.42684450977683,0.0,0.033857512430082275,,,,
gauss-d10,10,8,34,acc,30,1.174143155293582e-05,37.42684450977682,94.7238071007255,,,,,
gauss-d10,10,8,35,std,178,9.7132033162705e-05,38.71486359228611,0.0,0.03393524065431741,,,,
gauss-d10,10,8,35,acc,30,1.0108680968425885e-05,38.71486359228611,94.76773108873772,,,,,
gauss-d10,10,8,36,std,181,9.83804211065753e-05,47.90653172002948,0.0,0.03410931778364754,,,,
gauss-d10,10,8,36,acc,30,2.4765015341693848e-06,47.90653172002948,94.74994412812129,,,,,
gauss-d10,10,8,37,std,181,9.851867571543035e-05,48.21921785591345,0.0,0.03411355090234301,,,,
gauss-d10,10,8,37,acc,30,2.378036144718791e-06,48.21921785591345,94.7493018646443,,,,,
gauss-d10,10,8,38,std,180,9.943877110090218e-05,44.80369450779964,0.0,0.03399726627285536,,,,
gauss-d10,10,8,38,acc,30,4.1250871515453564e-06,44.80369450779964,94.7658359367768,,,,,
gauss-d10,10,8,39,std,179,9.766969316155408e-05,42.47207896853696,0.0,0.03394934415116718,,,,
gauss-d10,10,8,39,acc,30,5.861621711157891e-06,42.47207896853696,94.74629474923,,,,,
gauss-d10,10,8,40,std,179,9.994617724533653e-05,41.57560895713745,0.0,0.03394482775877892,,,,
gauss-d10,10,8,40,acc,30,6.732386450530672e-06,41.57560895713745,94.71788175675111,,,,,
gauss-d10,10,8,41,std,180,9.816108181037557e-05,43.16028003774111,0.0,0.033962598459648385,,,,
gauss-d10,10,8,41,acc,30,5.350846433535937e-06,43.16028003774111,94.6770944725424,,,,,
gauss-d10,10,8,42,std,180,9.970823256547946e-05,45.31388000404481,0.0,0.034074975918062515,,,,
gauss-d10,10,8,42,acc,30,3.886028631950834e-06,45.31388000404481,94.69220824959409,,,,,
gauss-d10,10,8,43,std,180,9.970330704700721e-05,45.14675513588228,0.0,0.03400448671045705,,,,
gauss-d10,10,8,43,acc,30,3.890336312054437e-06,45.14675513588228,94.71581372842583,,,,,
gauss-d10,10,8,44,std,180,9.821669844677257e-05,43.242493803430136,0.0,0.0340321325547152,,,,
gauss-d10,10,8,44,acc,30,5.294387122469317e-06,43.242493803430136,94.72572028321483,,,,,
gauss-d10,10,8,45,std,179,9.761030685530823e-05,42.311580400260716,0.0,0.03388442785528103,,,,
gauss-d10,10,8,45,acc,30,5.9247899176716795e-06,42.311580400260716,94.74365692755373,,,,,
gauss-d10,10,8,46,std,179,9.969950671568847e-05,41.31049607874288,0.0,0.03393840805979198,,,,
gauss-d10,10,8,46,acc,30,7.0047160749575366e-06,41.310496078742894,94.74752032363618,,,,,
gauss-d10,10,8,47,std,181,9.82190500295483e-05,47.72471398579057,0.0,0.03410450187380024,,,,
gauss-d10,10,8,47,acc,30,2.5940404466554985e-06,47.72471398579057,94.80676642842629,,,,,
gauss-d10,10,8,48,std,181,9.807436153688384e-05,47.302389774679405,0.0,0.03402787775865122,,,,
gauss-d10,10,8,48,acc,30,2.7018088972691203e-06,47.302389774679405,94.90431777214768,,,,,
gauss-d10,10,8,49,std,181,9.850537394050403e-05,48.16158451980203,0.0,0.0341131320364594,,,,
gauss-d10,10,8,49,acc,30,2.3874197721224267e-06,48.16158451980203,94.77575391380671,,,,,
gauss-d10,10,16,0,std,713,9.973710764771444e-05,199.89004029163846,0.0,0.008595498101889306,,,,
gauss-d10,10,16,0,acc,59,4.387716723610723e-05,199.89004029163846,94.71512001749066,,,,,
gauss-d10,10,16,1,std,715,9.95022691021117e-05,224.04117029557537,0.0,0.008637763901784494,,,,
gauss-d10,10,16,1,acc,59,3.694115945944692e-05,224.04117029557537,94.69334450692055,,,,,
gauss-d10,10,16,2,std,714,9.924843533715318e-05,210.5014255896074,0.0,0.008612472336864675,,,,
gauss-d10,10,16,2,acc,59,4.012397080506783e-05,210.5014255896074,94.6847592999116,,,,,
gauss-d10,10,16,3,std,715,9.942155834595512e-05,222.6757769203304,0.0,0.008631006141596169,,,,
gauss-d10,10,16,3,acc,59,3.7168612655828596e-05,222.6757769203304,94.75817966196036,,,,,
gauss-d10,10,16,4,std,714,9.953769272735141e-05,214.0687457911228,0.0,0.008632068597022986,,,,
gauss-d10,10,16,4,acc,59,3.918177723586519e-05,214.0687457911228,94.74048494332413,,,,,
gauss-d10,10,16,5,std,712,9.938525130327724e-05,196.80467972342964,0.0,0.008587741642804748,,,,
gauss-d10,10,16,5,acc,59,4.517997018720337e-05,196.80467972342964,94.75118916133519,,,,,
gauss-d10,10,16,6,std,715,9.941208985936312e-05,222.5567997157516,0.0,0.008630919653205475,,,,
gauss-d10,10,16,6,acc,59,3.719558161231762e-05,222.5567997157516,94.72579004056637,,,,,
gauss-d10,10,16,7,std,715,9.969822036060005e-05,215.96232772630043,0.0,0.008627647320587593,,,,
gauss-d10,10,16,7,acc,59,3.867575125161057e-05,215.96232772630043,94.76298274157384,,,,,
gauss-d10,10,16,8,std,714,9.9676370012158e-05,215.65611895352592,0.0,0.008627451270713874,,,,
gauss-d10,10,16,8,acc,59,3.8743881287840384e-05,215.65611895352595,94.76379082739399,,,,,
gauss-d10,10,16,9,std,715,9.975661761890513e-05,216.77771925398176,0.0,0.008634079413617924,,,,
gauss-d10,10,16,9,acc,59,3.849485971036109e-05,216.7777192539817,94.73007036032904,,,,,
gauss-d10,10,16,10,std,712,9.962245956521461e-05,198.93450622378643,0.0,0.008599687851387707,,,,
gauss-d10,10,16,10,acc,59,4.429767804028928e-05,198.93450622378643,94.7481250810405,,,,,
gauss-d10,10,16,11,std,714,9.93461681964413e-05,211.78584809888625,0.0,0.008624500043008066,,,,
gauss-d10,10,16,11,acc,59,3.980144902892679e-05,211.78584809888625,94.7440430080754,,,,,
gauss-d10,10,16,12,std,713,9.931872889029116e-05,203.30589931047274,0.0,0.008607676466061677,,,,
gauss-d10,10,16,12,acc,59,4.256808030064611e-05,203.30589931047274,94.7701025498325,,,,,
gauss-d10,10,16,13,std,712,9.946833185306772e-05,197.75582334669465,0.0,0.008608927522417138,,,,
gauss-d10,10,16,13,acc,59,4.486911185357101e-05,197.7558233466947,94.72722187208204,,,,,
gauss-d10,10,16,14,std,714,9.947102245022946e-05,213.0373932001144,0.0,0.008614370578418002,,,,
gauss-d10,10,16,14,acc,59,3.939557738973174e-05,213.0373932001144,94.75134141314882,,,,,
gauss-d10,10,16,15,std,712,9.951833445059725e-05,197.8759794562167,0.0,0.00858388817501576,,,,
gauss-d10,10,16,15,acc,59,4.468296927525369e-05,197.8759794562167,94.74741182572573,,,,,
gauss-d10,10,16,16,std,713,9.954654800613423e-05,205.46807082878684,0.0,0.008604271669908832,,,,
gauss-d10,10,16,16,acc,59,4.176542941968387e-05,205.46807082878678,94.73700563258103,,,,,
gauss-d10,10,16,17,std,715,9.95128178289343e-05,224.02015270286992,0.0,0.008631840745438777,,,,
gauss-d10,10,16,17,acc,59,3.6911760155571884e-05,224.02015270286992,94.70753770074684,,,,,
gauss-d10,10,16,18,std,715,9.941267504831597e-05,222.5748595436201,0.0,0.008630924998115987,,,,
gauss-d10,10,16,18,acc,59,3.719391311805993e-05,222.5748595436201,94.75521982901896,,,,,
gauss-d10,10,16,19,std,713,9.983122780007209e-05,200.70216333848705,0.0,0.008596246838739083,,,,
gauss-d10,10,16,19,acc,59,4.3534934259701306e-05,200.70216333848705,94.52795315642751,,,,,
gauss-d10,10,16,20,std,715,9.973524869953676e-05,216.36057333583082,0.0,0.008627979768448108,,,,
gauss-d10,10,16,20,acc,59,3.856084903341647e-05,216.36057333583082,94.72039300936939,,,,,
gauss-d10,10,16,21,std,714,9.99762932600047e-05,210.0841430226657,0.0,0.008624355697382145,,,,
gauss-d10,10,16,21,acc,59,4.030338000197888e-05,210.0841430226657,94.7132412021362,,,,,
gauss-d10,10,16,22,std,714,9.95114811029596e-05,213.69954893194745,0.0,0.00862597488442842,,,,
gauss-d10,10,16,22,acc,59,3.926558501151506e-05,213.69954893194745,94.75133182231319,,,,,
gauss-d10,10,16,23,std,715,9.969278743309114e-05,215.75467519204815,0.0,0.00862186204036779,,,,
gauss-d10,10,16,23,acc,59,3.8692668783565747e-05,215.75467519204815,94.68571284503105,,,,,
gauss-d10,10,16,24,std,713,9.947600791803193e-05,204.64985725344732,0.0,0.008593426431569106,,,,
gauss-d10,10,16,24,acc,59,4.2012011080794394e-05,204.64985725344732,94.7382930956933,,,,,
gauss-d10,10,16,25,std,715,9.929625941151182e-05,221.0540675890296,0.0,0.008635834426405288,,,,
gauss-d10,10,16,25,acc,59,3.75301684168829e-05,221.0540675890296,94.77159257655055,,,,,
gauss-d10,10,16,26,std,715,9.93552216407255e-05,221.6693521745552,0.0,0.008624580666488201,,,,
gauss-d10,10,16,26,acc,59,3.7358785223384934e-05,221.6693521745552,94.76178549324426,,,,,
gauss-d10,10,16,27,std,713,9.969395814837453e-05,199.52891637720722,0.0,0.0086002659076867,,,,
gauss-d10,10,16,27,acc,59,4.4034969118089684e-05,199.52891637720722,94.72358969625134,,,,,
gauss-d10,10,16,28,std,713,9.961208394155575e-05,206.30401885458699,0.0,0.008621154875442067,,,,
gauss-d10,10,16,28,acc,59,4.153794702015708e-05,206.30401885458699,94.80371397844077,,,,,
gauss-d10,10,16,29,std,715,9.928072764430265e-05,220.63527066275282,0.0,0.008629721707962487,,,,
gauss-d10,10,16,29,acc,59,3.757567299206895e-05,220.63527066275282,94.74544718399633,,,,,
gauss-d10,10,16,30,std,714,9.94241117918248e-05,212.50559231666134,0.0,0.008613969866609653,,,,
gauss-d10,10,16,30,acc,59,3.9547246043813815e-05,212.50559231666134,94.69294092398188,,,,,
gauss-d10,10,16,31,std,715,9.997675047505872e-05,219.6432833557068,0.0,0.008636112210824283,,,,
gauss-d10,10,16,31,acc,59,3.78292973771616e-05,219.6432833557068,94.75292569492876,,,,,
gauss-d10,10,16,32,std,715,9.971420910965048e-05,216.1913773004788,0.0,0.008627790839431314,,,,
gauss-d10,10,16,32,acc,59,3.862605092051514e-05,216.1913773004788,94.76702052182773,,,,,
gauss-d10,10,16,33,std,714,9.959926281083442e-05,214.5563315122036,0.0,0.008615467813131574,,,,
gauss-d10,10,16,33,acc,59,3.8986203503973624e-05,214.5563315122036,94.68215178676508,,,,,
gauss-d10,10,16,34,std,712,9.95833007384414e-05,198.60533093434674,0.0,0.008599371529830672,,,,
gauss-d10,10,16,34,acc,59,4.444220363835835e-05,198.60533093434674,94.74002973480302,,,,,
gauss-d10,10,16,35,std,713,9.988954503464299e-05,201.44422719639718,0.0,0.008612467656397312,,,,
gauss-d10,10,16,35,acc,59,4.332426465514412e-05,201.44422719639718,94.7704514107651,,,,,
gauss-d10,10,16,36,std,715,9.93920690089984e-05,222.27230132240575,0.0,0.008630736836509141,,,,
gauss-d10,10,16,36,acc,59,3.725280001963191e-05,222.27230132240575,94.72335410850492,,,,,
gauss-d10,10,16,37,std,715,9.942693583749572e-05,222.86341447948737,0.0,0.008637057135231673,,,,
gauss-d10,10,16,37,acc,59,3.71533223344888e-05,222.86341447948737,94.70461914908456,,,,,
gauss-d10,10,16,38,std,714,9.966505645396702e-05,215.44051276825002,0.0,0.008621618911685126,,,,
gauss-d10,10,16,38,acc,59,3.877925156685249e-05,215.44051276825002,94.71880384704333,,,,,
gauss-d10,10,16,39,std,714,9.922333541292905e-05,210.25099776708552,0.0,0.008612258772637943,,,,
gauss-d10,10,16,39,acc,59,4.0207463948681126e-05,210.25099776708552,94.77590452612215,,,,,
gauss-d10,10,16,40,std,714,9.980407282868947e-05,208.14941765483783,0.0,0.008611747141865534,,,,
gauss-d10,10,16,40,acc,59,4.088073064728928e-05,208.14941765483783,94.71080544554667,,,,,
gauss-d10,10,16,41,std,714,9.934637293260509e-05,211.7070207335099,0.0,0.008618834702432654,,,,
gauss-d10,10,16,41,acc,59,3.980077776426141e-05,211.7070207335099,94.68865529784998,,,,,
gauss-d10,10,16,42,std,715,9.973203785849927e-05,216.41080360892502,0.0,0.008627950932762161,,,,
gauss-d10,10,16,42,acc,59,3.8570784783907054e-05,216.41080360892502,94.7365220009104,,,,,
gauss-d10,10,16,43,std,715,9.973081421288214e-05,216.2352025415082,0.0,0.008622195662544832,,,,
gauss-d10,10,16,43,acc,59,3.857457267454796e-05,216.2352025415082,94.78211766562447,,,,,
gauss-d10,10,16,44,std,714,9.936028204442747e-05,211.87731735300153,0.0,0.00861895584813873,,,,
gauss-d10,10,16,44,acc,59,3.975521759139438e-05,211.87731735300153,94.68683784134224,,,,,
gauss-d10,10,16,45,std,714,9.999025167255551e-05,209.9989335178091,0.0,0.008607933733193742,,,,
gauss-d10,10,16,45,acc,59,4.025711181210572e-05,209.9989335178091,94.74537444622533,,,,,
gauss-d10,10,16,46,std,714,9.974343538104828e-05,207.53021078642493,0.0,0.008611236651633927,,,,
gauss-d10,10,16,46,acc,59,4.108679365479647e-05,207.53021078642493,94.7618194444898,,,,,
gauss-d10,10,16,47,std,715,9.935134336772761e-05,221.7692791750667,0.0,0.00863634933097397,,,,
gauss-d10,10,16,47,acc,59,3.736999091983467e-05,221.7692791750667,94.72048289485666,,,,,
gauss-d10,10,16,48,std,715,9.931480150600532e-05,221.06230179567856,0.0,0.008624220789662287,,,,
gauss-d10,10,16,48,acc,59,3.747603888405813e-05,221.06230179567856,94.72481434221311,,,,,
gauss-d10,10,16,49,std,715,9.942358222455976e-05,222.77886041807707,0.0,0.008637025701956794,,,,
gauss-d10,10,16,49,acc,59,3.716285573195609e-05,222.77886041807707,94.6935742568347,,,,,
gauss-d10,10,32,0,std,2849,9.991917234334138e-05,907.8768801872864,0.0,0.002164247407010469,,,,
gauss-d10,10,32,0,acc,118,8.492546155094288e-05,907.8768801872864,94.75006273760462,,,,,
gauss-d10,10,32,1,std,2852,9.985769991851384e-05,958.6063179889841,0.0,0.002170449868757599,,,,
gauss-d10,10,32,1,acc,118,8.329280961544804e-05,958.6063179889841,94.69375276030833,,,,,
gauss-d10,10,32,2,std,2851,9.999095846838398e-05,930.4453107140439,0.0,0.002166447047951429,,,,
gauss-d10,10,32,2,acc,118,8.399856590176995e-05,930.4453107140439,94.7055980966292,,,,,
gauss-d10,10,32,3,std,2852,9.983744559777588e-05,955.9314478593438,0.0,0.002169044622107944,,,,
gauss-d10,10,32,3,acc,118,8.333933596117553e-05,955.9314478593438,94.70017902531653,,,,,
gauss-d10,10,32,4,std,2851,9.986707737624952e-05,937.7048295122635,0.0,0.0021686831913228953,,,,
gauss-d10,10,32,4,acc,118,8.377942263422186e-05,937.7048295122635,94.7223300674522,,,,,
gauss-d10,10,32,5,std,2849,9.983158269227278e-05,901.3168021966998,0.0,0.0021632555287066234,,,,
gauss-d10,10,32,5,acc,118,8.526216728604007e-05,901.3168021966998,86.64363575218904,,,,,
gauss-d10,10,32,6,std,2852,9.983506897568752e-05,955.661182183966,0.0,0.0021690383064571256,,,,
gauss-d10,10,32,6,acc,118,8.334490507204938e-05,955.661182183966,94.70737282952237,,,,,
gauss-d10,10,32,7,std,2851,9.990723873514774e-05,941.7567604961774,0.0,0.002168789095721404,,,,
gauss-d10,10,32,7,acc,118,8.366476988200082e-05,941.7567604961774,94.72128943272052,,,,,
gauss-d10,10,32,8,std,2851,9.99017738046136e-05,941.1517207753699,0.0,0.0021683384220339886,,,,
gauss-d10,10,32,8,acc,118,8.368006951009997e-05,941.1517207753699,94.76340563902667,,,,,
gauss-d10,10,32,9,std,2851,9.992184172268395e-05,943.3790267023144,0.0,0.0021692693200371883,,,,
gauss-d10,10,32,9,acc,118,8.362436626246049e-05,943.3790267023144,94.74659585585304,,,,,
gauss-d10,10,32,10,std,2849,9.989064617577093e-05,905.7706505540194,0.0,0.002164575206841153,,,,
gauss-d10,10,32,10,acc,118,8.503344293560484e-05,905.7706505540194,94.71934157946576,,,,,
gauss-d10,10,32,11,std,2851,9.981912432590993e-05,932.9510284745065,0.0,0.002168122788894059,,,,
gauss-d10,10,32,11,acc,118,8.39227853548178e-05,932.9510284745065,94.67625756312603,,,,,
gauss-d10,10,32,12,std,2850,9.981336954026018e-05,915.0805718838998,0.0,0.0021655938050425105,,,,
gauss-d10,10,32,12,acc,118,8.459403795620102e-05,915.0805718838998,94.73999290642507,,,,,
gauss-d10,10,32,13,std,2849,9.985227578434078e-05,903.0735221510525,0.0,0.002166099945361866,,,,
gauss-d10,10,32,13,acc,118,8.518125868274551e-05,903.0735221510525,94.74945238841075,,,,,
gauss-d10,10,32,14,std,2851,9.98503892911725e-05,935.8011303201394,0.0,0.0021665088354440383,,,,
gauss-d10,10,32,14,acc,118,8.382853663366739e-05,935.8011303201394,94.69423943011587,,,,,
gauss-d10,10,32,15,std,2849,9.9864726677815e-05,903.682822048165,0.0,0.002162563998596823,,,,
gauss-d10,10,32,15,acc,118,8.513297579233574e-05,903.682822048165,94.70826116064855,,,,,
gauss-d10,10,32,16,std,2850,9.987026432446006e-05,919.744713089117,0.0,0.0021657346896503814,,,,
gauss-d10,10,32,16,acc,118,8.43947855219615e-05,919.744713089117,94.77994579940685,,,,,
gauss-d10,10,32,17,std,2852,9.986034653657744e-05,958.7591598014819,0.0,0.0021691055124840077,,,,
gauss-d10,10,32,17,acc,118,8.328685575518385e-05,958.7591598014819,94.70978483813036,,,,,
gauss-d10,10,32,18,std,2852,9.983521586322958e-05,955.6885784241659,0.0,0.0021690386967780496,,,,
gauss-d10,10,32,18,acc,118,8.334456021354131e-05,955.6885784241659,94.75123420290163,,,,,
gauss-d10,10,32,19,std,2850,9.994258083535941e-05,909.6478856579542,0.0,0.002163909700657793,,,,
gauss-d10,10,32,19,acc,118,8.483810450167495e-05,909.6478856579542,94.72887354039935,,,,,
gauss-d10,10,32,20,std,2851,9.991649858682311e-05,942.6652188231739,0.0,0.002168376914233442,,,,
gauss-d10,10,32,20,acc,118,8.363906822100864e-05,942.6652188231739,94.84053096674278,,,,,
gauss-d10,10,32,21,std,2851,9.997743975015579e-05,929.3659064396276,0.0,0.0021676741775966887,,,,
gauss-d10,10,32,21,acc,118,8.404104068516355e-05,929.3659064396276,94.75340444668977,,,,,
gauss-d10,10,32,22,std,2851,9.986051698189675e-05,936.9910533650385,0.0,0.002168230693562578,,,,
gauss-d10,10,32,22,acc,118,8.37986293661299e-05,936.9910533650385,94.73724329075847,,,,,
gauss-d10,10,32,23,std,2851,9.990587996981486e-05,941.4746518353151,0.0,0.0021674902885769273,,,,
gauss-d10,10,32,23,acc,118,8.366856483765436e-05,941.4746518353151,94.7729886914593,,,,,
gauss-d10,10,32,24,std,2850,9.985265365458108e-05,918.1415486678062,0.0,0.002164087383418393,,,,
gauss-d10,10,32,24,acc,118,8.44556494563279e-05,918.1415486678062,94.73748851600591,,,,,
gauss-d10,10,32,25,std,2852,9.98059865679659e-05,952.3448961518359,0.0,0.0021703080326370104,,,,
gauss-d10,10,32,25,acc,118,8.341486137890611e-05,952.3448961518361,94.76187490655465,,,,,
gauss-d10,10,32,26,std,2852,9.982079262500776e-05,953.8749280241365,0.0,0.002168561359259264,,,,
gauss-d10,10,32,26,acc,118,8.337883270022328e-05,953.8749280241365,94.77969818686014,,,,,
gauss-d10,10,32,27,std,2849,9.990843767097857e-05,907.080485592966,0.0,0.002164618339919795,,,,
gauss-d10,10,32,27,acc,118,8.496590138869047e-05,907.080485592966,94.74924447966504,,,,,
gauss-d10,10,32,28,std,2850,9.988662103145758e-05,921.3185885036639,0.0,0.002167440882660244,,,,
gauss-d10,10,32,28,acc,118,8.433892392592512e-05,921.3185885036639,94.71240811946605,,,,,
gauss-d10,10,32,29,std,2852,9.99984197361612e-05,951.6879325380307,0.0,0.0021685914857331443,,,,
gauss-d10,10,32,29,acc,118,8.342449358643249e-05,951.6879325380307,94.77589755081338,,,,,
gauss-d10,10,32,30,std,2851,9.983864429445946e-05,934.6634797337732,0.0,0.0021664792738402975,,,,
gauss-d10,10,32,30,acc,118,8.386360485907428e-05,934.6634797337732,94.71598920713132,,,,,
gauss-d10,10,32,31,std,2852,9.997685458198319e-05,949.4021950243996,0.0,0.0021698645958369085,,,,
gauss-d10,10,32,31,acc,118,8.347866316856314e-05,949.4021950243996,94.73192375328269,,,,,
gauss-d10,10,32,32,std,2851,9.99112373031609e-05,942.2055264247804,0.0,0.0021687996495949363,,,,
gauss-d10,10,32,32,acc,118,8.365363699803542e-05,942.2055264247804,94.73220563523387,,,,,
gauss-d10,10,32,33,std,2851,9.988248453490951e-05,939.0102829227695,0.0,0.00216658967900857,,,,
gauss-d10,10,32,33,acc,118,8.373483710119763e-05,939.0102829227695,94.72730783802326,,,,,
gauss-d10,10,32,34,std,2849,9.988089980229181e-05,905.0526562046163,0.0,0.00216455158779307,,,,
gauss-d10,10,32,34,acc,118,8.507071316260148e-05,905.0526562046163,94.73024727791187,,,,,
gauss-d10,10,32,35,std,2850,9.99570802972475e-05,910.9907625619294,0.0,0.002166362105045448,,,,
gauss-d10,10,32,35,acc,118,8.478457287657698e-05,910.9907625619294,94.7170535384299,,,,,
gauss-d10,10,32,36,std,2852,9.983004332403574e-05,955.0583458169147,0.0,0.002169024953390984,,,,
gauss-d10,10,32,36,acc,118,8.335675622166659e-05,955.0583458169147,94.73164672027303,,,,,
gauss-d10,10,32,37,std,2852,9.983879531883302e-05,956.2052203904467,0.0,0.0021699425741992283,,,,
gauss-d10,10,32,37,acc,118,8.333618331671233e-05,956.2052203904467,94.72219856129618,,,,,
gauss-d10,10,32,38,std,2851,9.989894399484514e-05,940.7820310901925,0.0,0.0021674724912784005,,,,
gauss-d10,10,32,38,acc,118,8.368802977567688e-05,940.7820310901925,94.73121047189574,,,,,
gauss-d10,10,32,39,std,2851,9.998465606259402e-05,929.8852673492455,0.0,0.0021664312384564724,,,,
gauss-d10,10,32,39,acc,118,8.401830497978269e-05,929.8852673492455,94.7138819115393,,,,,
gauss-d10,10,32,40,std,2851,9.993451247965711e-05,925.3766149951965,0.0,0.0021663055750183397,,,,
gauss-d10,10,32,40,acc,118,8.417918215783242e-05,925.3766149951965,94.73911414760855,,,,,
gauss-d10,10,32,41,std,2851,9.98191756080534e-05,932.8747864889464,0.0,0.0021672681401884476,,,,
gauss-d10,10,32,41,acc,118,8.392262842909538e-05,932.8747864889464,94.70426840733693,,,,,
gauss-d10,10,32,42,std,2851,9.991569569674404e-05,942.6710149716539,0.0,0.002168811419230028,,,,
gauss-d10,10,32,42,acc,118,8.364128558015042e-05,942.6710149716539,94.76308852580777,,,,,
gauss-d10,10,32,43,std,2851,9.991538971371519e-05,942.4784898130011,0.0,0.0021675146975224584,,,,
gauss-d10,10,32,43,acc,118,8.364213117838248e-05,942.4784898130011,94.70404173610612,,,,,
gauss-d10,10,32,44,std,2851,9.982265944421045e-05,933.2209953923893,0.0,0.002167702321349221,,,,
gauss-d10,10,32,44,acc,118,8.391198550693375e-05,933.2209953923893,94.68665043683721,,,,,
gauss-d10,10,32,45,std,2851,9.998091762080004e-05,929.450320480898,0.0,0.0021656007912390497,,,,
gauss-d10,10,32,45,acc,118,8.403006548917888e-05,929.450320480898,94.69064607410638,,,,,
gauss-d10,10,32,46,std,2850,9.991939069938123e-05,924.0500933568032,0.0,0.0021666827522436472,,,,
gauss-d10,10,32,46,acc,118,8.422899443063549e-05,924.0500933568032,94.70216224526585,,,,,
gauss-d10,10,32,47,std,2852,9.981981887378574e-05,953.9141601383773,0.0,0.002169441815185865,,,,
gauss-d10,10,32,47,acc,118,8.338117610008113e-05,953.9141601383773,94.76348280707117,,,,,
gauss-d10,10,32,48,std,2852,9.981064312852665e-05,952.6389661040514,0.0,0.0021681007015547705,,,,
gauss-d10,10,32,48,acc,118,8.34034391402616e-05,952.6389661040514,94.71064689341718,,,,,
gauss-d10,10,32,49,std,2852,9.983795358429505e-05,956.0669310493079,0.0,0.002169490484314278,,,,
gauss-d10,10,32,49,acc,118,8.333814855539766e-05,956.0669310493079,94.73028964615261,,,,,
gauss-d50,50,2,0,std,10,8.01367592412626e-05,1.7039417041599423,0.0,0.6110191334896928,,,,
gauss-d50,50,2,0,acc,7,5.1215663006884315e-05,1.7039417041599423,98.72730520583448,,,,,
gauss-d50,50,2,1,std,10,8.541300438877346e-05,1.6498104642860598,0.0,0.6037508853470749,,,,
gauss-d50,50,2,1,acc,7,5.125694546662212e-05,1.6498104642860598,98.73843775560631,,,,,
gauss-d50,50,2,2,std,13,8.616421988885239e-05,2.2388902568617803,0.0,0.5064279485560763,,,,
gauss-d50,50,2,2,acc,8,6.52057187464371e-05,2.2388902568617812,98.73822051612426,,,,,
gauss-d50,50,2,3,std,12,9.94656798104853e-05,2.0410919552574924,0.0,0.5237100819747039,,,,
gauss-d50,50,2,3,acc,7,6.660555967694576e-05,2.041091955257492,98.72925456097225,,,,,
gauss-d50,50,2,4,std,12,6.443048007716161e-05,2.5687228945110143,0.0,0.5283105812743936,,,,
gauss-d50,50,2,4,acc,8,7.969325438956335e-05,2.5687228945110148,98.72344477194441,,,,,
gauss-d50,50,2,5,std,9,6.495161549996849e-05,1.5886282926214101,0.0,0.6851879509588985,,,,
gauss-d50,50,2,5,acc,7,4.1188717128642045e-05,1.5886282926214101,98.74146352500594,,,,,
gauss-d50,50,2,6,std,12,9.398582817954576e-05,2.318722057819112,0.0,0.5342591892576836,,,,
gauss-d50,50,2,6,acc,7,7.292131637337707e-05,2.318722057819112,98.75401781395232,,,,,
gauss-d50,50,2,7,std,9,6.471423168125758e-05,1.5622580117532652,0.0,0.6205560044552348,,,,
gauss-d50,50,2,7,acc,7,4.538687932128062e-05,1.5622580117532654,98.75557421138713,,,,,
gauss-d50,50,2,8,std,13,7.221490305119728e-05,2.10764412679807,0.0,0.5118427469862181,,,,
gauss-d50,50,2,8,acc,8,6.674712789067809e-05,2.10764412679807,98.7402092577545,,,,,
gauss-d50,50,2,9,std,12,7.151081175604477e-05,2.466512518278601,0.0,0.5538725813119663,,,,
gauss-d50,50,2,9,acc,7,7.604790642925041e-05,2.4665125182786,98.74379718141992,,,,,
gauss-d50,50,2,10,std,13,8.217718578036227e-05,2.449847354530941,0.0,0.513314875518883,,,,
gauss-d50,50,2,10,acc,8,7.132926137858935e-05,2.4498473545309416,98.74252661212192,,,,,
gauss-d50,50,2,11,std,8,8.092598768583628e-05,1.4492502364074873,0.0,0.8251111242880482,,,,
gauss-d50,50,2,11,acc,5,3.342078208507749e-05,1.449250236407487,98.76543164420016,,,,,
gauss-d50,50,2,12,std,12,7.700933590860111e-05,2.2213084074163985,0.0,0.5429483743022293,,,,
gauss-d50,50,2,12,acc,7,7.063389080310852e-05,2.221308407416398,98.76252258960443,,,,,
gauss-d50,50,2,13,std,9,6.760160875084367e-05,1.8600867254999793,0.0,0.6980477521001803,,,,
gauss-d50,50,2,13,acc,7,4.8408836394102396e-05,1.8600867254999787,98.74803087886636,,,,,
gauss-d50,50,2,14,std,8,8.145652209609218e-05,1.465396089020099,0.0,0.8272630200452011,,,,
gauss-d50,50,2,14,acc,5,3.480560173945123e-05,1.465396089020099,98.74774806862949,,,,,
gauss-d50,50,2,15,std,8,6.643973625455247e-05,1.5630898959753283,0.0,0.7617755762682638,,,,
gauss-d50,50,2,15,acc,6,3.797061983416281e-05,1.5630898959753277,98.74239466358573,,,,,
gauss-d50,50,2,16,std,8,8.912311748568734e-05,1.7659068590036704,0.0,0.8393830602155069,,,,
gauss-d50,50,2,16,acc,6,4.148259672564639e-05,1.7659068590036704,98.74679145187672,,,,,
gauss-d50,50,2,17,std,12,7.810865563843275e-05,1.77812756175955,0.0,0.5290481657040069,,,,
gauss-d50,50,2,17,acc,7,6.143760608768007e-05,1.7781275617595496,98.75229234076778,,,,,
gauss-d50,50,2,18,std,13,8.695627893743893e-05,2.4586009756310365,0.0,0.5104637243658794,,,,
gauss-d50,50,2,18,acc,8,6.88077163000686e-05,2.458600975631037,98.72650850793741,,,,,
gauss-d50,50,2,19,std,10,8.223612156088101e-05,1.4433826327461858,0.0,0.5956650592423305,,,,
gauss-d50,50,2,19,acc,7,4.6050202904758135e-05,1.4433826327461854,98.74366994118411,,,,,
gauss-d50,50,2,20,std,13,7.12635604016979e-05,2.04696316685792,0.0,0.5106536461705927,,,,
gauss-d50,50,2,20,acc,7,6.476359894096403e-05,2.0469631668579193,98.75486674088114,,,,,
gauss-d50,50,2,21,std,13,8.746326951473742e-05,2.447097639306517,0.0,0.5101924620651013,,,,
gauss-d50,50,2,21,acc,8,6.917334109071612e-05,2.4470976393065174,98.76589219554592,,,,,
gauss-d50,50,2,22,std,11,8.949785835694871e-05,1.7072968413821665,0.0,0.5555061624319759,,,,
gauss-d50,50,2,22,acc,7,5.76896318668739e-05,1.707296841382167,98.75462326331001,,,,,
gauss-d50,50,2,23,std,12,9.154371624543137e-05,1.9252213514928003,0.0,0.5249503731779871,,,,
gauss-d50,50,2,23,acc,7,6.468789675172055e-05,1.9252213514927996,98.75204145618748,,,,,
gauss-d50,50,2,24,std,13,6.819688273807005e-05,1.99422643743261,0.0,0.5116387937274279,,,,
gauss-d50,50,2,24,acc,7,6.470409597298434e-05,1.99422643743261,98.74414390063582,,,,,
gauss-d50,50,2,25,std,13,8.167466992831468e-05,2.225064179442451,0.0,0.5082462610353097,,,,
gauss-d50,50,2,25,acc,8,6.532302667736954e-05,2.225064179442451,98.78839229521375,,,,,
gauss-d50,50,2,26,std,11,7.541035304324224e-05,1.6024284219406324,0.0,0.5623711867001627,,,,
gauss-d50,50,2,26,acc,7,5.355371635612508e-05,1.6024284219406335,98.7744531510744,,,,,
gauss-d50,50,2,27,std,13,7.855075562169744e-05,2.7421854056779282,0.0,0.5211736492193628,,,,
gauss-d50,50,2,27,acc,8,7.82751740939312e-05,2.742185405677928,98.74174689450022,,,,,
gauss-d50,50,2,28,std,11,8.870371703869367e-05,2.4705346840182854,0.0,0.5817901295645238,,,,
gauss-d50,50,2,28,acc,7,7.403288539441219e-05,2.470534684018285,98.73831816898955,,,,,
gauss-d50,50,2,29,std,13,7.825562755584204e-05,2.5588763841969864,0.0,0.5178051688945902,,,,
gauss-d50,50,2,29,acc,8,7.457552736861995e-05,2.558876384196986,98.74756196522114,,,,,
gauss-d50,50,2,30,std,10,9.375355118050133e-05,1.834995931438974,0.0,0.6048333649742278,,,,
gauss-d50,50,2,30,acc,7,5.603772527825393e-05,1.834995931438974,98.7470694489888,,,,,
gauss-d50,50,2,31,std,12,6.593823607143817e-05,2.348199576320941,0.0,0.5218670154698581,,,,
gauss-d50,50,2,31,acc,7,7.309677204987448e-05,2.34819957632094,98.75306853265845,,,,,
gauss-d50,50,2,32,std,9,9.528540125358397e-05,1.6879636252564734,0.0,0.7319201301322878,,,,
gauss-d50,50,2,32,acc,7,4.390431960914666e-05,1.6879636252564727,98.72177003296494,,,,,
gauss-d50,50,2,33,std,13,8.424120048395383e-05,2.3071210243264617,0.0,0.5089090922081863,,,,
gauss-d50,50,2,33,acc,8,6.705574625858387e-05,2.307121024326462,98.73264121230751,,,,,
gauss-d50,50,2,34,std,12,8.063531219596608e-05,2.2850264971135967,0.0,0.5421735649905959,,,,
gauss-d50,50,2,34,acc,7,7.255807673701052e-05,2.2850264971135967,98.75513625114105,,,,,
gauss-d50,50,2,35,std,13,7.751530468185016e-05,2.677502429239164,0.0,0.5203832153499267,,,,
gauss-d50,50,2,35,acc,8,7.654587453190854e-05,2.6775024292391625,98.76538751151483,,,,,
gauss-d50,50,2,36,std,13,6.899512125838917e-05,2.058973865709871,0.0,0.5128378849700301,,,,
gauss-d50,50,2,36,acc,7,6.629392935642406e-05,2.0589738657098717,98.76184648787448,,,,,
gauss-d50,50,2,37,std,10,9.83405538163397e-05,1.6744819173120908,0.0,0.5927577838851639,,,,
gauss-d50,50,2,37,acc,7,5.189279019412384e-05,1.6744819173120904,98.75253190362443,,,,,
gauss-d50,50,2,38,std,13,7.77015635859577e-05,2.01832434831889,0.0,0.5061217754022262,,,,
gauss-d50,50,2,38,acc,8,6.333432100077174e-05,2.01832434831889,98.74040482019167,,,,,
gauss-d50,50,2,39,std,11,7.813400903434522e-05,1.8123864724329897,0.0,0.5686612205554842,,,,
gauss-d50,50,2,39,acc,7,5.8638907035338185e-05,1.81238647243299,98.73096944012967,,,,,
gauss-d50,50,2,40,std,13,7.942352136348971e-05,1.8553684245818525,0.0,0.5006037690153509,,,,
gauss-d50,50,2,40,acc,8,5.866969268509811e-05,1.8553684245818525,98.73567163065287,,,,,
gauss-d50,50,2,41,std,12,6.531701007405075e-05,2.6115671497806403,0.0,0.5280984173831117,,,,
gauss-d50,50,2,41,acc,8,7.923306104551695e-05,2.6115671497806408,98.75798189760069,,,,,
gauss-d50,50,2,42,std,13,8.076687899601826e-05,2.436398461286074,0.0,0.5139045786235492,,,,
gauss-d50,50,2,42,acc,8,7.161103274285071e-05,2.436398461286074,98.7424211703802,,,,,
gauss-d50,50,2,43,std,13,8.390060515163176e-05,2.4937311814031724,0.0,0.5129824317541054,,,,
gauss-d50,50,2,43,acc,8,7.098411640639591e-05,2.493731181403172,98.75238784634892,,,,,
gauss-d50,50,2,44,std,13,7.21302870172343e-05,2.790770845589533,0.0,0.5265929300570479,,,,
gauss-d50,50,2,44,acc,8,8.184826624340664e-05,2.790770845589533,98.75361308955215,,,,,
gauss-d50,50,2,45,std,10,8.590743186234534e-05,1.6628565190439346,0.0,0.6033420875518865,,,,
gauss-d50,50,2,45,acc,7,5.088846497369753e-05,1.662856519043934,98.74700343540893,,,,,
gauss-d50,50,2,46,std,13,7.414685105729802e-05,2.2277254390855665,0.0,0.5132581524773603,,,,
gauss-d50,50,2,46,acc,8,6.84584565712414e-05,2.227725439085567,98.71942700946146,,,,,
gauss-d50,50,2,47,std,13,8.328708411847602e-05,2.791783775381098,0.0,0.5194307001905181,,,,
gauss-d50,50,2,47,acc,8,7.851044447458911e-05,2.7917837753810986,98.74577165093362,,,,,
gauss-d50,50,2,48,std,13,7.810385565418838e-05,2.178249260419542,0.0,0.5096114488920634,,,,
gauss-d50,50,2,48,acc,8,6.632241904997143e-05,2.178249260419542,98.73976658856132,,,,,
gauss-d50,50,2,49,std,13,8.0202212402636e-05,2.4618962699630638,0.0,0.514640139526575,,,,
gauss-d50,50,2,49,acc,8,7.195468316520882e-05,2.4618962699630638,98.7411575135745,,,,,
gauss-d50,50,4,0,std,45,9.839406429573185e-05,6.913255447429133,0.0,0.13241363670190356,,,,
gauss-d50,50,4,0,acc,15,2.7603963132486874e-05,6.913255447429135,98.73518866594202,,,,,
gauss-d50,50,4,1,std,45,9.933124897727567e-05,6.926590071186718,0.0,0.13240194905067396,,,,
gauss-d50,50,4,1,acc,15,2.704621049198692e-05,6.926590071186718,98.7403036605939,,,,,
gauss-d50,50,4,2,std,47,8.996832808936227e-05,10.011288535864773,0.0,0.13310112938643162,,,,
gauss-d50,50,4,2,acc,15,8.604886191507254e-06,10.011288535864773,98.74139040842937,,,,,
gauss-d50,50,4,3,std,46,9.459442020525247e-05,8.99454918462556,0.0,0.13292527056857717,,,,
gauss-d50,50,4,3,acc,15,1.378857801472806e-05,8.994549184625562,98.74597099123653,,,,,
gauss-d50,50,4,4,std,46,9.489968794590582e-05,9.555849130698052,0.0,0.13330208013065464,,,,
gauss-d50,50,4,4,acc,15,1.355726484244237e-05,9.555849130698052,98.74069861768328,,,,,
gauss-d50,50,4,5,std,44,9.042167399909637e-05,6.237817726008059,0.0,0.13201606919460554,,,,
gauss-d50,50,4,5,acc,15,3.211779893005874e-05,6.2378177260080605,98.7572999812978,,,,,
gauss-d50,50,4,6,std,46,9.341312258012366e-05,9.143219761575835,0.0,0.13306311006723145,,,,
gauss-d50,50,4,6,acc,15,1.470936234617421e-05,9.143219761575835,98.73783855308588,,,,,
gauss-d50,50,4,7,std,44,9.548352212867053e-05,6.564354231892883,0.0,0.13217347937801247,,,,
gauss-d50,50,4,7,acc,15,2.9302007080325013e-05,6.5643542318928825,98.73156663080897,,,,,
gauss-d50,50,4,8,std,47,9.741720450117015e-05,9.378188409382261,0.0,0.13309770247118627,,,,
gauss-d50,50,4,8,acc,15,1.1642120742636167e-05,9.378188409382261,98.7430243181801,,,,,
gauss-d50,50,4,9,std,46,9.966412616833724e-05,8.746359979842156,0.0,0.13322253582955132,,,,
gauss-d50,50,4,9,acc,15,1.8837672979924103e-05,8.746359979842156,98.7430307567227,,,,,
gauss-d50,50,4,10,std,47,8.892941856833425e-05,10.079200416145312,0.0,0.13318056074226728,,,,
gauss-d50,50,4,10,acc,15,9.425057712844026e-06,10.079200416145314,98.7262038009045,,,,,
gauss-d50,50,4,11,std,43,9.5690526401895e-05,5.709249415366095,0.0,0.13191789958112435,,,,
gauss-d50,50,4,11,acc,15,3.50333186026777e-05,5.709249415366095,98.74908424237934,,,,,
gauss-d50,50,4,12,std,46,8.954726755294393e-05,8.637348692238701,0.0,0.13283080833502928,,,,
gauss-d50,50,4,12,acc,15,1.7770526716432e-05,8.6373486922387,98.73870916138843,,,,,
gauss-d50,50,4,13,std,44,9.082712885013361e-05,6.537225760610348,0.0,0.13230425389363823,,,,
gauss-d50,50,4,13,acc,15,3.190196383344255e-05,6.537225760610347,98.73044389049757,,,,,
gauss-d50,50,4,14,std,43,9.574090178958959e-05,5.72839364260866,0.0,0.13195282869626368,,,,
gauss-d50,50,4,14,acc,15,3.501228408446493e-05,5.72839364260866,98.73239196356205,,,,,
gauss-d50,50,4,15,std,44,9.783068743428151e-05,5.950919997897014,0.0,0.13212017316971758,,,,
gauss-d50,50,4,15,acc,15,3.410394612915439e-05,5.950919997897012,98.75960796486524,,,,,
gauss-d50,50,4,16,std,43,9.646334513947231e-05,6.07195954964596,0.0,0.13229238065094734,,,,
gauss-d50,50,4,16,acc,15,3.4704112197193334e-05,6.071959549645962,98.70700289143294,,,,,
gauss-d50,50,4,17,std,46,8.980821246839903e-05,8.221132645856777,0.0,0.13252086656997683,,,,
gauss-d50,50,4,17,acc,15,1.7558897315628394e-05,8.221132645856775,98.72175280864832,,,,,
gauss-d50,50,4,18,std,47,9.017207143577691e-05,10.259405242796367,0.0,0.13323942165074776,,,,
gauss-d50,50,4,18,acc,15,8.448271702089781e-06,10.259405242796369,98.74246765308725,,,,,
gauss-d50,50,4,19,std,45,9.877033748470314e-05,6.679738288257907,0.0,0.13218250466456796,,,,
gauss-d50,50,4,19,acc,15,2.7378858587058388e-05,6.679738288257906,98.75006904766093,,,,,
gauss-d50,50,4,20,std,46,9.711620005614131e-05,9.283057437496087,0.0,0.1330354620465649,,,,
gauss-d50,50,4,20,acc,15,1.1866543991271848e-05,9.283057437496087,98.73727953839223,,,,,
gauss-d50,50,4,21,std,47,9.030203948676499e-05,10.26608433133833,0.0,0.1332445875810894,,,,
gauss-d50,50,4,21,acc,15,8.348168921630776e-06,10.266084331338332,98.74429575186684,,,,,
gauss-d50,50,4,22,std,45,9.548188561755641e-05,7.618449838951679,0.0,0.13248644606929477,,,,
gauss-d50,50,4,22,acc,15,2.1799142533616216e-05,7.61844983895168,98.72555051628508,,,,,
gauss-d50,50,4,23,std,46,9.287701302210585e-05,8.691867819868797,0.0,0.13276791310970376,,,,
gauss-d50,50,4,23,acc,15,1.5126708069865018e-05,8.691867819868795,98.73394321767775,,,,,
gauss-d50,50,4,24,std,46,9.613358134018257e-05,9.118947067552542,0.0,0.1329594214281663,,,,
gauss-d50,50,4,24,acc,15,1.2607986051420425e-05,9.118947067552542,98.73383185461664,,,,,
gauss-d50,50,4,25,std,47,8.879686789794831e-05,9.836377043357329,0.0,0.1330247461941908,,,,
gauss-d50,50,4,25,acc,15,9.528986142471799e-06,9.83637704335733,98.74191228268214,,,,,
gauss-d50,50,4,26,std,45,9.262662670672488e-05,7.26956326490589,0.0,0.13228310180474404,,,,
gauss-d50,50,4,26,acc,15,2.3807839416378228e-05,7.269563264905891,98.73336117208046,,,,,
gauss-d50,50,4,27,std,47,9.937848522441513e-05,10.241243960235277,0.0,0.13358201274676412,,,,
gauss-d50,50,4,27,acc,15,1.0205975392674051e-05,10.241243960235277,98.73944469623441,,,,,
gauss-d50,50,4,28,std,45,9.532624762688229e-05,8.368234755057772,0.0,0.1330660614849727,,,,
gauss-d50,50,4,28,acc,15,2.1914707112495335e-05,8.368234755057772,98.7591134713348,,,,,
gauss-d50,50,4,29,std,47,9.9288739689821e-05,10.047319396284419,0.0,0.13346840148977396,,,,
gauss-d50,50,4,29,acc,15,1.0269549737570977e-05,10.047319396284419,98.7355051471348,,,,,
gauss-d50,50,4,30,std,45,8.918822367844949e-05,7.215488327037089,0.0,0.1323505796080789,,,,
gauss-d50,50,4,30,acc,15,2.618797713824401e-05,7.215488327037084,98.73756815612498,,,,,
gauss-d50,50,4,31,std,46,9.539734486821265e-05,9.39052665863174,0.0,0.13316892317945775,,,,
gauss-d50,50,4,31,acc,15,1.3172576686815716e-05,9.39052665863174,98.74473808241564,,,,,
gauss-d50,50,4,32,std,44,8.977029637221787e-05,6.292358899809925,0.0,0.13210607362392202,,,,
gauss-d50,50,4,32,acc,15,3.246634246479082e-05,6.292358899809928,98.73338203742749,,,,,
gauss-d50,50,4,33,std,47,8.947004875711241e-05,10.010542158313317,0.0,0.13311625840597527,,,,
gauss-d50,50,4,33,acc,15,8.995173694490553e-06,10.010542158313317,98.71878058507029,,,,,
gauss-d50,50,4,34,std,46,9.040188518362816e-05,8.789690413948751,0.0,0.13291413024212442,,,,
gauss-d50,50,4,34,acc,15,1.7088886540620368e-05,8.789690413948751,98.72497860752445,,,,,
gauss-d50,50,4,35,std,47,9.906293214612463e-05,10.139305248117063,0.0,0.13352490299073724,,,,
gauss-d50,50,4,35,acc,15,1.0433779626384206e-05,10.139305248117061,98.73618827743272,,,,,
gauss-d50,50,4,36,std,46,9.639119696661612e-05,9.21273539826141,0.0,0.13301854523120848,,,,
gauss-d50,50,4,36,acc,15,1.2413162904824992e-05,9.21273539826141,98.74365198635161,,,,,
gauss-d50,50,4,37,std,45,8.986318763155692e-05,7.110665778886789,0.0,0.1322244866033967,,,,
gauss-d50,50,4,37,acc,15,2.5724180692854132e-05,7.110665778886787,98.75823215581073,,,,,
gauss-d50,50,4,38,std,47,9.91198466176145e-05,9.486832466406735,0.0,0.13311297807503986,,,,
gauss-d50,50,4,38,acc,15,1.0388058534255745e-05,9.486832466406735,98.74899469273049,,,,,
gauss-d50,50,4,39,std,45,9.31957130681782e-05,7.527700313412526,0.0,0.13248549865293247,,,,
gauss-d50,50,4,39,acc,15,2.3410846474688514e-05,7.5277003134125255,98.75184471324371,,,,,
gauss-d50,50,4,40,std,47,9.96430297747538e-05,9.385810881426622,0.0,0.1330180275350271,,,,
gauss-d50,50,4,40,acc,15,1.0009014137392658e-05,9.385810881426622,98.72759224623043,,,,,
gauss-d50,50,4,41,std,46,9.519290797019297e-05,9.631170426836219,0.0,0.13333193751796518,,,,
gauss-d50,50,4,41,acc,15,1.3331498624216027e-05,9.631170426836219,98.74611248155482,,,,,
gauss-d50,50,4,42,std,47,8.855646218104349e-05,10.01511002832305,0.0,0.13315500846128878,,,,
gauss-d50,50,4,42,acc,15,9.724022339523937e-06,10.01511002832305,98.7136958979155,,,,,
gauss-d50,50,4,43,std,47,8.938125277672265e-05,10.184932523355169,0.0,0.13322330107518263,,,,
gauss-d50,50,4,43,acc,15,9.066463645462778e-06,10.184932523355167,98.74716891194683,,,,,
gauss-d50,50,4,44,std,47,9.73904886033914e-05,10.058251035950033,0.0,0.13353282053315185,,,,
gauss-d50,50,4,44,acc,15,1.1667101093965605e-05,10.058251035950033,98.74750779842444,,,,,
gauss-d50,50,4,45,std,45,9.941773932151989e-05,6.94588146837299,0.0,0.13240877072792986,,,,
gauss-d50,50,4,45,acc,15,2.6994391576967943e-05,6.945881468372988,98.74134380668826,,,,,
gauss-d50,50,4,46,std,47,9.80231053704754e-05,9.56810438985016,0.0,0.13320165687567903,,,,
gauss-d50,50,4,46,acc,15,1.1192774935252897e-05,9.56810438985016,98.75464581466588,,,,,
gauss-d50,50,4,47,std,47,8.922088685775487e-05,10.46097068141976,0.0,0.13339567103030733,,,,
gauss-d50,50,4,47,acc,15,9.195743265733927e-06,10.46097068141976,98.73378988299928,,,,,
gauss-d50,50,4,48,std,47,9.924253412412452e-05,9.66123299184614,0.0,0.13322326804345286,,,,
gauss-d50,50,4,48,acc,15,1.030020424446764e-05,9.661232991846141,98.7411084508805,,,,,
gauss-d50,50,4,49,std,47,9.98779265721228e-05,10.020322126289045,0.0,0.13343464375804465,,,,
gauss-d50,50,4,49,acc,15,9.84520171142494e-06,10.020322126289045,98.74373015723671,,,,,
gauss-d50,50,8,0,std,179,9.841325570555601e-05,41.09665300265958,0.0,0.03412489384651375,,,,
gauss-d50,50,8,0,acc,30,8.500034296988013e-06,41.09665300265958,98.74097395117384,,,,,
gauss-d50,50,8,1,std,179,9.862666282715177e-05,41.25484124970399,0.0,0.03413069433599319,,,,
gauss-d50,50,8,1,acc,30,8.243407699266608e-06,41.254841249703986,98.73571433609362,,,,,
gauss-d50,50,8,2,std,181,9.877921915010801e-05,49.565806066001265,0.0,0.0342947890325067,,,,
gauss-d50,50,8,2,acc,30,2.1981114977202455e-06,49.565806066001265,98.72842494312052,,,,,
gauss-d50,50,8,3,std,180,9.704000947521538e-05,46.86149208702109,0.0,0.03423629952786336,,,,
gauss-d50,50,8,3,acc,30,3.5369069072108885e-06,46.86149208702109,98.6963098635575,,,,,
gauss-d50,50,8,4,std,180,9.711651880396112e-05,47.49268341590641,0.0,0.0342434145815641,,,,
gauss-d50,50,8,4,acc,30,3.4712963350947763e-06,47.49268341590641,98.7358635982989,,,,,
gauss-d50,50,8,5,std,178,9.962366827913349e-05,39.210924524860836,0.0,0.03408765234370071,,,,
gauss-d50,50,8,5,acc,30,1.0860087877027401e-05,39.210924524860836,98.7282692482608,,,,,
gauss-d50,50,8,6,std,180,9.981015498893193e-05,46.74205033433914,0.0,0.034247665018687395,,,,
gauss-d50,50,8,6,acc,30,3.7974124811566623e-06,46.74205033433914,98.71736238520175,,,,,
gauss-d50,50,8,7,std,178,9.774499979727999e-05,40.30160866481498,0.0,0.03410396853450191,,,,
gauss-d50,50,8,7,acc,30,9.32478425234415e-06,40.30160866481498,98.74033978558255,,,,,
gauss-d50,50,8,8,std,180,9.774334136377488e-05,47.901597681624445,0.0,0.03425970930473447,,,,
gauss-d50,50,8,8,acc,30,2.9567768914392827e-06,47.901597681624445,98.72894638915888,,,,,
gauss-d50,50,8,9,std,180,9.844114858379403e-05,45.205509244628566,0.0,0.03420650244445539,,,,
gauss-d50,50,8,9,acc,30,5.06936315576832e-06,45.205509244628566,98.75099862494187,,,,,
gauss-d50,50,8,10,std,181,9.84934495618598e-05,49.340785312753695,0.0,0.034287028906321584,,,,
gauss-d50,50,8,10,acc,30,2.3958480287148964e-06,49.340785312753695,98.70927308153189,,,,,
gauss-d50,50,8,11,std,178,9.820958272147365e-05,37.83320136031575,0.0,0.03404672184395019,,,,
gauss-d50,50,8,11,acc,30,1.275170965639722e-05,37.83320136031575,98.74896079358346,,,,,
gauss-d50,50,8,12,std,180,9.879485935893224e-05,45.38260430501903,0.0,0.034215208759915225,,,,
gauss-d50,50,8,12,acc,30,4.7240347028711606e-06,45.38260430501903,98.71945830969439,,,,,
gauss-d50,50,8,13,std,178,9.972246040805544e-05,39.57105274676685,0.0,0.034207203912375514,,,,
gauss-d50,50,8,13,acc,30,1.073235013084484e-05,39.57105274676686,98.73860382105997,,,,,
gauss-d50,50,8,14,std,178,9.822075224477471e-05,37.858913784817524,0.0,0.034047451536504236,,,,
gauss-d50,50,8,14,acc,30,1.2736320084811303e-05,37.858913784817524,98.74179773903602,,,,,
gauss-d50,50,8,15,std,178,9.86819756334939e-05,38.354533800716354,0.0,0.03406121899759547,,,,
gauss-d50,50,8,15,acc,30,1.2106938717103057e-05,38.354533800716354,98.74000194482683,,,,,
gauss-d50,50,8,16,std,178,9.838066816370526e-05,38.296750521856914,0.0,0.03416697114685326,,,,
gauss-d50,50,8,16,acc,30,1.2516745877770168e-05,38.296750521856914,98.74045967638075,,,,,
gauss-d50,50,8,17,std,180,9.88639838201983e-05,45.02294500711671,0.0,0.03421354022735937,,,,
gauss-d50,50,8,17,acc,30,4.65788864499307e-06,45.02294500711671,98.74758518948646,,,,,
gauss-d50,50,8,18,std,181,9.883507954715036e-05,49.872003008011,0.0,0.034298208139190295,,,,
gauss-d50,50,8,18,acc,30,2.160497773103569e-06,49.872003008011,98.75104557443942,,,,,
gauss-d50,50,8,19,std,179,9.849903920714116e-05,40.92122018952563,0.0,0.034124869915050426,,,,
gauss-d50,50,8,19,acc,30,8.396478911034257e-06,40.92122018952563,98.73411426485598,,,,,
gauss-d50,50,8,20,std,180,9.766878241432818e-05,47.73533384069716,0.0,0.03425662664257156,,,,
gauss-d50,50,8,20,acc,30,3.0158126023220764e-06,47.73533384069716,98.73672229366862,,,,,
gauss-d50,50,8,21,std,181,9.88706816851953e-05,49.91584310402606,0.0,0.03429943097930088,,,,
gauss-d50,50,8,21,acc,30,2.1367027029393236e-06,49.91584310402606,98.73304610836361,,,,,
gauss-d50,50,8,22,std,179,9.744487852297694e-05,43.29924713903141,0.0,0.034169192111351394,,,,
gauss-d50,50,8,22,acc,30,6.102370185395399e-06,43.29924713903141,98.73123222765292,,,,,
gauss-d50,50,8,23,std,180,9.967046694707611e-05,46.17020929041077,0.0,0.03423999536068957,,,,
gauss-d50,50,8,23,acc,30,3.919116378814681e-06,46.17020929041077,98.73907819924365,,,,,
gauss-d50,50,8,24,std,180,9.742465882612607e-05,47.34094337300965,0.0,0.034248340241505366,,,,
gauss-d50,50,8,24,acc,30,3.2132144306687503e-06,47.34094337300965,98.74182651402651,,,,,
gauss-d50,50,8,25,std,181,9.845687709653106e-05,49.06096435217074,0.0,0.03428382193317938,,,,
gauss-d50,50,8,25,acc,30,2.4217937613496437e-06,49.06096435217074,98.74624386176056,,,,,
gauss-d50,50,8,26,std,179,9.982161955876187e-05,42.43210510160166,0.0,0.034165297251414345,,,,
gauss-d50,50,8,26,acc,30,6.869305564009172e-06,42.432105101601664,98.74739015697315,,,,,
gauss-d50,50,8,27,std,181,9.822660668736861e-05,49.23534011912286,0.0,0.0342804633456375,,,,
gauss-d50,50,8,27,acc,30,2.5884737886002817e-06,49.23534011912286,98.73611227413782,,,,,
gauss-d50,50,8,28,std,179,9.740744788527995e-05,44.02052510394945,0.0,0.03429630598449883,,,,
gauss-d50,50,8,28,acc,30,6.142879066615546e-06,44.02052510394945,98.73462277215495,,,,,
gauss-d50,50,8,29,std,181,9.820458906781293e-05,49.01959407253858,0.0,0.03427833323024699,,,,
gauss-d50,50,8,29,acc,30,2.604710347422402e-06,49.01959407253858,98.74952146536756,,,,,
gauss-d50,50,8,30,std,179,9.895075596788074e-05,41.76603548989563,0.0,0.03414190557084677,,,,
gauss-d50,50,8,30,acc,30,7.860080555039633e-06,41.76603548989563,98.75165991542744,,,,,
gauss-d50,50,8,31,std,180,9.724101245825456e-05,47.44185267025872,0.0,0.03424535031311629,,,,
gauss-d50,50,8,31,acc,30,3.365835184423638e-06,47.44185267025872,98.73920577795487,,,,,
gauss-d50,50,8,32,std,178,9.946456772035907e-05,39.16807824975672,0.0,0.034084486296501744,,,,
gauss-d50,50,8,32,acc,30,1.1067049295641168e-05,39.16807824975673,98.7442588001095,,,,,
gauss-d50,50,8,33,std,181,9.864235347033234e-05,49.4239012374116,0.0,0.03429073903009588,,,,
gauss-d50,50,8,33,acc,30,2.291707447459837e-06,49.4239012374116,98.73681673548515,,,,,
gauss-d50,50,8,34,std,180,9.902092515282242e-05,45.72071718895027,0.0,0.03422282871270091,,,,
gauss-d50,50,8,34,acc,30,4.509350379141057e-06,45.72071718895027,98.73281245051545,,,,,
gauss-d50,50,8,35,std,181,9.814915024199816e-05,49.05679907824642,0.0,0.034277314541614354,,,,
gauss-d50,50,8,35,acc,30,2.645823531042137e-06,49.05679907824642,98.74047969386442,,,,,
gauss-d50,50,8,36,std,180,9.748876944968426e-05,47.49482408954462,0.0,0.03425101453328341,,,,
gauss-d50,50,8,36,acc,30,3.160766443406617e-06,47.49482408954462,98.85729537386528,,,,,
gauss-d50,50,8,37,std,179,9.912280759867553e-05,41.78039062359947,0.0,0.03414514600693565,,,,
gauss-d50,50,8,37,acc,30,7.65976226460721e-06,41.78039062359946,98.74225880230335,,,,,
gauss-d50,50,8,38,std,181,9.816312899703535e-05,48.41811709649992,0.0,0.034272719430872636,,,,
gauss-d50,50,8,38,acc,30,2.6354258315631782e-06,48.41811709649992,98.73718739898604,,,,,
gauss-d50,50,8,39,std,179,9.996443118019671e-05,42.79276469989813,0.0,0.03417153230116584,,,,
gauss-d50,50,8,39,acc,30,6.71242345275526e-06,42.79276469989813,98.73010835967085,,,,,
gauss-d50,50,8,40,std,181,9.829145508741255e-05,48.4443953407116,0.0,0.03427551273872641,,,,
gauss-d50,50,8,40,acc,30,2.540955297848291e-06,48.4443953407116,98.74068156774182,,,,,
gauss-d50,50,8,41,std,180,9.718990568546686e-05,47.63537959777052,0.0,0.03424591304267849,,,,
gauss-d50,50,8,41,acc,30,3.4089338295666437e-06,47.63537959777052,98.74724964102826,,,,,
gauss-d50,50,8,42,std,181,9.839048113591264e-05,49.17280622890157,0.0,0.03428355430272421,,,,
gauss-d50,50,8,42,acc,30,2.4692670398084915e-06,49.17280622890157,98.86064499589412,,,,,
gauss-d50,50,8,43,std,181,9.861792567783696e-05,49.573265927081,0.0,0.03429134700661333,,,,
gauss-d50,50,8,43,acc,30,2.3086267684220146e-06,49.573265927081,98.75202012600555,,,,,
gauss-d50,50,8,44,std,180,9.773672804269835e-05,48.5753353822199,0.0,0.03426502225204038,,,,
gauss-d50,50,8,44,acc,30,2.9619895282230656e-06,48.5753353822199,98.74722969310282,,,,,
gauss-d50,50,8,45,std,179,9.864631494461464e-05,41.287531879046455,0.0,0.0341312450072852,,,,
gauss-d50,50,8,45,acc,30,8.219942959366649e-06,41.287531879046455,98.73234672659838,,,,,
gauss-d50,50,8,46,std,180,9.789310729181946e-05,48.23556904948165,0.0,0.034265497873033776,,,,
gauss-d50,50,8,46,acc,30,2.8399740925111187e-06,48.23556904948165,98.75415846697902,,,,,
gauss-d50,50,8,47,std,181,9.857378012988714e-05,49.804205288602574,0.0,0.03429235331177586,,,,
gauss-d50,50,8,47,acc,30,2.3393675099881683e-06,49.804205288602574,98.72857444427338,,,,,
gauss-d50,50,8,48,std,181,9.819324970038353e-05,48.62228381753788,0.0,0.03427493168811901,,,,
gauss-d50,50,8,48,acc,30,2.6130927153596095e-06,48.62228381753788,98.73878319569341,,,,,
gauss-d50,50,8,49,std,181,9.834896915961698e-05,49.13637605804667,0.0,0.03428231877457592,,,,
gauss-d50,50,8,49,acc,30,2.4991901689983686e-06,49.13637605804667,98.75664760049136,,,,,
gauss-d50,50,16,0,std,713,9.942622146733894e-05,205.5260584530068,0.0,0.008656390780686609,,,,
gauss-d50,50,16,0,acc,59,4.21871062931279e-05,205.5260584530068,98.73153718041682,,,,,
gauss-d50,50,16,1,std,713,9.947897077694848e-05,205.97513145183447,0.0,0.008656926148142086,,,,
gauss-d50,50,16,1,acc,59,4.200161842025495e-05,205.97513145183447,98.74700620235703,,,,,
gauss-d50,50,16,2,std,715,9.94925803275825e-05,224.7431759124762,0.0,0.008671172578339454,,,,
gauss-d50,50,16,2,acc,59,3.696822989828971e-05,224.7431759124762,98.73753501460838,,,,,
gauss-d50,50,16,3,std,715,9.983342306343033e-05,218.67025170934065,0.0,0.008667619487067565,,,,
gauss-d50,50,16,3,acc,59,3.825965124568294e-05,218.67025170934065,98.74317978199811,,,,,
gauss-d50,50,16,4,std,715,9.985299574306189e-05,219.44110360877093,0.0,0.00867571008778921,,,,
gauss-d50,50,16,4,acc,59,3.8200214676529544e-05,219.44110360877093,98.73982787760356,,,,,
gauss-d50,50,16,5,std,713,9.974656579050944e-05,201.2076961252434,0.0,0.008660081196686079,,,,
gauss-d50,50,16,5,acc,59,4.384265338879326e-05,201.2076961252434,98.74219055338453,,,,,
gauss-d50,50,16,6,std,715,9.975735243933706e-05,218.01493263883214,0.0,0.008674560520435358,,,,
gauss-d50,50,16,6,acc,59,3.849259471770238e-05,218.01493263883214,98.7226345142445,,,,,
gauss-d50,50,16,7,std,713,9.926073639282725e-05,203.83474483740068,0.0,0.008654689319199292,,,,
gauss-d50,50,16,7,acc,59,4.277524834908446e-05,203.83474483740068,98.73853438557539,,,,,
gauss-d50,50,16,8,std,715,9.923110704954975e-05,221.0216300183782,0.0,0.00866829074932321,,,,
gauss-d50,50,16,8,acc,59,3.772203158069771e-05,221.0216300183782,98.73303559090809,,,,,
gauss-d50,50,16,9,std,714,9.941638027481658e-05,214.1983407782893,0.0,0.008670874708408527,,,,
gauss-d50,50,16,9,acc,59,3.9572339471731846e-05,214.1983407782893,98.74273125959479,,,,,
gauss-d50,50,16,10,std,715,9.942057569638577e-05,223.93395233902731,0.0,0.008670397555255832,,,,
gauss-d50,50,16,10,acc,59,3.7171408777788434e-05,223.93395233902726,98.73995074547965,,,,,
gauss-d50,50,16,11,std,712,9.940128667053003e-05,198.1208551842804,0.0,0.008649516389076049,,,,
gauss-d50,50,16,11,acc,59,4.511981934659896e-05,198.12085518428034,98.7394485299465,,,,,
gauss-d50,50,16,12,std,714,9.950467382133579e-05,214.94815202344125,0.0,0.0086717535706736,,,,
gauss-d50,50,16,12,acc,59,3.9287403163241336e-05,214.94815202344125,98.73356274279192,,,,,
gauss-d50,50,16,13,std,713,9.97706127288233e-05,201.68996340934137,0.0,0.008660434732182174,,,,
gauss-d50,50,16,13,acc,59,4.375502634000432e-05,201.68996340934137,98.73895609841124,,,,,
gauss-d50,50,16,14,std,712,9.94040218773775e-05,198.15979502123557,0.0,0.008649548055858812,,,,
gauss-d50,50,16,14,acc,59,4.510956644424198e-05,198.15979502123557,98.73086815452217,,,,,
gauss-d50,50,16,15,std,712,9.951685623336808e-05,199.20528444780305,0.0,0.008657723909657456,,,,
gauss-d50,50,16,15,acc,59,4.4688461836557905e-05,199.20528444780305,98.74822006776732,,,,,
gauss-d50,50,16,16,std,712,9.944316838436489e-05,198.78746703817913,0.0,0.0086570488823639,,,,
gauss-d50,50,16,16,acc,59,4.4963057913844154e-05,198.78746703817913,98.74039038869878,,,,,
gauss-d50,50,16,17,std,714,9.952191275964216e-05,214.70167945521365,0.0,0.008664264998529769,,,,
gauss-d50,50,16,17,acc,59,3.923219252466043e-05,214.70167945521365,98.73828268217414,,,,,
gauss-d50,50,16,18,std,715,9.950664375235445e-05,225.16517824432796,0.0,0.008671345178957492,,,,
gauss-d50,50,16,18,acc,59,3.692895793936616e-05,225.16517824432796,98.73229224591314,,,,,
gauss-d50,50,16,19,std,713,9.944743087378187e-05,205.46727331281068,0.0,0.008656582066638907,,,,
gauss-d50,50,16,19,acc,59,4.2112408096031326e-05,205.46727331281068,98.7475388691843,,,,,
gauss-d50,50,16,20,std,715,9.999407148534277e-05,220.7133354469931,0.0,0.008669353128135526,,,,
gauss-d50,50,16,20,acc,59,3.7778074023445823e-05,220.7133354469931,98.74455330596894,,,,,
gauss-d50,50,16,21,std,715,9.951560496899992e-05,225.28310879027472,0.0,0.008671445120002298,,,,
gauss-d50,50,16,21,acc,59,3.690400531201985e-05,225.28310879027472,98.74297406125768,,,,,
gauss-d50,50,16,22,std,714,9.994843245287287e-05,210.73287954256426,0.0,0.008661777124636645,,,,
gauss-d50,50,16,22,acc,59,4.039597023092114e-05,210.73287954256426,98.74356569417976,,,,,
gauss-d50,50,16,23,std,715,9.972265507160114e-05,217.20220658208538,0.0,0.008666420062667234,,,,
gauss-d50,50,16,23,acc,59,3.8599849572678105e-05,217.20220658208538,98.7367565321449,,,,,
gauss-d50,50,16,24,std,715,9.993175456976533e-05,219.85905398965127,0.0,0.008668675181029213,,,,
gauss-d50,50,16,24,acc,59,3.796316672253358e-05,219.85905398965127,98.73648886117734,,,,,
gauss-d50,50,16,25,std,715,9.941135350689627e-05,223.5803307834401,0.0,0.008670273082805744,,,,
gauss-d50,50,16,25,acc,59,3.719768142357131e-05,223.5803307834401,98.73120546698433,,,,,
gauss-d50,50,16,26,std,714,9.977346147939034e-05,208.8266521087214,0.0,0.008659950856453207,,,,
gauss-d50,50,16,26,acc,59,4.0984579309660124e-05,208.8266521087214,98.7426361194638,,,,,
gauss-d50,50,16,27,std,715,9.935325115646709e-05,223.29485782128137,0.0,0.008677617896504664,,,,
gauss-d50,50,16,27,acc,59,3.736447745285136e-05,223.29485782128137,98.73643824978949,,,,,
gauss-d50,50,16,28,std,714,9.993896605287218e-05,211.39702096099893,0.0,0.008669351574203664,,,,
gauss-d50,50,16,28,acc,59,4.04275022875154e-05,211.39702096099893,98.74618566984303,,,,,
gauss-d50,50,16,29,std,715,9.93476922964906e-05,223.0355690670602,0.0,0.008677499726737233,,,,
gauss-d50,50,16,29,acc,59,3.738054886899718e-05,223.0355690670602,98.74368107851362,,,,,
gauss-d50,50,16,30,std,713,9.955898839340317e-05,206.9326142422217,0.0,0.008665101442903916,,,,
gauss-d50,50,16,30,acc,59,4.172212753149416e-05,206.9326142422217,98.74253052688962,,,,,
gauss-d50,50,16,31,std,715,9.98848290880254e-05,219.61902794740897,0.0,0.008675982512865655,,,,
gauss-d50,50,16,31,acc,59,3.8103990656472055e-05,219.61902794740897,98.74473489073101,,,,,
gauss-d50,50,16,32,std,713,9.970781862965114e-05,200.96893365157138,0.0,0.008659728267823835,,,,
gauss-d50,50,16,32,acc,59,4.398421859440598e-05,200.96893365157138,98.73178763954465,,,,,
gauss-d50,50,16,33,std,715,9.945810696638212e-05,224.31978217300255,0.0,0.008670797327327359,,,,
gauss-d50,50,16,33,acc,59,3.706506937229629e-05,224.31978217300255,98.73402787807271,,,,,
gauss-d50,50,16,34,std,714,9.956103294426685e-05,215.6580152360106,0.0,0.008672393156017538,,,,
gauss-d50,50,16,34,acc,59,3.9107424467364066e-05,215.6580152360106,98.73471417394923,,,,,
gauss-d50,50,16,35,std,715,9.933369291363972e-05,222.96345865651978,0.0,0.008677372784296108,,,,
gauss-d50,50,16,35,acc,59,3.742110950554194e-05,222.96345865651978,98.74198542495819,,,,,
gauss-d50,50,16,36,std,715,9.994812678921008e-05,220.1329583757999,0.0,0.0086688588397298,,,,
gauss-d50,50,16,36,acc,59,3.7914323772808914e-05,220.1329583757999,98.73709953608353,,,,,
gauss-d50,50,16,37,std,713,9.960142302931768e-05,207.18617920253104,0.0,0.008658180685756762,,,,
gauss-d50,50,16,37,acc,59,4.1574845544942174e-05,207.18617920253104,98.73412022698909,,,,,
gauss-d50,50,16,38,std,715,9.933722316707305e-05,222.35229700573458,0.0,0.008669443467645572,,,,
gauss-d50,50,16,38,acc,59,3.74108695998512e-05,222.35229700573458,98.73591543852352,,,,,
gauss-d50,50,16,39,std,714,9.980855757415509e-05,209.39292398040814,0.0,0.008660334975637852,,,,
gauss-d50,50,16,39,acc,59,4.086554675946513e-05,209.39292398040814,93.66364719099215,,,,,
gauss-d50,50,16,40,std,715,9.936962027697581e-05,222.6325861950528,0.0,0.00866255396658152,,,,
gauss-d50,50,16,40,acc,59,3.7317266289216625e-05,222.6325861950528,98.74862632751108,,,,,
gauss-d50,50,16,41,std,715,9.987176316437682e-05,219.71841940985837,0.0,0.008675923442377734,,,,
gauss-d50,50,16,41,acc,59,3.814341856108773e-05,219.71841940985837,98.73863854457262,,,,,
gauss-d50,50,16,42,std,715,9.93946068518145e-05,223.55873340652204,0.0,0.008670110989326985,,,,
gauss-d50,50,16,42,acc,59,3.724553256175163e-05,223.55873340652204,98.74066696819307,,,,,
gauss-d50,50,16,43,std,715,9.945195177138086e-05,224.4192371002043,0.0,0.008670745276138137,,,,
gauss-d50,50,16,43,acc,59,3.708244471102226e-05,224.4192371002043,98.74981977509383,,,,,
gauss-d50,50,16,44,std,715,9.92294336301363e-05,221.68273930234506,0.0,0.008676243341117218,,,,
gauss-d50,50,16,44,acc,59,3.772699317961068e-05,221.68273930234506,98.740080622707,,,,,
gauss-d50,50,16,45,std,713,9.948382593956591e-05,206.03472659828444,0.0,0.008656975227683343,,,,
gauss-d50,50,16,45,acc,59,4.198459494079206e-05,206.03472659828438,98.74178519626105,,,,,
gauss-d50,50,16,46,std,715,9.926898963595089e-05,221.6431955359141,0.0,0.008668714214791609,,,,
gauss-d50,50,16,46,acc,59,3.7610160521024845e-05,221.6431955359141,98.73513535835497,,,,,
gauss-d50,50,16,47,std,715,9.944082636315077e-05,224.56023004736574,0.0,0.008678629636866953,,,,
gauss-d50,50,16,47,acc,59,3.7113914807341934e-05,224.56023004736574,98.72409380606197,,,,,
gauss-d50,50,16,48,std,715,9.934482918371942e-05,222.61586220035232,0.0,0.00866954025029852,,,,
gauss-d50,50,16,48,acc,59,3.738883415086054e-05,222.61586220035232,98.73810323535781,,,,,
gauss-d50,50,16,49,std,715,9.938413384572194e-05,223.4392264419532,0.0,0.008669997180505299,,,,
gauss-d50,50,16,49,acc,59,3.727555036865931e-05,223.4392264419532,98.73701710799824,,,,,
gauss-d50,50,32,0,std,2850,9.984022110829348e-05,918.4693784136583,0.0,0.0021737782593490708,,,,
gauss-d50,50,32,0,acc,118,8.449905928667109e-05,918.4693784136583,98.74700395089089,,,,,
gauss-d50,50,32,1,std,2850,9.985339345081577e-05,919.4996026367555,0.0,0.0021738180306596026,,,,
gauss-d50,50,32,1,acc,118,8.44530778228332e-05,919.4996026367555,98.72697696394947,,,,,
gauss-d50,50,32,2,std,2852,9.9855268939247e-05,959.1492028547964,0.0,0.00217486782237662,,,,
gauss-d50,50,32,2,acc,118,8.329830427000057e-05,959.1492028547964,98.73381405116915,,,,,
gauss-d50,50,32,3,std,2852,9.994104214901788e-05,946.3517115208961,0.0,0.002174605076738153,,,,
gauss-d50,50,32,3,acc,118,8.35723244713895e-05,946.3517115208961,98.73315916509458,,,,,
gauss-d50,50,32,4,std,2852,9.994593402837086e-05,947.401398389583,0.0,0.0021757014673682803,,,,
gauss-d50,50,32,4,acc,118,8.355926571568771e-05,947.401398389583,98.73645845042846,,,,,
gauss-d50,50,32,5,std,2849,9.992152507325332e-05,909.2903044033635,0.0,0.002173514407173798,,,,
gauss-d50,50,32,5,acc,118,8.491662998603121e-05,909.2903044033635,98.73961967045516,,,,,
gauss-d50,50,32,6,std,2851,9.992202544989448e-05,944.6264708220214,0.0,0.0021756239447876043,,,,
gauss-d50,50,32,6,acc,118,8.362386240984461e-05,944.6264708220214,98.76475571345578,,,,,
gauss-d50,50,32,7,std,2850,9.999520577971127e-05,914.9873323199157,0.0,0.0021737351052625764,,,,
gauss-d50,50,32,7,acc,118,8.464597846849671e-05,914.9873323199157,98.72880155858186,,,,,
gauss-d50,50,32,8,std,2852,9.998593082171693e-05,951.3209355253385,0.0,0.002174744464766884,,,,
gauss-d50,50,32,8,acc,118,8.345565505224299e-05,951.3209355253385,98.73217158064959,,,,,
gauss-d50,50,32,9,std,2851,9.983670832944096e-05,936.2569898436793,0.0,0.0021759085061435974,,,,
gauss-d50,50,32,9,acc,118,8.386942453328036e-05,936.2569898436793,98.72757943883312,,,,,
gauss-d50,50,32,10,std,2852,9.983719895436359e-05,957.1739002126025,0.0,0.002175350165785723,,,,
gauss-d50,50,32,10,acc,118,8.33399128596455e-05,957.1739002126022,98.72982110363968,,,,,
gauss-d50,50,32,11,std,2849,9.983557721050286e-05,902.7877775178596,0.0,0.0021727615385182873,,,,
gauss-d50,50,32,11,acc,118,8.524648500850794e-05,902.7877775178594,98.72559916059356,,,,,
gauss-d50,50,32,12,std,2851,9.985881309427895e-05,938.1505121536588,0.0,0.002175420694373557,,,,
gauss-d50,50,32,12,acc,118,8.380363926838337e-05,938.1505121536588,98.72643830666382,,,,,
gauss-d50,50,32,13,std,2849,9.992750638128031e-05,910.0166471190703,0.0,0.0021745649668208802,,,,
gauss-d50,50,32,13,acc,118,8.489422923423084e-05,910.0166471190703,98.7288976153353,,,,,
gauss-d50,50,32,14,std,2849,9.983625854277992e-05,902.8531544949175,0.0,0.00217276353167507,,,,
gauss-d50,50,32,14,acc,118,8.524381317351858e-05,902.8531544949175,98.72403194664767,,,,,
gauss-d50,50,32,15,std,2849,9.986435863084363e-05,904.9976193829169,0.0,0.0021733440053901877,,,,
gauss-d50,50,32,15,acc,118,8.513439868326582e-05,904.9976193829169,98.72803814392267,,,,,
gauss-d50,50,32,16,std,2849,9.984600899412728e-05,903.8602397578138,0.0,0.002174313582249338,,,,
gauss-d50,50,32,16,acc,118,8.520567442970618e-05,903.860239757814,98.76664930507289,,,,,
gauss-d50,50,32,17,std,2851,9.986312796600623e-05,938.1300656441541,0.0,0.002173847371741886,,,,
gauss-d50,50,32,17,acc,118,8.379096949088713e-05,938.1300656441541,98.7313165557171,,,,,
gauss-d50,50,32,18,std,2852,9.985879751069418e-05,959.8023487443642,0.0,0.0021754192854748144,,,,
gauss-d50,50,32,18,acc,118,8.329033688559383e-05,959.8023487443642,98.73048698144355,,,,,
gauss-d50,50,32,19,std,2850,9.984551778303638e-05,918.643642576313,0.0,0.002172790593987971,,,,
gauss-d50,50,32,19,acc,118,8.448052094525531e-05,918.643642576313,98.73553928115973,,,,,
gauss-d50,50,32,20,std,2852,9.998118091548817e-05,950.7291029639227,0.0,0.0021747296825711886,,,,
gauss-d50,50,32,20,acc,118,8.346765838048754e-05,950.7291029639227,98.72779959912897,,,,,
gauss-d50,50,32,21,std,2852,9.986104579231582e-05,960.068160250331,0.0,0.002175426493963131,,,,
gauss-d50,50,32,21,acc,118,8.328528762856051e-05,960.068160250331,98.72695914976718,,,,,
gauss-d50,50,32,22,std,2851,9.997049735038441e-05,929.6775061129069,0.0,0.002173660881656989,,,,
gauss-d50,50,32,22,acc,118,8.406304755061676e-05,929.6775061129069,98.7345512324917,,,,,
gauss-d50,50,32,23,std,2851,9.991334940896712e-05,943.3327818145134,0.0,0.0021739995206845612,,,,
gauss-d50,50,32,23,acc,118,8.364777753786141e-05,943.3327818145134,98.73313868248412,,,,,
gauss-d50,50,32,24,std,2852,9.996561419628111e-05,948.9567106951052,0.0,0.00217415851470157,,,,
gauss-d50,50,32,24,acc,118,8.35075716354404e-05,948.9567106951052,98.72401887084298,,,,,
gauss-d50,50,32,25,std,2852,9.983488414426651e-05,956.6729676731943,0.0,0.0021748039637767527,,,,
gauss-d50,50,32,25,acc,118,8.334533913778586e-05,956.6729676731945,98.72360691224995,,,,,
gauss-d50,50,32,26,std,2850,9.99268790969985e-05,925.6957710705972,0.0,0.0021735303219676755,,,,
gauss-d50,50,32,26,acc,118,8.420425370706149e-05,925.6957710705972,98.73324362287393,,,,,
gauss-d50,50,32,27,std,2852,9.982029788083678e-05,955.4695862068519,0.0,0.0021758488702221207,,,,
gauss-d50,50,32,27,acc,118,8.33800228733448e-05,955.4695862068519,98.72839856030336,,,,,
gauss-d50,50,32,28,std,2851,9.996813831116523e-05,930.2275261390823,0.0,0.0021757798161157957,,,,
gauss-d50,50,32,28,acc,118,8.407055526146734e-05,930.2275261390823,98.7298196789549,,,,,
gauss-d50,50,32,29,std,2852,9.9818902151938e-05,955.1233796820663,0.0,0.0021758441292814013,,,,
gauss-d50,50,32,29,acc,118,8.338338563978684e-05,955.1233796820663,98.73271076681505,,,,,
gauss-d50,50,32,30,std,2850,9.987336958832728e-05,921.3486832650833,0.0,0.0021743963410130194,,,,
gauss-d50,50,32,30,acc,118,8.43841305021055e-05,921.3486832650833,98.72846772675788,,,,,
gauss-d50,50,32,31,std,2852,9.995388934889819e-05,948.0360290906541,0.0,0.002175178905843457,,,,
gauss-d50,50,32,31,acc,118,8.353820594076897e-05,948.0360290906541,98.73083370381431,,,,,
gauss-d50,50,32,32,std,2849,9.99118860691324e-05,908.6600289348455,0.0,0.0021739955042562463,,,,
gauss-d50,50,32,32,acc,118,8.495288475331327e-05,908.6600289348455,98.72978774086563,,,,,
gauss-d50,50,32,33,std,2852,9.984661842210411e-05,958.1639587377408,0.0,0.002174840713705385,,,,
gauss-d50,50,32,33,acc,118,8.331805604617007e-05,958.1639587377408,98.7275730746845,,,,,
gauss-d50,50,32,34,std,2851,9.987291846732908e-05,939.6027261121693,0.0,0.0021754659838018405,,,,
gauss-d50,50,32,34,acc,118,8.376243294339232e-05,939.6027261121693,98.73575777644538,,,,,
gauss-d50,50,32,35,std,2852,9.981538699991958e-05,954.8330579633625,0.0,0.0021758327541437027,,,,
gauss-d50,50,32,35,acc,118,8.339188839943598e-05,954.8330579633625,98.73617953225703,,,,,
gauss-d50,50,32,36,std,2852,9.996970439057895e-05,949.4702298072515,0.0,0.0021746940109630825,,,,
gauss-d50,50,32,36,acc,118,8.349699973715305e-05,949.4702298072515,98.72191626020889,,,,,
gauss-d50,50,32,37,std,2850,9.988396054608044e-05,922.0801276893316,0.0,0.0021739104860801876,,,,
gauss-d50,50,32,37,acc,118,8.434796568970553e-05,922.0801276893316,98.72814936483176,,,,,
gauss-d50,50,32,38,std,2852,9.981627344479542e-05,954.2768315413897,0.0,0.002174220476536707,,,,
gauss-d50,50,32,38,acc,118,8.338973966177769e-05,954.2768315413897,98.74026878167997,,,,,
gauss-d50,50,32,39,std,2851,9.993563073311569e-05,926.6727565655093,0.0,0.0021740673017310802,,,,
gauss-d50,50,32,39,acc,118,8.417552194129978e-05,926.6727565655093,98.72543361207103,,,,,
gauss-d50,50,32,40,std,2852,9.982440765879223e-05,955.0641636944966,0.0,0.002173225231566626,,,,
gauss-d50,50,32,40,acc,118,8.337016537503586e-05,955.0641636944966,98.73478255211676,,,,,
gauss-d50,50,32,41,std,2852,9.99506242433286e-05,947.9474815216756,0.0,0.0021757166425313227,,,,
gauss-d50,50,32,41,acc,118,8.354682289144107e-05,947.9474815216756,98.7298924516225,,,,,
gauss-d50,50,32,42,std,2852,9.983068040187414e-05,956.3850143548136,0.0,0.0021753293319019215,,,,
gauss-d50,50,32,42,acc,118,8.335524832502397e-05,956.3850143548136,98.72386008165424,,,,,
gauss-d50,50,32,43,std,2852,9.984507372804222e-05,958.1637928063491,0.0,0.0021753753562411718,,,,
gauss-d50,50,32,43,acc,118,8.332161553514447e-05,958.1637928063491,98.72695282360482,,,,,
gauss-d50,50,32,44,std,2852,9.998550959208416e-05,951.9568346589307,0.0,0.0021764001806409638,,,,
gauss-d50,50,32,44,acc,118,8.345671617461352e-05,951.9568346589307,98.72878016122988,,,,,
gauss-d50,50,32,45,std,2850,9.985460571655322e-05,919.6129488349069,0.0,0.0021738216924623473,,,,
gauss-d50,50,32,45,acc,118,8.444886661627786e-05,919.6129488349069,98.72699046474878,,,,,
gauss-d50,50,32,46,std,2852,9.999546567740318e-05,952.5166188925552,0.0,0.0021747741526637544,,,,
gauss-d50,50,32,46,acc,118,8.34318117370822e-05,952.5166188925552,98.73063960654167,,,,,
gauss-d50,50,32,47,std,2852,9.984228160534597e-05,958.1252500041031,0.0,0.0021759208155628434,,,,
gauss-d50,50,32,47,acc,118,8.33280742815589e-05,958.1252500041031,98.7325112995924,,,,,
gauss-d50,50,32,48,std,2852,9.981818326208584e-05,954.6589657022444,0.0,0.0021747517390908674,,,,
gauss-d50,50,32,48,acc,118,8.338512064486568e-05,954.6589657022444,98.73248207459552,,,,,
gauss-d50,50,32,49,std,2852,9.982805130082269e-05,956.0996777283033,0.0,0.002175320937869112,,,,
gauss-d50,50,32,49,acc,118,8.336148154407079e-05,956.0996777283033,98.73192740151862,,,,,
potential-1d-mono,1,-1,0,mono1d,,,,,,0.99,,,
potential-1d-mono,1,-1,1,mono1d,,,,,,0.995,,,
potential-1d-mono,1,-1,2,mono1d,,,,,,0.99,,,
potential-1d-mono,1,-1,3,mono1d,,,,,,0.99,,,
potential-1d-mono,1,-1,4,mono1d,,,,,,0.885,,,
potential-1d-mono,1,-1,5,mono1d,,,,,,0.995,,,
potential-1d-mono,1,-1,6,mono1d,,,,,,0.99,,,
potential-1d-mono,1,-1,7,mono1d,,,,,,0.995,,,
potential-1d-mono,1,-1,8,mono1d,,,,,,0.99,,,
potential-1d-mono,1,-1,9,mono1d,,,,,,0.935,,,
potential-1d-mono,1,-1,10,mono1d,,,,,,0.785,,,
potential-1d-mono,1,-1,11,mono1d,,,,,,0.99,,,
potential-1d-mono,1,-1,12,mono1d,,,,,,0.99,,,
potential-1d-mono,1,-1,13,mono1d,,,,,,0.995,,,
potential-1d-mono,1,-1,14,mono1d,,,,,,0.995,,,
potential-1d-mono,1,-1,15,mono1d,,,,,,0.995,,,
potential-1d-mono,1,-1,16,mono1d,,,,,,0.99,,,
potential-1d-mono,1,-1,17,mono1d,,,,,,0.865,,,
potential-1d-mono,1,-1,18,mono1d,,,,,,0.99,,,
potential-1d-mono,1,-1,19,mono1d,,,,,,0.99,,,
potential-1d-mono,1,-1,20,mono1d,,,,,,0.99,,,
potential-1d-mono,1,-1,21,mono1d,,,,,,0.995,,,
potential-1d-mono,1,-1,22,mono1d,,,,,,0.99,,,
potential-1d-mono,1,-1,23,mono1d,,,,,,0.99,,,
potential-1d-mono,1,-1,24,mono1d,,,,,,0.99,,,
potential-1d-mono,1,-1,25,mono1d,,,,,,0.99,,,
potential-1d-mono,1,-1,26,mono1d,,,,,,0.99,,,
potential-1d-mono,1,-1,27,mono1d,,,,,,0.995,,,
potential-1d-mono,1,-1,28,mono1d,,,,,,0.995,,,
potential-1d-mono,1,-1,29,mono1d,,,,,,0.99,,,
potential-1d-mono,1,-1,30,mono1d,,,,,,0.99,,,
potential-1d-mono,1,-1,31,mono1d,,,,,,0.68,,,
potential-1d-mono,1,-1,32,mono1d,,,,,,0.99,,,
potential-1d-mono,1,-1,33,mono1d,,,,,,0.99,,,
potential-1d-mono,1,-1,34,mono1d,,,,,,0.99,,,
potential-1d-mono,1,-1,35,mono1d,,,,,,0.99,,,
potential-1d-mono,1,-1,36,mono1d,,,,,,0.99,,,
potential-1d-mono,1,-1,37,mono1d,,,,,,0.995,,,
potential-1d-mono,1,-1,38,mono1d,,,,,,0.99,,,
potential-1d-mono,1,-1,39,mono1d,,,,,,0.99,,,
potential-1d-mono,1,-1,40,mono1d,,,,,,0.995,,,
potential-1d-mono,1,-1,41,mono1d,,,,,,0.995,,,
potential-1d-mono,1,-1,42,mono1d,,,,,,0.99,,,
potential-1d-mono,1,-1,43,mono1d,,,,,,0.995,,,
potential-1d-mono,1,-1,44,mono1d,,,,,,0.99,,,
potential-1d-mono,1,-1,45,mono1d,,,,,,0.99,,,
potential-1d-mono,1,-1,46,mono1d,,,,,,0.76,,,
potential-1d-mono,1,-1,47,mono1d,,,,,,0.995,,,
potential-1d-mono,1,-1,48,mono1d,,,,,,0.99,,,
potential-1d-mono,1,-1,49,mono1d,,,,,,0.99,,,
potential-d2,2,-1,0,slope,,,,,,,,-2.030600741904798,-3.9885026895987057
potential-d2,2,-1,1,slope,,,,,,,,-2.0292504372121307,-3.9892120659250567
potential-d2,2,-1,2,slope,,,,,,,,-2.0293668270370757,-3.9897596881399027
potential-d2,2,-1,3,slope,,,,,,,,-2.030406301171924,-3.9884673942013347
potential-d2,2,-1,4,slope,,,,,,,,-2.030254807529821,-3.986982341170276
potential-d2,2,-1,5,slope,,,,,,,,-2.0301021408140856,-3.988459168186542
potential-d2,2,-1,6,slope,,,,,,,,-2.0298852474432216,-3.9883042121208554
potential-d2,2,-1,7,slope,,,,,,,,-2.029168047853009,-3.9876154690515846
potential-d2,2,-1,8,slope,,,,,,,,-2.030857291983058,-3.9913201374857032
potential-d2,2,-1,9,slope,,,,,,,,-2.0300958596438163,-3.9909573735124066
potential-d2,2,-1,10,slope,,,,,,,,-2.029616045380859,-3.9873063240211164
potential-d2,2,-1,11,slope,,,,,,,,-2.029770297650401,-3.986320709693373
potential-d2,2,-1,12,slope,,,,,,,,-2.029723145400596,-3.988984560329374
potential-d2,2,-1,13,slope,,,,,,,,-2.0300952503071676,-3.9886397667371396
potential-d2,2,-1,14,slope,,,,,,,,-2.030696340995523,-3.988832358178268
potential-d2,2,-1,15,slope,,,,,,,,-2.029374277492867,-3.989052448661339
potential-d2,2,-1,16,slope,,,,,,,,-2.030205499114372,-3.9898548938376024
potential-d2,2,-1,17,slope,,,,,,,,-2.029667513093833,-3.9885865692851086
potential-d2,2,-1,18,slope,,,,,,,,-2.0293749700906614,-3.9880603129201
potential-d2,2,-1,19,slope,,,,,,,,-2.029808404554716,-3.986683426132024
potential-d2,2,-1,20,slope,,,,,,,,-2.029214202449916,-3.9866495193369724
potential-d2,2,-1,21,slope,,,,,,,,-2.0301732472233334,-3.9862246330817155
potential-d2,2,-1,22,slope,,,,,,,,-2.0298577390384596,-3.9873013607464984
potential-d2,2,-1,23,slope,,,,,,,,-2.0302721066717386,-3.9872110513805006
potential-d2,2,-1,24,slope,,,,,,,,-2.0299027495167428,-3.9865951435648266
potential-d2,2,-1,25,slope,,,,,,,,-2.0299430661921534,-3.9910740533491644
potential-d2,2,-1,26,slope,,,,,,,,-2.028622199697914,-3.987156036138211
potential-d2,2,-1,27,slope,,,,,,,,-2.0296510022023138,-3.98676603078995
potential-d2,2,-1,28,slope,,,,,,,,-2.0307320295175786,-3.9919749245258083
potential-d2,2,-1,29,slope,,,,,,,,-2.0306825915914946,-3.988890868340124
potential-d2,2,-1,30,slope,,,,,,,,-2.0295435162058806,-3.9874424852591237
potential-d2,2,-1,31,slope,,,,,,,,-2.030521851072928,-3.991098050031012
potential-d2,2,-1,32,slope,,,,,,,,-2.030799493427228,-3.989466705273325
potential-d2,2,-1,33,slope,,,,,,,,-2.030196586288027,-3.9873906456737176
potential-d2,2,-1,34,slope,,,,,,,,-2.0297776845103366,-3.9853053801780502
potential-d2,2,-1,35,slope,,,,,,,,-2.029577435347274,-3.9859811181412543
potential-d2,2,-1,36,slope,,,,,,,,-2.0292762282058727,-3.985181208815281
potential-d2,2,-1,37,slope,,,,,,,,-2.030209762099963,-3.9911691204172253
potential-d2,2,-1,38,slope,,,,,,,,-2.030192121102071,-3.989717760079982
potential-d2,2,-1,39,slope,,,,,,,,-2.029330767567657,-3.9893341992137805
potential-d2,2,-1,40,slope,,,,,,,,-2.029121057485264,-3.9877856294642533
potential-d2,2,-1,41,slope,,,,,,,,-2.029456230740704,-3.988608806223148
potential-d2,2,-1,42,slope,,,,,,,,-2.0290535326562624,-3.987465712739479
potential-d2,2,-1,43,slope,,,,,,,,-2.030454349622303,-3.986481857777121
potential-d2,2,-1,44,slope,,,,,,,,-2.0301288836402214,-3.9886325238892892
potential-d2,2,-1,45,slope,,,,,,,,-2.0305234358859874,-3.989040663056122
potential-d2,2,-1,46,slope,,,,,,,,-2.0292441581150866,-3.9851491811044304
potential-d2,2,-1,47,slope,,,,,,,,-2.0294226557840047,-3.9884481545972053
potential-d2,2,-1,48,slope,,,,,,,,-2.0288750921102547,-3.9894505956449877
potential-d2,2,-1,49,slope,,,,,,,,-2.029632351263158,-3.9921593463733074
potential-d10,10,-1,0,slope,,,,,,,,-2.0449149862858595,-4.128849629230338
potential-d10,10,-1,1,slope,,,,,,,,-2.0448729961253562,-4.128256579586521
potential-d10,10,-1,2,slope,,,,,,,,-2.044908519380672,-4.1289149074479985
potential-d10,10,-1,3,slope,,,,,,,,-2.044921443622569,-4.12895083436032
potential-d10,10,-1,4,slope,,,,,,,,-2.044901617713291,-4.128838880457222
potential-d10,10,-1,5,slope,,,,,,,,-2.044999082714396,-4.130491947023201
potential-d10,10,-1,6,slope,,,,,,,,-2.0449978504773036,-4.130486062378634
potential-d10,10,-1,7,slope,,,,,,,,-2.044894077509613,-4.12843626127394
potential-d10,10,-1,8,slope,,,,,,,,-2.0448907804070235,-4.128445359704481
potential-d10,10,-1,9,slope,,,,,,,,-2.0449790988566394,-4.130076831288659
potential-d10,10,-1,10,slope,,,,,,,,-2.0449462174088597,-4.129716392035919
potential-d10,10,-1,11,slope,,,,,,,,-2.044896858724664,-4.1287222021453
potential-d10,10,-1,12,slope,,,,,,,,-2.044930744686683,-4.12922724066889
potential-d10,10,-1,13,slope,,,,,,,,-2.044953561671823,-4.129763277690466
potential-d10,10,-1,14,slope,,,,,,,,-2.044909777064534,-4.1288900122645265
potential-d10,10,-1,15,slope,,,,,,,,-2.044908077494058,-4.128891877667597
potential-d10,10,-1,16,slope,,,,,,,,-2.044893553513215,-4.128323193531071
potential-d10,10,-1,17,slope,,,,,,,,-2.0449614606035342,-4.129863801419465
potential-d10,10,-1,18,slope,,,,,,,,-2.0449305234660304,-4.129339269307933
potential-d10,10,-1,19,slope,,,,,,,,-2.0449300840807285,-4.129189231794171
potential-d10,10,-1,20,slope,,,,,,,,-2.044917639243132,-4.129068042313143
potential-d10,10,-1,21,slope,,,,,,,,-2.0449153684859875,-4.128935799804182
potential-d10,10,-1,22,slope,,,,,,,,-2.044894883973913,-4.128629492501114
potential-d10,10,-1,23,slope,,,,,,,,-2.044923622265253,-4.129121176877124
potential-d10,10,-1,24,slope,,,,,,,,-2.044981054784189,-4.1303565187437155
potential-d10,10,-1,25,slope,,,,,,,,-2.0449095786846536,-4.128931953697989
potential-d10,10,-1,26,slope,,,,,,,,-2.0449408729403915,-4.129400048529014
potential-d10,10,-1,27,slope,,,,,,,,-2.0449246007235864,-4.129358311827059
potential-d10,10,-1,28,slope,,,,,,,,-2.0449008327122105,-4.12854110473122
potential-d10,10,-1,29,slope,,,,,,,,-2.044912279813377,-4.128904515492244
potential-d10,10,-1,30,slope,,,,,,,,-2.0448749683902165,-4.12814036575448
potential-d10,10,-1,31,slope,,,,,,,,-2.0449429244028248,-4.129586073700565
potential-d10,10,-1,32,slope,,,,,,,,-2.0449463002534203,-4.129476468873923
potential-d10,10,-1,33,slope,,,,,,,,-2.0448396009696475,-4.1275557633381466
potential-d10,10,-1,34,slope,,,,,,,,-2.044924545376734,-4.129218769769387
potential-d10,10,-1,35,slope,,,,,,,,-2.044893585392641,-4.128364686771195
potential-d10,10,-1,36,slope,,,,,,,,-2.044917306002755,-4.129025067375428
potential-d10,10,-1,37,slope,,,,,,,,-2.0449728653957466,-4.130166668588227
potential-d10,10,-1,38,slope,,,,,,,,-2.0449593392444876,-4.129952190915891
potential-d10,10,-1,39,slope,,,,,,,,-2.0448760163887196,-4.1282337664272974
potential-d10,10,-1,40,slope,,,,,,,,-2.0449670231830424,-4.12997699292484
potential-d10,10,-1,41,slope,,,,,,,,-2.0449692743404038,-4.129844135571663
potential-d10,10,-1,42,slope,,,,,,,,-2.044966921486313,-4.129960301195976
potential-d10,10,-1,43,slope,,,,,,,,-2.044983797451085,-4.130172860293219
potential-d10,10,-1,44,slope,,,,,,,,-2.0449763270430865,-4.130007436564164
potential-d10,10,-1,45,slope,,,,,,,,-2.044906392870255,-4.12878215429767
potential-d10,10,-1,46,slope,,,,,,,,-2.044894022674016,-4.128615750940943
potential-d10,10,-1,47,slope,,,,,,,,-2.044903113751621,-4.128773892310882
potential-d10,10,-1,48,slope,,,,,,,,-2.0449912723105155,-4.130378114463223
potential-d10,10,-1,49,slope,,,,,,,,-2.0449166377105934,-4.128944005812983
potential-d50,50,-1,0,slope,,,,,,,,-2.0501024747720558,-4.2644939700285
potential-d50,50,-1,1,slope,,,,,,,,-2.0500835528532284,-4.263802833757539
potential-d50,50,-1,2,slope,,,,,,,,-2.050093648800157,-4.264204226222507
potential-d50,50,-1,3,slope,,,,,,,,-2.050094745656206,-4.264235168659779
potential-d50,50,-1,4,slope,,,,,,,,-2.050095324346025,-4.26425118824653
potential-d50,50,-1,5,slope,,,,,,,,-2.0500948527270655,-4.264223309739496
potential-d50,50,-1,6,slope,,,,,,,,-2.050101303876932,-4.2644457313910715
potential-d50,50,-1,7,slope,,,,,,,,-2.050091559558771,-4.264108131651287
potential-d50,50,-1,8,slope,,,,,,,,-2.05010086445926,-4.264463771579495
potential-d50,50,-1,9,slope,,,,,,,,-2.0501146654286972,-4.264960541727903
potential-d50,50,-1,10,slope,,,,,,,,-2.0501167119057073,-4.26504643615066
potential-d50,50,-1,11,slope,,,,,,,,-2.050103826736856,-4.264555799866625
potential-d50,50,-1,12,slope,,,,,,,,-2.050096350044738,-4.264276559817637
potential-d50,50,-1,13,slope,,,,,,,,-2.0501094127259205,-4.264767746446014
potential-d50,50,-1,14,slope,,,,,,,,-2.050099251777987,-4.264394492149489
potential-d50,50,-1,15,slope,,,,,,,,-2.050090928234423,-4.264104428929977
potential-d50,50,-1,16,slope,,,,,,,,-2.0500777131607415,-4.263625824366324
potential-d50,50,-1,17,slope,,,,,,,,-2.0501045832340115,-4.26459282874071
potential-d50,50,-1,18,slope,,,,,,,,-2.050085250625277,-4.263896324799746
potential-d50,50,-1,19,slope,,,,,,,,-2.0500960926865224,-4.264268682212279
potential-d50,50,-1,20,slope,,,,,,,,-2.050089054482183,-4.264015304936011
potential-d50,50,-1,21,slope,,,,,,,,-2.050094556409936,-4.264216270859474
potential-d50,50,-1,22,slope,,,,,,,,-2.050095104957891,-4.264274885626259
potential-d50,50,-1,23,slope,,,,,,,,-2.0500964291610613,-4.264306172626907
potential-d50,50,-1,24,slope,,,,,,,,-2.0501095403838407,-4.26478623196064
potential-d50,50,-1,25,slope,,,,,,,,-2.050089795557079,-4.264033964967336
potential-d50,50,-1,26,slope,,,,,,,,-2.0500915991884363,-4.264058104365814
potential-d50,50,-1,27,slope,,,,,,,,-2.0500925536317336,-4.264163769860299
potential-d50,50,-1,28,slope,,,,,,,,-2.0500747879441885,-4.2634945883942965
potential-d50,50,-1,29,slope,,,,,,,,-2.050093389010483,-4.264197139807345
potential-d50,50,-1,30,slope,,,,,,,,-2.0500976945743736,-4.264340000585253
potential-d50,50,-1,31,slope,,,,,,,,-2.0501082691259285,-4.264714448907866
potential-d50,50,-1,32,slope,,,,,,,,-2.050124529040844,-4.265316271242666
potential-d50,50,-1,33,slope,,,,,,,,-2.0500847112328477,-4.2638503470800355
potential-d50,50,-1,34,slope,,,,,,,,-2.050106341047171,-4.264656221204052
potential-d50,50,-1,35,slope,,,,,,,,-2.0500811105497148,-4.26376366810326
potential-d50,50,-1,36,slope,,,,,,,,-2.0500863705695136,-4.263927297997545
potential-d50,50,-1,37,slope,,,,,,,,-2.0500956882610244,-4.2643198605197234
potential-d50,50,-1,38,slope,,,,,,,,-2.050112330467087,-4.264880066635049
potential-d50,50,-1,39,slope,,,,,,,,-2.0500752473425115,-4.263469724465935
potential-d50,50,-1,40,slope,,,,,,,,-2.0500905654485226,-4.264117592504884
potential-d50,50,-1,41,slope,,,,,,,,-2.0501141183639624,-4.2649324236141695
potential-d50,50,-1,42,slope,,,,,,,,-2.050121907241165,-4.265190661578977
potential-d50,50,-1,43,slope,,,,,,,,-2.05008318950847,-4.263807173449779
potential-d50,50,-1,44,slope,,,,,,,,-2.0501104732285795,-4.264816122449302
potential-d50,50,-1,45,slope,,,,,,,,-2.050105627368546,-4.26467871496928
potential-d50,50,-1,46,slope,,,,,,,,-2.0501049876506188,-4.2646052714095095
potential-d50,50,-1,47,slope,,,,,,,,-2.05008824150777,-4.263983751090174
potential-d50,50,-1,48,slope,,,,,,,,-2.050116864974832,-4.265009044827067
potential-d50,50,-1,49,slope,,,,,,,,-2.0500674745017067,-4.263249555231166
interaction-d1,1,-1,0,slope,,,,,,,,-2.0791008977654903,-3.7743266521669074
interaction-d1,1,-1,1,slope,,,,,,,,-2.074239682103641,-3.781877375460475
interaction-d1,1,-1,2,slope,,,,,,,,-2.0792531651404738,-3.7725803095189483
interaction-d1,1,-1,3,slope,,,,,,,,-2.076899588374108,-3.7789461859345432
interaction-d1,1,-1,4,slope,,,,,,,,-2.0782986371478995,-3.7680599943881385
interaction-d1,1,-1,5,slope,,,,,,,,-2.0775392625999674,-3.7681806924145995
interaction-d1,1,-1,6,slope,,,,,,,,-2.079320037245666,-3.7702206011127335
interaction-d1,1,-1,7,slope,,,,,,,,-2.075698347847826,-3.7694437200598157
interaction-d1,1,-1,8,slope,,,,,,,,-2.0779716328987115,-3.78213798143119
interaction-d1,1,-1,9,slope,,,,,,,,-2.0786473757733077,-3.7743223748931443
interaction-d1,1,-1,10,slope,,,,,,,,-2.0761034613224885,-3.7766319712761103
interaction-d1,1,-1,11,slope,,,,,,,,-2.0760523216761695,-3.780194282244349
interaction-d1,1,-1,12,slope,,,,,,,,-2.077054795493041,-3.7790150718857376
interaction-d1,1,-1,13,slope,,,,,,,,-2.076531574112703,-3.7938770306689253
interaction-d1,1,-1,14,slope,,,,,,,,-2.0772669933401264,-3.779144584605472
interaction-d1,1,-1,15,slope,,,,,,,,-2.080246495642022,-3.769435361865035
interaction-d1,1,-1,16,slope,,,,,,,,-2.0774673370270134,-3.779491950053283
interaction-d1,1,-1,17,slope,,,,,,,,-2.0734312217931445,-3.792900541929765
interaction-d1,1,-1,18,slope,,,,,,,,-2.0778615974611063,-3.775901027822716
interaction-d1,1,-1,19,slope,,,,,,,,-2.0790095123454218,-3.766424098897489
interaction-d1,1,-1,20,slope,,,,,,,,-2.07807654535681,-3.7784204554361733
interaction-d1,1,-1,21,slope,,,,,,,,-2.0776434140938043,-3.765695715655584
interaction-d1,1,-1,22,slope,,,,,,,,-2.0790241890367214,-3.7769096602403507
interaction-d1,1,-1,23,slope,,,,,,,,-2.079208767068843,-3.7777307216346276
interaction-d1,1,-1,24,slope,,,,,,,,-2.0779647221972946,-3.775615777134468
interaction-d1,1,-1,25,slope,,,,,,,,-2.0755985028684747,-3.7928947741899264
interaction-d1,1,-1,26,slope,,,,,,,,-2.077013785173707,-3.7870984515627986
interaction-d1,1,-1,27,slope,,,,,,,,-2.078042353307736,-3.77941229154908
interaction-d1,1,-1,28,slope,,,,,,,,-2.0769234241947947,-3.7820615630176007
interaction-d1,1,-1,29,slope,,,,,,,,-2.0769967905248654,-3.7842241058983985
interaction-d1,1,-1,30,slope,,,,,,,,-2.0748800325330423,-3.7880369337615236
interaction-d1,1,-1,31,slope,,,,,,,,-2.0768436244905644,-3.773502601102816
interaction-d1,1,-1,32,slope,,,,,,,,-2.075319124790576,-3.790749034346653
interaction-d1,1,-1,33,slope,,,,,,,,-2.0792731363319943,-3.7690685241915562
interaction-d1,1,-1,34,slope,,,,,,,,-2.076198946538386,-3.780026647191549
interaction-d1,1,-1,35,slope,,,,,,,,-2.0779724669374047,-3.7793966667399657
interaction-d1,1,-1,36,slope,,,,,,,,-2.0791082936439214,-3.7659649566028
interaction-d1,1,-1,37,slope,,,,,,,,-2.0773819734375905,-3.7717989789014923
interaction-d1,1,-1,38,slope,,,,,,,,-2.078674272123773,-3.7668708702703038
interaction-d1,1,-1,39,slope,,,,,,,,-2.075383095811452,-3.7820596786799263
interaction-d1,1,-1,40,slope,,,,,,,,-2.0786989445292194,-3.779271662855788
interaction-d1,1,-1,41,slope,,,,,,,,-2.0788763228783886,-3.765548028677146
interaction-d1,1,-1,42,slope,,,,,,,,-2.0738253751105358,-3.7905473935607104
interaction-d1,1,-1,43,slope,,,,,,,,-2.0786649038117515,-3.775395331188691
interaction-d1,1,-1,44,slope,,,,,,,,-2.080829507373199,-3.766788422075527
interaction-d1,1,-1,45,slope,,,,,,,,-2.0772801137408456,-3.7794032778983606
interaction-d1,1,-1,46,slope,,,,,,,,-2.0773493353056263,-3.7809141479530615
interaction-d1,1,-1,47,slope,,,,,,,,-2.078641251474863,-3.7671305884073183
interaction-d1,1,-1,48,slope,,,,,,,,-2.0779638720542635,-3.773940915053245
interaction-d1,1,-1,49,slope,,,,,,,,-2.0795630429041156,-3.767129352836087
interaction-d2,2,-1,0,slope,,,,,,,,-2.086985073189586,-3.754190258987997
interaction-d2,2,-1,1,slope,,,,,,,,-2.0858521144546893,-3.7511471189285484
interaction-d2,2,-1,2,slope,,,,,,,,-2.0872906559944293,-3.7491919043456163
interaction-d2,2,-1,3,slope,,,,,,,,-2.086178749533388,-3.758188080874766
interaction-d2,2,-1,4,slope,,,,,,,,-2.0862005942673263,-3.7544662412046343
interaction-d2,2,-1,5,slope,,,,,,,,-2.0862191344115626,-3.7535142238204693
interaction-d2,2,-1,6,slope,,,,,,,,-2.0876845833877216,-3.748950948900221
interaction-d2,2,-1,7,slope,,,,,,,,-2.084515092219024,-3.7581912954438126
interaction-d2,2,-1,8,slope,,,,,,,,-2.087543404133575,-3.747522324750377
interaction-d2,2,-1,9,slope,,,,,,,,-2.086871645479254,-3.755922216159143
interaction-d2,2,-1,10,slope,,,,,,,,-2.0869868104390092,-3.7488877042640887
interaction-d2,2,-1,11,slope,,,,,,,,-2.086330409884065,-3.75174070123757
interaction-d2,2,-1,12,slope,,,,,,,,-2.085760962175239,-3.758021205771648
interaction-d2,2,-1,13,slope,,,,,,,,-2.0867780331683763,-3.754798297228061
interaction-d2,2,-1,14,slope,,,,,,,,-2.086257078832435,-3.755117271433919
interaction-d2,2,-1,15,slope,,,,,,,,-2.086829885841077,-3.7502012890158634
interaction-d2,2,-1,16,slope,,,,,,,,-2.0860031441284543,-3.7560120812120297
interaction-d2,2,-1,17,slope,,,,,,,,-2.0857440815518866,-3.753475090179949
interaction-d2,2,-1,18,slope,,,,,,,,-2.088213011035565,-3.7485651844728256
interaction-d2,2,-1,19,slope,,,,,,,,-2.0872201120342635,-3.75010319149639
interaction-d2,2,-1,20,slope,,,,,,,,-2.0863526472849667,-3.755221846092744
interaction-d2,2,-1,21,slope,,,,,,,,-2.0863379802584427,-3.7479707911205593
interaction-d2,2,-1,22,slope,,,,,,,,-2.0872267318013584,-3.7522696925553407
interaction-d2,2,-1,23,slope,,,,,,,,-2.087911930751202,-3.7485002588386314
interaction-d2,2,-1,24,slope,,,,,,,,-2.0874715458758404,-3.751334417865762
interaction-d2,2,-1,25,slope,,,,,,,,-2.08619087042513,-3.756142977632016
interaction-d2,2,-1,26,slope,,,,,,,,-2.0854573002852907,-3.7567781905618736
interaction-d2,2,-1,27,slope,,,,,,,,-2.086739494976669,-3.754330572792638
interaction-d2,2,-1,28,slope,,,,,,,,-2.0868710818180944,-3.750539784771977
interaction-d2,2,-1,29,slope,,,,,,,,-2.0860878450478095,-3.7580382042400484
interaction-d2,2,-1,30,slope,,,,,,,,-2.0867275110016097,-3.7533771190216583
interaction-d2,2,-1,31,slope,,,,,,,,-2.0872803417316734,-3.752352839434347
interaction-d2,2,-1,32,slope,,,,,,,,-2.0884796852565763,-3.7380492582994806
interaction-d2,2,-1,33,slope,,,,,,,,-2.0888216113025515,-3.7394521227628283
interaction-d2,2,-1,34,slope,,,,,,,,-2.0865115366419635,-3.7530734535025747
interaction-d2,2,-1,35,slope,,,,,,,,-2.0871863592877515,-3.745689224445949
interaction-d2,2,-1,36,slope,,,,,,,,-2.087210372638689,-3.7425587936963467
interaction-d2,2,-1,37,slope,,,,,,,,-2.086697115160507,-3.7495623632560817
interaction-d2,2,-1,38,slope,,,,,,,,-2.0862568953463376,-3.7500316448523625
interaction-d2,2,-1,39,slope,,,,,,,,-2.0869044177296363,-3.7481785397917085
interaction-d2,2,-1,40,slope,,,,,,,,-2.086962474478305,-3.75237387539472
interaction-d2,2,-1,41,slope,,,,,,,,-2.0883913844061994,-3.7435052269682414
interaction-d2,2,-1,42,slope,,,,,,,,-2.086460019573991,-3.7495393023121317
interaction-d2,2,-1,43,slope,,,,,,,,-2.0872813974178785,-3.74260331569359
interaction-d2,2,-1,44,slope,,,,,,,,-2.0882444078152163,-3.7464011851215426
interaction-d2,2,-1,45,slope,,,,,,,,-2.0872281248026483,-3.7501459202718803
interaction-d2,2,-1,46,slope,,,,,,,,-2.0862841575633477,-3.7553008225787443
interaction-d2,2,-1,47,slope,,,,,,,,-2.087355045759172,-3.7400618470400424
interaction-d2,2,-1,48,slope,,,,,,,,-2.085864725054552,-3.756612892808167
interaction-d2,2,-1,49,slope,,,,,,,,-2.08866420420296,-3.734120688872139
